"","Sample Name","AD","ASD","Control","PD","Pred","True"
"1","ERR9452445",0.659149984960164,0.0726469464521478,0.192869251675445,0.0753338169122432,"AD","Control"
"2","ERR9452446",0.299755242451086,0.641988043019864,0.0108904158888699,0.0473662986401808,"ASD","Control"
"3","ERR9452447",0.180822037045286,0.299630622941422,0.354956271597624,0.164591068415668,"Control","AD"
"4","ERR9452448",0.109089721803818,0.290115089838489,0.406217954820572,0.194577233537121,"Control","Control"
"5","ERR9452449",0.419126226935196,0.357831860410958,0.0402406456962522,0.182801266957594,"AD","AD"
"6","ERR9452450",0.255107777234112,0.602610119312995,0.0445727248518359,0.097709378601057,"ASD","Control"
"7","ERR9452451",0.262101830174401,0.280723999689816,0.335687496562929,0.121486673572854,"Control","Control"
"8","ERR9452452",0.418367100615427,0.187332534808495,0.240483571241531,0.153816793334547,"AD","AD"
"9","ERR9452453",0.217368317012549,0.605768237099096,0.129100519272198,0.0477629266161563,"ASD","Control"
"10","ERR9452454",0.159785013318711,0.475444543813394,0.286582098097541,0.0781883447703538,"ASD","Control"
"11","ERR9452455",0.0769478454757014,0.532918072137531,0.350224250522961,0.0399098318638069,"ASD","AD"
"12","ERR9452456",0.0834557736519193,0.764001257965026,0.0388303745136543,0.1137125938694,"ASD","Control"
"13","ERR9452457",0.216594317195487,0.0629239914667073,0.390194973733576,0.33028671760423,"Control","Control"
"14","ERR9452458",0.0937098268418491,0.0229324637718249,0.68522659529813,0.198131114088196,"Control","Control"
"15","ERR9452459",0.131178742834096,0.587548657030614,0.133796815295298,0.147475784839991,"ASD","Control"
"16","ERR9452460",0.199683735474218,0.4563621353906,0.296730529906455,0.0472235992287271,"ASD","AD"
"17","ERR9452461",0.354213690866813,0.146803777742642,0.196674939832215,0.30230759155833,"AD","AD"
"18","ERR9452462",0.590691679997525,0.192936808118536,0.0437208277520902,0.172650684131849,"AD","AD"
"19","ERR9452463",0.149833276888421,0.164092128391038,0.660007712302376,0.0260668824181646,"Control","Control"
"20","ERR9452464",0.394914933849643,0.0700508052418987,0.46168804158436,0.0733462193240983,"Control","Control"
"21","ERR9452465",0.115646946648622,0.3798487319828,0.429985497239889,0.0745188241286899,"Control","Control"
"22","ERR9452466",0.433711778880492,0.244214326703545,0.259517924206785,0.0625559702091786,"AD","Control"
"23","ERR9452467",0.0538682789714504,0.492382193181329,0.351739214186165,0.102010313661056,"ASD","Control"
"24","ERR9452468",0.322262709458603,0.060382175881212,0.257786465003059,0.359568649657126,"PD","Control"
"25","ERR9452469",0.146250277967711,0.371517501357727,0.461955418211361,0.0202768024632003,"Control","Control"
"26","ERR9452470",0.201687452827316,0.265658708021876,0.294715091605063,0.237938747545745,"Control","Control"
"27","ERR9452471",0.365748211397212,0.0262739431278914,0.541505660752695,0.0664721847222011,"Control","Control"
"28","ERR9452472",0.228625305890844,0.134152703625166,0.488106715045035,0.149115275438954,"Control","AD"
"29","ERR9452473",0.347755682535328,0.238132589630663,0.140903980346256,0.273207747487753,"AD","AD"
"30","ERR9452474",0.486792340741293,0.0487682139517855,0.403689129714011,0.0607503155929109,"AD","AD"
"31","ERR9452475",0.405481783987095,0.197148965996038,0.354748453414947,0.0426207966019205,"AD","AD"
"32","ERR9452476",0.296570345752741,0.341906828250704,0.129292893518892,0.232229932477663,"ASD","Control"
"33","ERR9452477",0.234985429330594,0.199373252816375,0.462052618808642,0.10358869904439,"Control","AD"
"34","ERR9452478",0.310481206658203,0.196621633040731,0.214968682353519,0.277928477947547,"AD","AD"
"35","ERR9452479",0.457803337063059,0.0680122923666451,0.188476725192118,0.285707645378178,"AD","AD"
"36","ERR9452480",0.287935002089179,0.165192012342909,0.437158325014267,0.109714660553645,"Control","AD"
"37","ERR9452481",0.673464863633102,0.0435259380050247,0.053886884483429,0.229122313878445,"AD","Control"
"38","ERR9452482",0.433912116278971,0.0983431005002746,0.389528997370465,0.0782157858502898,"AD","AD"
"39","ERR9452483",0.542595392123626,0.102735617116225,0.190849010404905,0.163819980355243,"AD","AD"
"40","ERR9452484",0.140570682011716,0.187507470743311,0.279707926383539,0.392213920861434,"PD","Control"
"41","ERR9452485",0.578831465580654,0.0276018262173307,0.115164425826144,0.278402282375871,"AD","AD"
"42","ERR9452486",0.034428787639541,0.194850701031067,0.46109520527726,0.309625306052132,"Control","AD"
"43","ERR9452487",0.495060044274154,0.10385384427814,0.374144267022655,0.0269418444250518,"AD","AD"
"44","ERR9452488",0.40352460445745,0.051969251281222,0.0378970577274371,0.50660908653389,"PD","Control"
"45","ERR9452489",0.377190960033977,0.0558191872191945,0.298883227544673,0.268106625202156,"AD","AD"
"46","ERR9452490",0.36424946529792,0.241876050074498,0.15836846545734,0.235506019170243,"AD","AD"
"47","ERR9452491",0.444462679589187,0.213039063198039,0.188410671909652,0.154087585303122,"AD","AD"
"48","ERR9452492",0.151144809677647,0.323555926669158,0.361865409938521,0.163433853714674,"Control","AD"
"49","ERR9452493",0.0335033099988052,0.186897671277258,0.409675787780983,0.369923230942954,"Control","Control"
"50","ERR9452494",0.125653480765757,0.279355069030919,0.410196400062312,0.184795050141012,"Control","AD"
"51","SRR11825857",0.378132081857791,0.0807294876270173,0.463590045598034,0.077548384917158,"Control","AD"
"52","SRR11825858",0.30915638078691,0.0129088277204514,0.367454734320277,0.310480057172361,"Control","Control"
"53","SRR11825859",0.30271390428482,0.0310585436378759,0.520143046377662,0.146084505699642,"Control","Control"
"54","SRR11825860",0.268342992516656,0.27110570971639,0.130450137020058,0.330101160746896,"PD","Control"
"55","SRR11825861",0.272973646657795,0.230948092256894,0.302607572969701,0.19347068811561,"Control","Control"
"56","SRR11825862",0.323248875939526,0.169849554702727,0.285005474239341,0.221896095118406,"AD","AD"
"57","SRR11825863",0.116584146804124,0.249835789239253,0.472085528116592,0.161494535840031,"Control","Control"
"58","SRR11825864",0.24169356558469,0.229087969179269,0.204603371014157,0.324615094221884,"PD","Control"
"59","SRR11825865",0.0828905206735104,0.341998970859567,0.164517347232162,0.41059316123476,"PD","Control"
"60","SRR11825866",0.366891452498857,0.0684108161931436,0.456512083192025,0.108185648115975,"Control","Control"
"61","SRR11825867",0.115494366513421,0.328463965158641,0.386520048432264,0.169521619895674,"Control","Control"
"62","SRR11825868",0.288946369124818,0.43305174954616,0.0945365794155029,0.18346530191352,"ASD","Control"
"63","SRR11825869",0.122012123360701,0.159121066144759,0.526080564179065,0.192786246315475,"Control","Control"
"64","SRR11825870",0.0686484064102221,0.332092978328408,0.205832077658074,0.393426537603296,"PD","Control"
"65","SRR11825871",0.148440729553398,0.0491398061182126,0.689590415672463,0.112829048655927,"Control","Control"
"66","SRR11825872",0.291852300736722,0.0695711626388129,0.294795169630899,0.343781366993566,"PD","Control"
"67","SRR11825873",0.169515758439661,0.0390224704385116,0.419491029156041,0.371970741965786,"Control","AD"
"68","SRR11825874",0.039387210283953,0.0436328591186803,0.0557952822236501,0.861184648373717,"PD","Control"
"69","SRR11825875",0.0141938329371014,0.0271281776483625,0.905375563420946,0.0533024259935897,"Control","Control"
"70","SRR11825876",0.0843585347640178,0.139433104615401,0.084756881233915,0.691451479386666,"PD","Control"
"71","SRR11825877",0.203220411309849,0.188380463942234,0.437679052806998,0.170720071940919,"Control","Control"
"72","SRR11825878",0.312803687389498,0.0552708907296229,0.518398211775238,0.113527210105641,"Control","Control"
"73","SRR11825879",0.0363930599955945,0.127081699727928,0.692853657369094,0.143671582907383,"Control","Control"
"74","SRR11825880",0.216739654851227,0.164448760532429,0.41989839277739,0.198913191838954,"Control","Control"
"75","SRR11825881",0.163478138856721,0.115994129696082,0.0819523710444725,0.638575360402725,"PD","Control"
"76","SRR11825882",0.159703006970837,0.0611261480824991,0.694587255699189,0.0845835892474743,"Control","Control"
"77","SRR11825883",0.0524034716299029,0.16052536928333,0.650413468630623,0.136657690456144,"Control","Control"
"78","SRR11825884",0.483992705299191,0.215440812386218,0.111791538708931,0.18877494360566,"AD","AD"
"79","SRR11825885",0.233747921429722,0.0280397356528423,0.431038308090233,0.307174034827203,"Control","Control"
"80","SRR11825886",0.300793340472785,0.103353858631663,0.487042150200176,0.108810650695375,"Control","Control"
"81","SRR11825887",0.0954717567889527,0.163931278846495,0.16137667655246,0.579220287812092,"PD","Control"
"82","SRR11825888",0.217695008434728,0.0391455749059855,0.47898880608068,0.264170610578606,"Control","Control"
"83","SRR11825889",0.402879187761454,0.0465060946760279,0.459560837750582,0.0910538798119369,"Control","Control"
"84","SRR11825890",0.132533475671295,0.111325561844804,0.629407382034993,0.126733580448909,"Control","Control"
"85","SRR11825891",0.0661823704431701,0.652791729437124,0.13864290270463,0.142382997415075,"ASD","Control"
"86","SRR11825892",0.202033680015649,0.268567279215329,0.499798074689407,0.0296009660796152,"Control","Control"
"87","SRR11825893",0.0464799672831386,0.162845184458401,0.0588944191659606,0.7317804290925,"PD","Control"
"88","SRR11825894",0.0552962429673873,0.0965432940096245,0.556109677948772,0.292050785074217,"Control","Control"
"89","SRR11825895",0.22827513798219,0.230772236605001,0.244953667911689,0.295998957501121,"PD","AD"
"90","SRR11825896",0.562201589121095,0.300497820453437,0.0659635564603117,0.071337033965156,"AD","AD"
"91","SRR11825897",0.153135647156745,0.21577648184785,0.418415483658064,0.212672387337341,"Control","AD"
"92","SRR11825898",0.739750896757327,0.04422211815366,0.0530738485862461,0.162953136502767,"AD","AD"
"93","SRR11825899",0.433384534148095,0.297242970297453,0.0867293239381841,0.182643171616268,"AD","AD"
"94","SRR11825900",0.369822789430418,0.200451255402216,0.311157315595596,0.118568639571769,"AD","AD"
"95","SRR11825901",0.420900994618803,0.0749204275942336,0.366294467818378,0.137884109968585,"AD","AD"
"96","SRR11825902",0.532017877952438,0.21885748240765,0.124592674234435,0.124531965405478,"AD","AD"
"97","SRR11825903",0.142586699675011,0.208575266655796,0.428172319256392,0.220665714412801,"Control","AD"
"98","SRR11825904",0.0857432046977366,0.0977180542327741,0.705644657230846,0.110894083838643,"Control","AD"
"99","SRR11825905",0.0915335613734252,0.101448407161229,0.0299276934434747,0.777090338021871,"PD","AD"
"100","SRR11825906",0.088965667424367,0.103284769269486,0.607401912153315,0.200347651152832,"Control","AD"
"101","SRR11825907",0.494413547299448,0.144338158748982,0.0470788514991346,0.314169442452435,"AD","AD"
"102","SRR11825908",0.215087173699025,0.197141123577062,0.523957954099875,0.0638137486240392,"Control","AD"
"103","SRR11825909",0.403101385861475,0.195141392034087,0.189615677902599,0.21214154420184,"AD","AD"
"104","SRR11825910",0.204690869002282,0.285790655130266,0.389138719248824,0.120379756618629,"Control","AD"
"105","SRR11825911",0.194117697489171,0.151106332413543,0.381985555291347,0.272790414805939,"Control","AD"
"106","SRR11825912",0.531080987909711,0.314310886826043,0.0845793281621476,0.0700287971020978,"AD","AD"
"107","SRR11825913",0.271965773385705,0.117670882140245,0.44143248380522,0.16893086066883,"Control","AD"
"108","SRR11825914",0.297514120433821,0.0969222034104711,0.368110348624535,0.237453327531173,"Control","AD"
"109","SRR11825915",0.321942351046174,0.220480534653126,0.172756293104217,0.284820821196483,"AD","AD"
"110","SRR11825916",0.0176304913946322,0.234647812656921,0.711333982471308,0.0363877134771392,"Control","AD"
"111","SRR11825917",0.39905106123026,0.184426390790919,0.237311377262116,0.179211170716705,"AD","AD"
"112","SRR11825918",0.327858693496981,0.196179169113314,0.241372931979746,0.234589205409959,"AD","AD"
"113","SRR11825919",0.0496702542973299,0.3244517071389,0.377950879437958,0.247927159125812,"Control","AD"
"114","SRR11825920",0.118450696172249,0.306884387053052,0.204548030825208,0.370116885949491,"PD","AD"
"115","SRR11825921",0.0540235500289155,0.21743998514963,0.384144497307256,0.344391967514198,"Control","AD"
"116","SRR11825922",0.424263386496081,0.334605744521819,0.047478698955056,0.193652170027044,"AD","AD"
"117","SRR11825923",0.439716088030999,0.113877390499969,0.322667939716611,0.123738581752422,"AD","AD"
"118","SRR11825924",0.430508069230397,0.238141620050516,0.0598696014893024,0.271480709229784,"AD","AD"
"119","SRR11825925",0.404248729012811,0.19014583783044,0.229489971834308,0.176115461322441,"AD","AD"
"120","SRR11825926",0.132166539847416,0.199988683794337,0.619157800837308,0.0486869755209387,"Control","AD"
"121","SRR11825927",0.0847809763200181,0.0947437475447283,0.635284428092839,0.185190848042415,"Control","AD"
"122","SRR11825928",0.424804898370853,0.137084493202938,0.0815045653551721,0.356606043071037,"AD","AD"
"123","SRR11825929",0.219060848994324,0.624977654994755,0.0578440773169929,0.0981174186939276,"ASD","Control"
"124","SRR11825930",0.12298951923872,0.357703480619376,0.441369848690944,0.0779371514509605,"Control","AD"
"125","SRR11825931",0.0748382808616977,0.207082671638578,0.187377114150394,0.53070193334933,"PD","Control"
"126","SRR11825932",0.0356522247802563,0.608044545633882,0.179096288721364,0.177206940864498,"ASD","Control"
"127","SRR11825933",0.178343896558382,0.346428092538013,0.0435590314525749,0.43166897945103,"PD","Control"
"128","SRR11825934",0.362944305497785,0.0532366366882878,0.165495691681799,0.418323366132129,"PD","Control"
"129","SRR11825935",0.12817297738258,0.301053761724042,0.21270949027905,0.358063770614329,"PD","Control"
"130","SRR11825936",0.184639813597831,0.174346348902698,0.354133381988546,0.286880455510925,"Control","Control"
"131","SRR11825937",0.169382999048777,0.649104526131355,0.108940857072058,0.0725716177478097,"ASD","Control"
"132","SRR11825938",0.295585913728868,0.0560147509383039,0.568349807646794,0.0800495276860338,"Control","Control"
"133","SRR11825939",0.120841763001688,0.27716758946649,0.409241480680481,0.192749166851342,"Control","Control"
"134","SRR11825940",0.133559680010807,0.489763298307462,0.30567095084746,0.0710060708342714,"ASD","Control"
"135","SRR11825941",0.209157889891446,0.315814340184817,0.442763655674973,0.0322641142487628,"Control","AD"
"136","SRR11825942",0.037470600493535,0.648847958382188,0.290228402368088,0.0234530387561888,"ASD","Control"
"137","SRR11825943",0.155898515630854,0.265288866042994,0.368201425049889,0.210611193276263,"Control","Control"
"138","SRR11825944",0.0488043229770702,0.425630127664714,0.370016876106127,0.155548673252089,"ASD","Control"
"139","SRR11825945",0.25897898394348,0.0522857008976109,0.166059452713406,0.522675862445504,"PD","Control"
"140","SRR11825946",0.0875560260707085,0.157526530928672,0.235791195402294,0.519126247598326,"PD","Control"
"141","SRR11825947",0.0344850680079042,0.775405243983768,0.1360143669364,0.0540953210719276,"ASD","Control"
"142","SRR11825948",0.255556888288419,0.0554979448214502,0.177085927292992,0.511859239597139,"PD","Control"
"143","SRR11825949",0.0623170574672465,0.275231734520935,0.582713486701466,0.0797377213103525,"Control","Control"
"144","SRR11825950",0.319301794930835,0.146427762806323,0.372989483148544,0.161280959114297,"Control","Control"
"145","SRR11825951",0.266287006319758,0.0405618689135771,0.548387909378448,0.144763215388216,"Control","Control"
"146","SRR11825952",0.905218867350351,0.0390977180656137,0.0267666321603582,0.0289167824236768,"AD","AD"
"147","SRR11825953",0.0808452848676901,0.0678340967025215,0.261248308799397,0.590072309630391,"PD","Control"
"148","SRR11825954",0.262790835056073,0.0634582037463817,0.363838830767217,0.309912130430329,"Control","Control"
"149","SRR11825955",0.265736323364409,0.0858964920699892,0.596953758100786,0.0514134264648155,"Control","Control"
"150","SRR11825956",0.0620074354883039,0.104434397527558,0.384785540217674,0.448772626766465,"PD","Control"
"151","SRR11825957",0.0481967657466811,0.173915119243239,0.745688732883851,0.0321993821262287,"Control","Control"
"152","SRR11825958",0.34385996925152,0.157272727485318,0.310483720571625,0.188383582691537,"AD","Control"
"153","SRR11825959",0.0438535538378748,0.608267059261511,0.0236893632375529,0.324190023663061,"ASD","Control"
"154","SRR11825960",0.179375745405175,0.0592853480793318,0.405979219141717,0.355359687373776,"Control","Control"
"155","SRR11825961",0.14909002446065,0.0979640244217102,0.558957618957577,0.193988332160063,"Control","Control"
"156","SRR11825962",0.139460355458532,0.167322616043196,0.311127528447043,0.38208950005123,"PD","Control"
"157","SRR11825963",0.0631343400124052,0.535833184348042,0.239891661120745,0.161140814518807,"ASD","AD"
"158","SRR11825964",0.707120411960955,0.109845081008661,0.0554182562559892,0.127616250774395,"AD","Control"
"159","SRR11825965",0.115393854577248,0.0710640013663458,0.742556514179336,0.0709856298770701,"Control","Control"
"160","SRR11825966",0.0940457601422816,0.245691336364969,0.431281952012998,0.228980951479751,"Control","Control"
"161","SRR11825967",0.279859558367492,0.0977916003088856,0.235138852506144,0.387209988817479,"PD","Control"
"162","SRR11825968",0.106354849212247,0.247548561050387,0.489088690695958,0.157007899041408,"Control","Control"
"163","SRR11825969",0.126034714275312,0.560130678755924,0.238663075809422,0.075171531159342,"ASD","Control"
"164","SRR11825970",0.495846886326899,0.0514142059170039,0.401733582597319,0.0510053251587781,"AD","AD"
"165","SRR11825971",0.486758075246894,0.0866864713859234,0.17657633055202,0.249979122815163,"AD","AD"
"166","SRR11825972",0.495716087763597,0.0492413024564994,0.372634216077334,0.0824083937025689,"AD","AD"
"167","SRR11825973",0.233854105804243,0.249076903071162,0.0431096222040747,0.47395936892052,"PD","AD"
"168","SRR11825974",0.207396333994822,0.0769719784135058,0.115258432340697,0.600373255250975,"PD","AD"
"169","SRR11825975",0.118098478206863,0.326733323249759,0.392526984496282,0.162641214047095,"Control","AD"
"170","SRR11825976",0.0422205075070744,0.0543898598680863,0.551815243269626,0.351574389355213,"Control","AD"
"171","SRR11825977",0.39023418438119,0.197953376438748,0.349996716911895,0.061815722268168,"AD","AD"
"172","SRR11825978",0.333514452313157,0.275079886107435,0.170048740271668,0.22135692130774,"AD","AD"
"173","SRR11825979",0.318758133212291,0.146854809795656,0.359556227956671,0.174830829035383,"Control","AD"
"174","SRR11825980",0.328789425991899,0.148324782709718,0.243898590914552,0.27898720038383,"AD","AD"
"175","SRR11825981",0.0413892237525045,0.238732125829041,0.65390841283522,0.0659702375832345,"Control","AD"
"176","SRR11825982",0.891673437521171,0.0097239558405035,0.0732164581587617,0.0253861484795637,"AD","AD"
"177","SRR11825983",0.370759686774772,0.140131590156234,0.417813468955253,0.071295254113741,"Control","AD"
"178","SRR11825984",0.107831884293491,0.083299689254579,0.580147977131124,0.228720449320805,"Control","AD"
"179","SRR11825985",0.459186688112795,0.28024818401469,0.132597076650288,0.127968051222228,"AD","AD"
"180","SRR11825986",0.211194602163976,0.0566752913914864,0.689786589133225,0.0423435173113132,"Control","AD"
"181","SRR11825987",0.430149141858961,0.0109435602950287,0.490438742096907,0.0684685557491029,"Control","AD"
"182","SRR11825988",0.115877547973382,0.0783906330934427,0.622309844761713,0.183421974171462,"Control","AD"
"183","SRR11825989",0.648484905862801,0.137014652291201,0.0292891793321595,0.185211262513838,"AD","AD"
"184","SRR11825990",0.534130375308093,0.139566379434448,0.0781021605995336,0.248201084657925,"AD","AD"
"185","SRR11825991",0.550106160250831,0.267627076140846,0.0217240703567645,0.160542693251559,"AD","AD"
"186","SRR11825992",0.424426509950525,0.0239034786571278,0.518647363350805,0.0330226480415421,"Control","AD"
"187","SRR11825993",0.509309334301677,0.121440025959275,0.148226944436707,0.221023695302341,"AD","AD"
"188","SRR11825994",0.462226003720921,0.263961604886752,0.163956199328969,0.109856192063358,"AD","AD"
"189","SRR11825995",0.416449444750701,0.050882258717675,0.170185764162157,0.362482532369467,"AD","AD"
"190","SRR11825996",0.0777709943825447,0.499739899118301,0.228639859809802,0.193849246689352,"ASD","AD"
"191","SRR11825997",0.503198579086231,0.143205439709521,0.25091737084671,0.102678610357538,"AD","AD"
"192","SRR11825998",0.378757527363986,0.461028350325439,0.090000105433458,0.0702140168771171,"ASD","AD"
"193","SRR11825999",0.457046093317492,0.396512817603451,0.0681521218546432,0.0782889672244145,"AD","AD"
"194","SRR11826000",0.127473229979209,0.163750935252801,0.53211153669409,0.1766642980739,"Control","AD"
"195","SRR11826001",0.562072701909477,0.133558529161346,0.118269619292247,0.186099149636931,"AD","AD"
"196","SRR11826002",0.163651366523055,0.305707216990035,0.397830991981996,0.132810424504914,"Control","AD"
"197","SRR11826003",0.600179970036946,0.103721857781209,0.164708113992305,0.13139005818954,"AD","AD"
"198","SRR11826004",0.407178543546334,0.192461313402892,0.0834432626074999,0.316916880443274,"AD","AD"
"199","SRR11826005",0.429767998775408,0.179597251517838,0.259934275422735,0.130700474284019,"AD","AD"
"200","SRR11826006",0.516633446842245,0.0904759100875656,0.210430953534825,0.182459689535364,"AD","AD"
"201","SRR11826007",0.418354384951536,0.19037001250207,0.158042949585331,0.233232652961063,"AD","AD"
"202","SRR11826008",0.471142151019622,0.268964712859913,0.176910738618902,0.0829823975015629,"AD","AD"
"203","SRR11826009",0.361585591730928,0.119186726192431,0.32137505464546,0.19785262743118,"AD","AD"
"204","SRR11826010",0.343858382081876,0.151338243336335,0.216655909105962,0.288147465475827,"AD","AD"
"205","SRR11826011",0.62812378062705,0.0340468546191985,0.155893302315348,0.181936062438404,"AD","AD"
"206","SRR11826012",0.450656410824659,0.132603011841138,0.405162634468707,0.0115779428654961,"AD","AD"
"207","SRR11826013",0.465645901590074,0.259427406945259,0.0959165143802912,0.179010177084375,"AD","AD"
"208","SRR11826014",0.507102113823213,0.119532453967662,0.0288318302825782,0.344533601926547,"AD","AD"
"209","SRR11826015",0.43898287369697,0.388449741905874,0.0642001147920602,0.108367269605095,"AD","AD"
"210","SRR11826016",0.609908006543411,0.0926134086437096,0.155683937986269,0.141794646826611,"AD","AD"
"211","SRR11826017",0.517905484969592,0.0457737238857843,0.398010458753758,0.038310332390865,"AD","AD"
"212","SRR11826018",0.825388143613214,0.0309079848572834,0.0775147337411794,0.0661891377883229,"AD","AD"
"213","SRR11826019",0.0983151626554162,0.135246711193618,0.622730089271408,0.143708036879558,"Control","AD"
"214","SRR11826020",0.30610507384533,0.0846830198542953,0.385559556581933,0.223652349718442,"Control","AD"
"215","SRR11826021",0.550263420735944,0.131189968585618,0.282990973097435,0.0355556375810029,"AD","AD"
"216","SRR11826022",0.749111668838563,0.131236331286354,0.0771682442899863,0.0424837555850961,"AD","AD"
"217","SRR11826023",0.293738014972561,0.142338667954851,0.0898721580939931,0.474051158978594,"PD","AD"
"218","SRR11826024",0.482841061500959,0.219734502128755,0.252327003692441,0.0450974326778446,"AD","AD"
"219","SRR11826025",0.333237599092671,0.172050822435101,0.105462937520679,0.389248640951549,"PD","AD"
"220","SRR11826026",0.378268980776886,0.330126147959185,0.146273450839813,0.145331420424115,"AD","AD"
"221","SRR11826027",0.583216039240883,0.092588477486811,0.0745573501769507,0.249638133095355,"AD","AD"
"222","SRR16303365",0.309236603748441,0.131051433616155,0.117846938765595,0.441865023869809,"PD","Control"
"223","SRR16303453",0.145660845866675,0.398572796324202,0.319660511387989,0.136105846421134,"ASD","Control"
"224","SRR16303454",0.14959421048551,0.0538423479420029,0.61584737137265,0.180716070199838,"Control","Control"
"225","SRR16303455",0.300537944155575,0.192069204552659,0.372603189675202,0.134789661616564,"Control","Control"
"226","SRR16303456",0.145371932219303,0.239051507541114,0.228464443905909,0.387112116333673,"PD","Control"
"227","SRR16303457",0.351368302270885,0.0054925612307396,0.602421049514671,0.0407180869837051,"Control","Control"
"228","SRR16303458",0.0131603215794026,0.664821150664404,0.2176040740522,0.104414453703994,"ASD","Control"
"229","SRR16303459",0.149214971291905,0.0853037299988208,0.49010298830606,0.275378310403214,"Control","Control"
"230","SRR16303460",0.20885587960813,0.352097951614933,0.392538541562358,0.0465076272145783,"Control","Control"
"231","SRR16303462",0.131357759501912,0.351353588347212,0.404982040765889,0.112306611384987,"Control","Control"
"232","SRR16303463",0.0232930658015449,0.15399105878079,0.769543440916641,0.0531724345010237,"Control","Control"
"233","SRR16303464",0.322851014590288,0.0572505819546334,0.583416147526376,0.0364822559287024,"Control","Control"
"234","SRR16303465",0.236128218744949,0.101834220488381,0.506980204488495,0.155057356278175,"Control","Control"
"235","SRR16303466",0.212356112917603,0.197890965843324,0.313603180130554,0.276149741108519,"Control","Control"
"236","SRR16303467",0.067882515606797,0.354703631017754,0.163165903040813,0.414247950334636,"PD","Control"
"237","SRR16303468",0.118491054028872,0.625353571948403,0.0262761395500666,0.229879234472658,"ASD","Control"
"238","SRR16303469",0.0340100962865978,0.0920005588432255,0.579914504084112,0.294074840786064,"Control","Control"
"239","SRR16303470",0.0978735474460457,0.0505974440664771,0.0726713666801886,0.778857641807289,"PD","Control"
"240","SRR16303471",0.0919099879558975,0.200410075212118,0.0336557720959327,0.674024164736052,"PD","Control"
"241","SRR16303473",0.0691283204040336,0.0233696829637078,0.845337266080725,0.062164730551534,"Control","Control"
"242","SRR16303474",0.0579677215226318,0.104493751188872,0.534009208587453,0.303529318701043,"Control","Control"
"243","SRR16303475",0.192557078303659,0.204640721402659,0.454236277078726,0.148565923214956,"Control","Control"
"244","SRR16303476",0.141522839485292,0.0744278204829451,0.726036632736,0.0580127072957628,"Control","Control"
"245","SRR16303477",0.0873100060459438,0.142844317975233,0.715871091210688,0.0539745847681348,"Control","Control"
"246","SRR16303478",0.255318873984382,0.0405025703639205,0.599032634849522,0.105145920802175,"Control","Control"
"247","SRR16303479",0.312175035093543,0.157882006988596,0.448610439477408,0.0813325184404527,"Control","Control"
"248","SRR16303480",0.0640059754003281,0.030681769887078,0.854943996254382,0.050368258458212,"Control","Control"
"249","SRR16303481",0.0754231811351339,0.248501336247654,0.472354988498583,0.203720494118628,"Control","Control"
"250","SRR16303482",0.264298039279813,0.271198654781425,0.164009301029889,0.300494004908873,"PD","Control"
"251","SRR16303484",0.267691303230801,0.248222907771777,0.0175816732153767,0.466504115782045,"PD","Control"
"252","SRR16303485",0.350546881289229,0.103549974956057,0.451779138792507,0.0941240049622071,"Control","AD"
"253","SRR16303486",0.357208556934384,0.207688217979809,0.267824252890586,0.167278972195221,"AD","AD"
"254","SRR16303487",0.0594704813192041,0.210646905586137,0.657142229803479,0.0727403832911797,"Control","AD"
"255","SRR16303488",0.874349501388843,0.0480832440762152,0.064236917930422,0.0133303366045199,"AD","AD"
"256","SRR16303489",0.343855506577196,0.145668559799729,0.298625485603547,0.211850448019528,"AD","AD"
"257","SRR16303490",0.0813638510388982,0.151869743005959,0.42452961637175,0.342236789583393,"Control","AD"
"258","SRR16303491",0.403446749971877,0.0844390664194744,0.17608498382494,0.336029199783709,"AD","AD"
"259","SRR16303492",0.0762164269542454,0.332180735664115,0.186708275605677,0.404894561775963,"PD","AD"
"260","SRR16303493",0.0400095437281449,0.31919754664278,0.520952959937307,0.119839949691769,"Control","AD"
"261","SRR16303495",0.464112018094182,0.405154517695608,0.0818073010286759,0.0489261631815341,"AD","AD"
"262","SRR16303496",0.183505372710389,0.300462871767122,0.065182979229424,0.450848776293064,"PD","AD"
"263","SRR16303497",0.55429917430883,0.259499634669453,0.131534240977075,0.0546669500446418,"AD","AD"
"264","SRR16303498",0.129547423121954,0.0878747005123665,0.754389774918556,0.0281881014471241,"Control","AD"
"265","SRR16303499",0.111224057536798,0.305745075565222,0.498626676120844,0.0844041907771354,"Control","Control"
"266","SRR16303500",0.811283939184208,0.0309099985323753,0.0660300657571385,0.0917759965262779,"AD","AD"
"267","SRR16303501",0.727583791082156,0.166006606930801,0.0606647299960586,0.0457448719909841,"AD","AD"
"268","SRR16303502",0.320568640628157,0.204176614772261,0.20366737703249,0.271587367567092,"AD","AD"
"269","SRR16303503",0.168633116171197,0.162441492125351,0.575411039569111,0.0935143521343405,"Control","Control"
"270","SRR16303504",0.0533267754415889,0.0254825555324918,0.0348558892617407,0.886334779764179,"PD","Control"
"271","SRR16303506",0.248122163109978,0.201369383535005,0.299027547704491,0.251480905650526,"Control","AD"
"272","SRR16303507",0.735346621252069,0.144873553008626,0.0391104165615697,0.0806694091777356,"AD","AD"
"273","SRR16303508",0.525290937777674,0.440783331888069,0.0274663632106257,0.0064593671236319,"AD","AD"
"274","SRR16303509",0.591747733867515,0.035233652098458,0.0325863812752743,0.340432232758753,"AD","AD"
"275","SRR16303510",0.288936519871282,0.168086265624623,0.339295746170735,0.203681468333361,"Control","AD"
"276","SRR16303511",0.159013010472347,0.115320841980145,0.0518665514326105,0.673799596114897,"PD","AD"
"277","SRR16303512",0.182270281997828,0.0437934096885374,0.600703526589775,0.173232781723859,"Control","Control"
"278","SRR16303513",0.120440780532322,0.25235418623168,0.451134337940671,0.176070695295327,"Control","Control"
"279","SRR16303514",0.241212858996505,0.153953505222037,0.36469248507885,0.240141150702608,"Control","AD"
"280","SRR16303515",0.039606449570712,0.755905659361983,0.172606909398241,0.0318809816690648,"ASD","Control"
"281","SRR16303517",0.554115066079898,0.235144803893383,0.0337005484232454,0.177039581603473,"AD","AD"
"282","SRR16303518",0.122733728605409,0.068476390658402,0.687162281750098,0.12162759898609,"Control","Control"
"283","SRR16303520",0.14463022033959,0.299144713949026,0.399793136227604,0.15643192948378,"Control","AD"
"284","SRR16303521",0.178965006788135,0.0240004688276285,0.625436581623213,0.171597942761023,"Control","Control"
"285","SRR16303522",0.108473506678573,0.193727062228592,0.51680459767453,0.180994833418305,"Control","Control"
"286","SRR16303523",0.432385945585883,0.362399964719055,0.0497380625942258,0.155476027100836,"AD","AD"
"287","SRR16303524",0.446520713720637,0.10657498670314,0.207810183870689,0.239094115705535,"AD","Control"
"288","SRR16303525",0.459909195201544,0.0705207869249774,0.206659391957641,0.262910625915837,"AD","AD"
"289","SRR16303526",0.589721390814398,0.0949637993730993,0.0619625892926184,0.253352220519884,"AD","AD"
"290","SRR16303528",0.0262046544930076,0.261637578940222,0.587049855244464,0.125107911322306,"Control","Control"
"291","SRR16303529",0.270054695192762,0.0251654330530512,0.571521127742377,0.133258744011809,"Control","AD"
"292","SRR16303530",0.63961802578998,0.0611905432994741,0.142338232216194,0.156853198694352,"AD","AD"
"293","SRR16303531",0.39539052942158,0.0408895945475215,0.0920793032170093,0.471640572813889,"PD","Control"
"294","SRR16303532",0.819676679996174,0.0269199651010991,0.108931513871207,0.04447184103152,"AD","AD"
"295","SRR16303533",0.421625006604482,0.0667084811725864,0.0236473244973172,0.488019187725615,"PD","Control"
"296","SRR16303534",0.544494039581199,0.297540583513577,0.030580150627683,0.127385226277541,"AD","AD"
"297","SRR16303535",0.0503383773395687,0.408098994789104,0.46101599433641,0.0805466335349179,"Control","AD"
"298","SRR16303536",0.152370594865034,0.130118055027357,0.561666665192337,0.155844684915273,"Control","AD"
"299","SRR16303537",0.0961725928847867,0.179209337116336,0.431331741241787,0.293286328757091,"Control","Control"
"300","SRR16303539",0.205949721607364,0.162102337418918,0.497196424036789,0.134751516936929,"Control","Control"
"301","SRR16303540",0.178522837773893,0.349129729061002,0.438546703752386,0.0338007294127193,"Control","Control"
"302","SRR16303541",0.105108092923051,0.0869252266666829,0.671856187587919,0.136110492822347,"Control","AD"
"303","SRR16303542",0.0323218179276167,0.68852572233549,0.0407151410530048,0.238437318683889,"ASD","Control"
"304","SRR16303543",0.428403106502861,0.272553209730464,0.249162028428699,0.0498816553379757,"AD","AD"
"305","SRR16303544",0.123274501090019,0.370094614106277,0.197115782668772,0.309515102134931,"ASD","Control"
"306","SRR16303545",0.391335460664076,0.198859993740012,0.141806271253309,0.267998274342602,"AD","AD"
"307","SRR16303547",0.741734664672118,0.0916320433036988,0.0426051926912889,0.124028099332894,"AD","AD"
"308","SRR16303548",0.41482790293119,0.0467819461453999,0.208938228428373,0.329451922495037,"AD","AD"
"309","SRR16303550",0.724563392081634,0.150505791588054,0.0630701738416078,0.061860642488704,"AD","AD"
"310","SRR16303551",0.254095740418162,0.138869855520206,0.515293771966942,0.0917406320946905,"Control","AD"
"311","SRR16303552",0.670549006228216,0.0566824566215949,0.0899364399088173,0.182832097241372,"AD","AD"
"312","SRR16303553",0.0351637860975012,0.0841318762586117,0.559798748252971,0.320905589390916,"Control","Control"
"313","SRR16303554",0.12121597391555,0.180599772805865,0.0569485797175261,0.641235673561059,"PD","Control"
"314","SRR16303555",0.29204685853988,0.0156493243124623,0.628821982624309,0.0634818345233487,"Control","AD"
"315","SRR16303556",0.392919200297653,0.232018060383642,0.175699037006065,0.19936370231264,"AD","AD"
"316","SRR16303557",0.209273429489524,0.316211088563911,0.0138162123411567,0.460699269605408,"PD","AD"
"317","SRR16303558",0.0495192142680722,0.0544153197905189,0.861401794289235,0.0346636716521735,"Control","Control"
"318","SRR16303559",0.390949570499646,0.0742438165070202,0.0815823961775744,0.45322421681576,"PD","Control"
"319","SRR18175957",0.414385611705017,0.0607831314028428,0.159012885820752,0.365818371071388,"AD","AD"
"320","SRR18175958",0.144002500386007,0.220325124034341,0.459119732350501,0.176552643229151,"Control","AD"
"321","SRR18175959",0.755511592646213,0.0612251138860942,0.140194913645835,0.0430683798218577,"AD","AD"
"322","SRR18175960",0.0156835310310648,0.847174492443204,0.109172967146428,0.0279690093793032,"ASD","Control"
"323","SRR18175961",0.026626589297056,0.0957325807964769,0.583516205693688,0.294124624212779,"Control","Control"
"324","SRR18175962",0.423532253810311,0.213514051531566,0.0757645503344836,0.287189144323639,"AD","AD"
"325","SRR18175963",0.519229948875481,0.239699484939807,0.0994363476957155,0.141634218488996,"AD","Control"
"326","SRR18175964",0.0843418192082076,0.136659183612984,0.449693906299456,0.329305090879352,"Control","Control"
"327","SRR18175965",0.250432295973005,0.321143322809451,0.37581743871591,0.0526069425016339,"Control","Control"
"328","SRR18175966",0.334990698288368,0.0794489080274066,0.0709601282978191,0.514600265386407,"PD","Control"
"329","SRR18175967",0.388179149616151,0.0423770831083343,0.440520042595419,0.128923724680096,"Control","Control"
"330","SRR18175968",0.152280926442033,0.174479382753691,0.362082855938149,0.311156834866127,"Control","Control"
"331","SRR18175969",0.228110251238764,0.522039803675194,0.110222424133168,0.139627520952874,"ASD","Control"
"332","SRR18175970",0.225416774952064,0.127294470114198,0.483515103061982,0.163773651871756,"Control","Control"
"333","SRR18175971",0.236334038893769,0.0952265543584614,0.588995782236804,0.0794436245109655,"Control","Control"
"334","SRR18175972",0.205851389498474,0.124038002426876,0.439686436829185,0.230424171245465,"Control","Control"
"335","SRR18175973",0.447446635080657,0.35513400351477,0.136966908114437,0.0604524532901362,"AD","AD"
"336","SRR18175974",0.0417708332540223,0.308179629952924,0.587340729541705,0.0627088072513492,"Control","Control"
"337","SRR18175975",0.0383528798747314,0.0355125308337445,0.517866236410436,0.408268352881088,"Control","Control"
"338","SRR18175976",0.163111363653238,0.0218087624792307,0.578528090293488,0.236551783574043,"Control","Control"
"339","SRR18175977",0.145634411255909,0.169972715463958,0.495218012486037,0.189174860794096,"Control","Control"
"340","SRR18175978",0.151387076681284,0.131389671991579,0.480691473438816,0.236531777888321,"Control","Control"
"341","SRR18175979",0.167459111460252,0.444362865764877,0.258402420513057,0.129775602261814,"ASD","Control"
"342","SRR18175980",0.25271567376199,0.0709135441632199,0.492527547536358,0.183843234538432,"Control","Control"
"343","SRR18175981",0.113741248863709,0.282505239545985,0.426756143605846,0.17699736798446,"Control","Control"
"344","SRR18175982",0.0546790190985095,0.864117848195074,0.0311928687118288,0.0500102639945872,"ASD","Control"
"345","SRR18175983",0.214262946271241,0.231318725656624,0.353010336466844,0.201407991605292,"Control","Control"
"346","SRR18175984",0.423903782958638,0.321976262462084,0.0756017929287301,0.178518161650548,"AD","AD"
"347","SRR18175985",0.17445539214469,0.181494734109561,0.452795259932679,0.191254613813071,"Control","Control"
"348","SRR18175986",0.436830505054187,0.0972773158820668,0.10479853970427,0.361093639359476,"AD","Control"
"349","SRR18175987",0.254088465483133,0.210237508138762,0.330879674546253,0.204794351831853,"Control","Control"
"350","SRR18175988",0.118691231696197,0.180803012623537,0.0121447703095607,0.688360985370706,"PD","Control"
"351","SRR18175989",0.179851223695707,0.345890695428674,0.396695912189951,0.0775621686856673,"Control","Control"
"352","SRR18175990",0.292578082565604,0.215813805167189,0.385164664220301,0.106443448046906,"Control","Control"
"353","SRR18175991",0.199616400566214,0.319522900784608,0.441323815910617,0.039536882738561,"Control","Control"
"354","SRR18175992",0.200874819048052,0.245496845986087,0.15676055770419,0.396867777261672,"PD","Control"
"355","SRR18175993",0.263532585220229,0.200749176505886,0.483264642098262,0.0524535961756227,"Control","Control"
"356","SRR18175994",0.189971786868581,0.134449855093905,0.511569286852414,0.1640090711851,"Control","Control"
"357","SRR18175995",0.152245029835813,0.0773572091421298,0.672751835540881,0.0976459254811757,"Control","AD"
"358","SRR18175996",0.0825736043620188,0.333290756812283,0.529996675750571,0.0541389630751269,"Control","Control"
"359","SRR18175997",0.271325748350414,0.138305502164599,0.329782373178771,0.260586376306216,"Control","Control"
"360","SRR18175998",0.0671826846379868,0.622100285687806,0.199098556633682,0.111618473040525,"ASD","Control"
"361","SRR18175999",0.00939913120609491,0.102047559180569,0.0636131608274821,0.824940148785854,"PD","Control"
"362","SRR18176000",0.107947578556381,0.0235461716644755,0.61772263796307,0.250783611816073,"Control","Control"
"363","SRR18176001",0.169707433836932,0.311308414743029,0.452832727676128,0.0661514237439105,"Control","Control"
"364","SRR18176002",0.0664057282107078,0.116816395225061,0.499220335944809,0.317557540619422,"Control","Control"
"365","SRR18176003",0.0244126794744827,0.178563805843057,0.325119222665213,0.471904292017247,"PD","Control"
"366","SRR18176004",0.107622959356222,0.115413317368094,0.639331590031513,0.137632133244171,"Control","Control"
"367","SRR18176005",0.120078372748494,0.149397178297801,0.514911549552023,0.215612899401682,"Control","Control"
"368","SRR18176006",0.138843473189429,0.170419305107668,0.143082609582126,0.547654612120777,"PD","AD"
"369","SRR18176007",0.0923884230049391,0.270062777896806,0.373714976149866,0.263833822948389,"Control","Control"
"370","SRR18176008",0.0991279731849641,0.103607387164832,0.762038391504603,0.0352262481456013,"Control","AD"
"371","SRR18176009",0.351417819729313,0.266927871086243,0.304884861692339,0.0767694474921055,"AD","AD"
"372","SRR18176010",0.481584682186716,0.201605819893269,0.246181974383348,0.0706275235366666,"AD","AD"
"373","SRR18176011",0.518323488514904,0.0961142946705737,0.311205447858796,0.0743567689557269,"AD","AD"
"374","SRR18176012",0.309960088348174,0.277197810407175,0.151344009381363,0.261498091863288,"AD","AD"
"375","SRR18176013",0.796249632242329,0.0349085157732794,0.0895066714206831,0.0793351805637082,"AD","AD"
"376","SRR18176014",0.417935293508365,0.310381826044552,0.107646483803607,0.164036396643475,"AD","AD"
"377","SRR18176015",0.113653182658728,0.10332236666471,0.712519241906821,0.0705052087697407,"Control","AD"
"378","SRR18176016",0.379808554592548,0.0474900429012538,0.332094411450526,0.240606991055672,"AD","AD"
"379","SRR18176017",0.127975875712703,0.121694950009229,0.547067070285049,0.203262103993019,"Control","AD"
"380","SRR18176018",0.33629941467808,0.273440383012666,0.172467828029117,0.217792374280136,"AD","AD"
"381","SRR18176019",0.19170882579932,0.206869196110625,0.448549133493499,0.152872844596556,"Control","AD"
"382","SRR18176020",0.75114349262912,0.0792819452549565,0.0321975598690568,0.137377002246867,"AD","AD"
"383","SRR18176021",0.538179536531271,0.283011779127767,0.0643029724914601,0.114505711849501,"AD","AD"
"384","SRR18176022",0.409190687782926,0.10044701516693,0.319160039642838,0.171202257407306,"AD","AD"
"385","SRR18176023",0.16087894975928,0.141944239002968,0.490641334073266,0.206535477164486,"Control","AD"
"386","SRR18176024",0.452793906358724,0.213010507716214,0.157860323251604,0.176335262673458,"AD","AD"
"387","SRR18176025",0.153226412200677,0.479443930510437,0.232433208673193,0.134896448615694,"ASD","AD"
"388","SRR18176026",0.409238041479897,0.0977185886231722,0.276981559883153,0.216061810013778,"AD","AD"
"389","SRR18176027",0.621957448974266,0.111397723501105,0.0377505557839486,0.22889427174068,"AD","AD"
"390","SRR18176028",0.411161235917818,0.258136620677421,0.188196828596774,0.142505314807988,"AD","AD"
"391","SRR18176029",0.255112790350238,0.214439580119741,0.401768624239425,0.128679005290596,"Control","AD"
"392","SRR18176030",0.192720518094701,0.134794270595663,0.601593074793043,0.0708921365165928,"Control","AD"
"393","SRR18176031",0.136543560849142,0.0707683990014568,0.574219921904512,0.218468118244889,"Control","AD"
"394","SRR18176032",0.0833205975269785,0.295853716967755,0.402586601568495,0.218239083936771,"Control","AD"
"395","SRR18176033",0.113130322630782,0.804325810071847,0.0346527755798548,0.047891091717516,"ASD","AD"
"396","SRR18176034",0.4247427090311,0.113458552882546,0.135936964951152,0.325861773135201,"AD","AD"
"397","SRR18176035",0.298875417221661,0.272977973488828,0.371956154872169,0.0561904544173418,"Control","AD"
"398","SRR18176036",0.472712322841433,0.0586964909208793,0.0663645250010069,0.402226661236681,"AD","AD"
"399","SRR18176037",0.071114215497411,0.155109986981173,0.0182143995409144,0.755561397980502,"PD","AD"
"400","SRR18176038",0.163139895199159,0.310293738136266,0.135562991823479,0.391003374841095,"PD","AD"
"401","SRR18176039",0.37320848352139,0.143465733595137,0.191468554311308,0.291857228572165,"AD","AD"
"402","SRR18176040",0.49937709644198,0.305083363870496,0.0231904356095873,0.172349104077936,"AD","AD"
"403","SRR7811020",0.311033391233675,0.200347609371714,0.108061059185076,0.380557940209535,"PD","Control"
"404","SRR7811021",0.236163639901086,0.0136721735243606,0.700613994367217,0.0495501922073361,"Control","Control"
"405","SRR7811022",0.2077290000343,0.134859871002165,0.472660635898998,0.184750493064537,"Control","Control"
"406","SRR7811023",0.327146533463066,0.239274665455937,0.252971716457787,0.180607084623211,"AD","Control"
"407","SRR7811024",0.0654695997695947,0.116559856838083,0.485314756611671,0.332655786780651,"Control","Control"
"408","SRR7811025",0.0261088157482675,0.0397038013398957,0.600649569471887,0.333537813439949,"Control","Control"
"409","SRR7811026",0.0267898099910624,0.206049167386363,0.33649361344892,0.430667409173655,"PD","Control"
"410","SRR7811027",0.331158891100729,0.0494234251335614,0.519126987879986,0.100290695885723,"Control","Control"
"411","SRR7811028",0.0203674256880871,0.140328172415197,0.612626985184577,0.226677416712139,"Control","Control"
"412","SRR7811029",0.0566766376203147,0.0429053632141441,0.824157314715981,0.0762606844495603,"Control","Control"
"413","SRR7811061",0.0687761899587695,0.381614675050395,0.462787624477499,0.0868215105133371,"Control","Control"
"414","SRR7811062",0.0689174687991907,0.426734997556548,0.174795218164892,0.329552315479369,"ASD","Control"
"415","SRR7811063",0.0881894045909971,0.284793120738712,0.601289139325349,0.0257283353449419,"Control","Control"
"416","SRR7811064",0.158403010853309,0.582205140080359,0.0628344850721011,0.196557363994231,"ASD","Control"
"417","SRR7811065",0.195863087340291,0.446869025634488,0.239095295437713,0.118172591587507,"ASD","Control"
"418","SRR7811066",0.254617012054706,0.20613482575346,0.351090652384848,0.188157509806986,"Control","Control"
"419","SRR7811067",0.154657284585474,0.125545580250121,0.437945433573819,0.281851701590585,"Control","Control"
"420","SRR7811068",0.280206981174709,0.275205243902356,0.393449822325177,0.0511379525977578,"Control","Control"
"421","SRR7811069",0.0910416188181179,0.116098068580435,0.661624452459229,0.131235860142218,"Control","Control"
"422","SRR7811070",0.322290732243876,0.0606374228357566,0.421822525841688,0.195249319078679,"Control","Control"
"423","SRR7811079",0.130062098487321,0.437960169252484,0.222489858028545,0.20948787423165,"ASD","Control"
"424","SRR7811083",0.0471862940818918,0.626871663367129,0.270566050331075,0.055375992219905,"ASD","Control"
"425","SRR7811084",0.0465329220427223,0.0686796167151985,0.0625447388248839,0.822242722417195,"PD","Control"
"426","SRR7811085",0.254355162746258,0.331542802315847,0.161904729590991,0.252197305346904,"ASD","Control"
"427","SRR7811086",0.0272973464292288,0.221620495326063,0.341242390868679,0.409839767376029,"PD","Control"
"428","SRR7811097",0.233614371926757,0.0583903415841433,0.391316911373491,0.31667837511561,"Control","Control"
"429","SRR7811108",0.185331272783301,0.453548105346061,0.060882761015548,0.30023786085509,"ASD","Control"
"430","SRR7811111",0.0892016583221382,0.354003549082027,0.1512714637641,0.405523328831735,"PD","AD"
"431","SRR7811112",0.531805193809857,0.116655377436106,0.0985578449401375,0.2529815838139,"AD","AD"
"432","SRR7811113",0.73239174497936,0.0366940966806038,0.0667955505602676,0.164118607779768,"AD","AD"
"433","SRR7811114",0.316875602263945,0.228297379268647,0.219359804445213,0.235467214022195,"AD","AD"
"434","SRR7811115",0.279207079291957,0.280892108819057,0.346930903998494,0.0929699078904921,"Control","AD"
"435","SRR7811116",0.362258029710595,0.0760610273073882,0.255967204978309,0.305713738003707,"AD","AD"
"436","SRR7811117",0.770036241948202,0.0578093653917208,0.117208802588958,0.0549455900711193,"AD","AD"
"437","SRR7811118",0.381693242662432,0.293346583540787,0.270249376786057,0.0547107970107233,"AD","AD"
"438","SRR7811119",0.104674808774917,0.107422995013515,0.602137729295508,0.185764466916059,"Control","AD"
"439","SRR7811120",0.469294167214683,0.0621119921243803,0.401659791379048,0.0669340492818879,"AD","AD"
"440","SRR7811154",0.0813729405489964,0.112294561185894,0.561349539680315,0.244982958584795,"Control","Control"
"441","SRR7811155",0.187214222400836,0.295298613112648,0.357091144317109,0.160396020169407,"Control","Control"
"442","SRR7811156",0.555676203729818,0.0587250888275701,0.20134030245552,0.184258404987092,"AD","AD"
"443","SRR7811157",0.77740015977048,0.0401830142364437,0.0574129581236713,0.125003867869405,"AD","AD"
"444","SRR7811158",0.388345268790826,0.274391628303323,0.0712381900006792,0.266024912905172,"AD","AD"
"445","SRR7811159",0.0872528030356182,0.0527428189543225,0.7977396921766,0.0622646858334591,"Control","AD"
"446","SRR7811160",0.152038206709983,0.124762481593912,0.323181535777419,0.400017775918686,"PD","AD"
"447","SRR7811161",0.556088570773451,0.213736352530247,0.0792714033032995,0.150903673393003,"AD","AD"
"448","SRR7811162",0.477193201933934,0.0129410709110868,0.18132793531826,0.328537791836719,"AD","AD"
"449","SRR7811163",0.406095408201757,0.254473014791245,0.228061402525011,0.111370174481987,"AD","AD"
"450","SRR7811164",0.34539391414249,0.177574757013264,0.265241995896538,0.211789332947709,"AD","AD"
"451","SRR7811165",0.598894182549547,0.0667695320836817,0.269530126572568,0.0648061587942033,"AD","AD"
"452","SRR7811176",0.108685499390255,0.240208479558542,0.528525251247234,0.122580769803969,"Control","Control"
"453","SRR7811177",0.497299803853145,0.291954018037652,0.093145967313744,0.117600210795459,"AD","AD"
"454","SRR7811178",0.397501965478617,0.112772201415398,0.464050985105499,0.0256748480004862,"Control","AD"
"455","SRR7811179",0.513941096923416,0.13422089978719,0.128956665605271,0.222881337684124,"AD","AD"
"456","SRR7811180",0.579327062299651,0.151900036825483,0.0749838276713136,0.193789073203553,"AD","AD"
"457","SRR7811181",0.370310180989197,0.316362629944084,0.22255317030461,0.0907740187621091,"AD","AD"
"458","SRR7811182",0.594382234671159,0.237566832175096,0.0315214902743126,0.136529442879432,"AD","AD"
"459","SRR7811183",0.0908927657572762,0.153017574378762,0.613224197132603,0.142865462731359,"Control","AD"
"460","SRR7811184",0.582721670319859,0.0222601603382997,0.162274753095565,0.232743416246277,"AD","AD"
"461","SRR7811185",0.421431122752709,0.308604951760534,0.193014280348545,0.0769496451382125,"AD","AD"
"462","SRR7811186",0.250946279814571,0.543547124904516,0.080869357747949,0.124637237532964,"ASD","AD"
"463","SRR9671446",0.0331372392559285,0.594266299796211,0.141586632195914,0.231009828751946,"ASD","Control"
"464","SRR9671447",0.00715089141023952,0.048612482373542,0.905691104327778,0.0385455218884406,"Control","Control"
"465","SRR9671448",0.278227938357872,0.450575142536215,0.182013388022988,0.0891835310829249,"ASD","Control"
"466","SRR9671449",0.129363232474436,0.286267674326323,0.535781268457056,0.0485878247421862,"Control","Control"
"467","SRR9671450",0.0666049145066826,0.347645157836326,0.092524343997496,0.493225583659495,"PD","Control"
"468","SRR9671451",0.133620992876384,0.105335624353241,0.610849253122629,0.150194129647746,"Control","Control"
"469","SRR9671452",0.199911562144709,0.321866868694397,0.371612234104371,0.106609335056523,"Control","Control"
"470","SRR9671453",0.0889025480740652,0.0900016479935881,0.738660169689856,0.0824356342424902,"Control","Control"
"471","SRR9671454",0.298715315377643,0.449478168236549,0.166942389060992,0.0848641273248157,"ASD","Control"
"472","SRR9671455",0.0332489177296528,0.0393051894508673,0.825127216122234,0.102318676697246,"Control","Control"
"473","SRR9671456",0.188701315090427,0.274057887479,0.393754689576038,0.143486107854536,"Control","Control"
"474","SRR9671457",0.0668849731849927,0.263899404901317,0.576966479490131,0.0922491424235593,"Control","Control"
"475","SRR9671458",0.439559623333438,0.206318922545569,0.0995413273950552,0.254580126725938,"AD","AD"
"476","SRR9671459",0.301776788265094,0.235445276576801,0.218366713450476,0.24441122170763,"AD","AD"
"477","SRR9671460",0.434763567947103,0.218023740811131,0.290696551873796,0.0565161393679703,"AD","AD"
"478","SRR9671461",0.0643654651365701,0.356712428028681,0.418365353703827,0.160556753130922,"Control","Control"
"479","SRR9671462",0.137351768966432,0.439270716916214,0.0965880945898678,0.326789419527486,"ASD","Control"
"480","SRR9671463",0.0851483072269632,0.201975281091726,0.646347721691794,0.0665286899895167,"Control","Control"
"481","SRR9671464",0.188795762583045,0.042371585593746,0.0291913024558578,0.739641349367351,"PD","Control"
"482","SRR9671465",0.218710817325079,0.123122924228423,0.588842724345934,0.0693235341005649,"Control","Control"
"483","SRR9671466",0.30207596467654,0.163421235071006,0.453655567621545,0.0808472326309082,"Control","Control"
"484","SRR9671467",0.364991781155112,0.096881198301746,0.462117863078709,0.0760091574644329,"Control","Control"
"485","SRR9671468",0.196394330770187,0.429593691652256,0.324135938395157,0.0498760391823996,"ASD","Control"
"486","SRR9671469",0.079465948665435,0.787237120229921,0.0889058906966275,0.0443910404080167,"ASD","Control"
"487","SRR9671470",0.129330649786135,0.259975055632376,0.0938873594829078,0.516806935098581,"PD","Control"
"488","SRR9671471",0.205252470093453,0.0532456960634072,0.479336107123316,0.262165726719824,"Control","Control"
"489","SRR9671472",0.0615714559459778,0.297597398128481,0.401370213651743,0.239460932273798,"Control","Control"
"490","SRR9671473",0.0910212651469223,0.108152022749175,0.580323646126837,0.220503065977065,"Control","Control"
"491","SRR9671474",0.231388232225337,0.0821574425346745,0.589447004805473,0.0970073204345148,"Control","Control"
"492","SRR9671475",0.197270912003052,0.373790059903751,0.323745668610585,0.105193359482613,"ASD","Control"
"493","SRR9671476",0.0584396213888223,0.17025208507792,0.416491603126363,0.354816690406895,"Control","Control"
"494","SRR9671477",0.152464456946305,0.663158469239906,0.135800628430389,0.0485764453834004,"ASD","Control"
"495","SRR9671478",0.215876010905478,0.162473376961441,0.546284636888408,0.075365975244673,"Control","Control"
"496","SRR9671479",0.0164235396505438,0.265778773092545,0.291465152634623,0.426332534622288,"PD","Control"
"497","SRR9671480",0.233242865864639,0.026512497070632,0.61361632641363,0.126628310651099,"Control","Control"
"498","SRR9671481",0.107974035747835,0.275672198500505,0.554601478000349,0.0617522877513105,"Control","Control"
"499","SRR9671482",0.049171888004155,0.132785013203149,0.0361198342437153,0.781923264548981,"PD","Control"
"500","SRR9671483",0.11949660620537,0.595725644407896,0.014895766688839,0.269881982697895,"ASD","Control"
"501","SRR9671484",0.504564003525505,0.123837717320914,0.201223859087658,0.170374420065923,"AD","Control"
"502","SRR9671485",0.280443808066256,0.0674383999890145,0.540616536635348,0.111501255309382,"Control","Control"
"503","SRR9671486",0.475697486362078,0.211676877989934,0.209541913659289,0.103083721988699,"AD","AD"
"504","SRR9671487",0.608765294625693,0.041276176297644,0.0474923266127075,0.302466202463956,"AD","AD"
"505","SRR9671488",0.492840089333614,0.235744647506979,0.140975244826584,0.130440018332822,"AD","AD"
"506","SRR9671489",0.370485029019506,0.202965779716179,0.234216847924661,0.192332343339655,"AD","AD"
"507","SRR9671490",0.442730852392699,0.345292584508072,0.187152057830932,0.0248245052682972,"AD","AD"
"508","SRR9671491",0.444440494580738,0.378551790281625,0.034124425155579,0.142883289982058,"AD","AD"
"509","SRR9671492",0.120620054287358,0.273342262816433,0.398848496297303,0.207189186598905,"Control","AD"
"510","SRR9671493",0.524443126550099,0.00825705478205572,0.0151148198879394,0.452184998779906,"AD","AD"
"511","SRR9671494",0.135333908608483,0.0534087520277385,0.444920589191479,0.366336750172299,"Control","AD"
"512","SRR9671495",0.748252470153666,0.0729172497688826,0.0450385658373497,0.133791714240101,"AD","AD"
"513","SRR9671496",0.48698710406171,0.284269937419718,0.15668387454678,0.0720590839717925,"AD","AD"
"514","SRR9671497",0.0459753729720095,0.222101568643577,0.127865469671306,0.604057588713107,"PD","AD"
"515","SRR9671498",0.142589114405076,0.135021370781809,0.176845754324244,0.545543760488871,"PD","AD"
"516","SRR9671499",0.691399627832799,0.0718678063407016,0.0415152129078101,0.195217352918689,"AD","AD"
"517","SRR9671500",0.490076669423717,0.0375660841505288,0.0473897813029933,0.424967465122761,"AD","AD"
"518","SRR9671501",0.425496461178507,0.200007159159465,0.290122794672451,0.0843735849895773,"AD","AD"
"519","SRR9671502",0.344246757272309,0.289553356086033,0.201597730096389,0.164602156545268,"AD","AD"
"520","SRR9671503",0.406693952772579,0.315299200246277,0.153705675231228,0.124301171749915,"AD","AD"
"521","SRR9671504",0.310402779694906,0.499318894576904,0.110136118827896,0.0801422069002939,"ASD","AD"
"522","SRR9671505",0.762847861530234,0.0230494794443535,0.0625727035078233,0.151529955517589,"AD","AD"
"523","SRR9671506",0.182700574411397,0.097275617114369,0.116201936359075,0.603821872115159,"PD","Control"
"524","SRR9671507",0.300177466171761,0.061241560542537,0.604476059189353,0.0341049140963497,"Control","Control"
"525","SRR9671508",0.168099457644021,0.266987738667363,0.394773399685869,0.170139404002747,"Control","Control"
"526","SRR9671509",0.162884581623235,0.117340031398865,0.523694685904701,0.196080701073199,"Control","Control"
"527","SRR9671510",0.138266482226578,0.212022731461143,0.524130603407907,0.125580182904373,"Control","Control"
"528","SRR9671511",0.237658952868513,0.213169236477931,0.499706910715173,0.049464899938384,"Control","Control"
"529","SRR9671512",0.66832942015771,0.075393602508747,0.205291427871601,0.050985549461942,"AD","AD"
"530","SRR9671513",0.224503459396558,0.665434389887979,0.070757318346694,0.0393048323687693,"ASD","AD"
"531","SRR9671514",0.590299929768672,0.0687343793078059,0.190309469381834,0.150656221541689,"AD","AD"
"532","SRR9671515",0.0412543635145161,0.155191670007645,0.54391154098652,0.259642425491319,"Control","AD"
"533","SRR9671516",0.546616086046447,0.117709238460247,0.184804149035809,0.150870526457497,"AD","AD"
"534","SRR9671517",0.289630159268656,0.22159103829033,0.234728836536871,0.254049965904143,"AD","AD"
"535","SRR9671518",0.519270241650461,0.25602396436723,0.0490282054575045,0.175677588524804,"AD","AD"
"536","SRR9671519",0.662375628620529,0.0478745585221572,0.108792302936516,0.180957509920799,"AD","AD"
"537","SRR9671520",0.587282246513478,0.0345052867259348,0.109003271542431,0.269209195218156,"AD","AD"
"538","SRR9671521",0.266563857235349,0.138414297717493,0.0334842997510935,0.561537545296064,"PD","AD"
"539","SRR9671522",0.590427743730336,0.171800932433979,0.206818331881068,0.0309529919546171,"AD","AD"
"540","SRR9671523",0.392641276404882,0.169168327885438,0.149778882747795,0.288411512961885,"AD","AD"
"541","SRR9671524",0.0531282008939643,0.051902990828419,0.873065306079307,0.0219035021983093,"Control","AD"
"542","SRR9671525",0.609725857723406,0.148607152167222,0.0320940200067927,0.20957297010258,"AD","AD"
"543","SRR9671526",0.173626394819909,0.0776736743576261,0.529095320982643,0.219604609839822,"Control","AD"
"544","SRR9671527",0.44601085605981,0.394023577917396,0.134626835495845,0.0253387305269488,"AD","AD"
"545","SRR9671528",0.236537764451702,0.0307220225480594,0.490598617785231,0.242141595215008,"Control","AD"
"546","SRR9671529",0.355834390789716,0.200550750303144,0.319320904168965,0.124293954738176,"AD","AD"
"547","SRR9671530",0.205182770124548,0.179338745452271,0.411956072467959,0.203522411955221,"Control","AD"
"548","SRR9671531",0.4557676307423,0.187575045505639,0.0998146892218501,0.256842634530211,"AD","AD"
"549","ERR2672822",0.219820451892346,0.409588136611485,0.241151904420081,0.129439507076087,"ASD","ASD"
"550","ERR2672823",0.42694465284565,0.0493758614621704,0.0459454140398282,0.477734071652351,"PD","Control"
"551","ERR2672824",0.314120341835808,0.366100918683142,0.242121946873434,0.0776567926076161,"ASD","ASD"
"552","ERR2672825",0.124842955761731,0.351210175964092,0.308194592986246,0.215752275287931,"ASD","ASD"
"553","ERR2672826",0.0416522996368434,0.0820287806054834,0.49548676945486,0.380832150302813,"Control","ASD"
"554","ERR2672827",0.251741036129202,0.344362918864944,0.245896769876379,0.157999275129476,"ASD","ASD"
"555","ERR2672828",0.191165655842142,0.346380687594744,0.386582554651131,0.0758711019119822,"Control","Control"
"556","ERR2672829",0.124783389781879,0.291590902304556,0.0620689789732427,0.521556728940322,"PD","ASD"
"557","ERR2672830",0.0451808606766013,0.252231588386807,0.373989326216435,0.328598224720157,"Control","Control"
"558","ERR2672831",0.101358037186902,0.420548255764562,0.308836702614991,0.169257004433546,"ASD","ASD"
"559","ERR2672832",0.13041422888613,0.561248739520958,0.155320250618321,0.153016780974592,"ASD","ASD"
"560","ERR2672833",0.172534256836548,0.316439089372299,0.271977130642754,0.239049523148399,"ASD","ASD"
"561","ERR2672834",0.263842301409842,0.312844886359851,0.00976773188156756,0.413545080348739,"PD","Control"
"562","ERR2672835",0.0718903256448628,0.717378411323676,0.0888826402992031,0.121848622732258,"ASD","ASD"
"563","ERR2672836",0.0605248389694754,0.160707120957488,0.476091542548337,0.302676497524699,"Control","Control"
"564","ERR2672837",0.0864176371831881,0.0814071665811247,0.0412429304402867,0.7909322657954,"PD","ASD"
"565","ERR2672838",0.242237665806748,0.520018008908592,0.10453637834277,0.13320794694189,"ASD","ASD"
"566","ERR2672839",0.0978848469367628,0.247944779749738,0.193873685271814,0.460296688041685,"PD","Control"
"567","ERR2672840",0.255296942327122,0.21570004265058,0.285176337304811,0.243826677717487,"Control","Control"
"568","ERR2672841",0.143027438175925,0.150054545509427,0.460509367446558,0.246408648868091,"Control","ASD"
"569","ERR2672842",0.128000744401704,0.457608271411359,0.0372084871365792,0.377182497050359,"ASD","ASD"
"570","ERR2672843",0.180221452827809,0.135368277017447,0.378645026619916,0.305765243534828,"Control","Control"
"571","ERR2672844",0.115227901969054,0.360100421450961,0.218702869106493,0.305968807473492,"ASD","ASD"
"572","ERR2672845",0.0759181591898285,0.278952938051338,0.298988003090807,0.346140899668026,"PD","ASD"
"573","ERR2672846",0.0439678865396399,0.388892053775782,0.480872606447967,0.0862674532366103,"Control","Control"
"574","ERR2672847",0.199264542819718,0.0921908223391562,0.512797333070225,0.1957473017709,"Control","Control"
"575","ERR2672848",0.119545827205647,0.338348339763997,0.25804134847058,0.284064484559776,"ASD","ASD"
"576","ERR2672849",0.339932614498079,0.0365592222951252,0.243567602927473,0.379940560279323,"PD","ASD"
"577","ERR2672850",0.165529234714185,0.436920796833617,0.176849790604607,0.220700177847592,"ASD","ASD"
"578","ERR2672851",0.0442288009479961,0.696118414424184,0.224066890940606,0.035585893687214,"ASD","ASD"
"579","ERR2672852",0.0354773363834111,0.153335419344547,0.461378950845762,0.349808293426281,"Control","Control"
"580","ERR2672853",0.298280157485067,0.361695910601282,0.274097184234018,0.0659267476796335,"ASD","Control"
"581","ERR2672854",0.359269978635718,0.289755706380342,0.256766306864191,0.0942080081197486,"AD","Control"
"582","ERR2672855",0.280375184413366,0.333425783334136,0.28314119386563,0.103057838386868,"ASD","ASD"
"583","ERR2672856",0.132730079674993,0.330566565062208,0.24944720402708,0.28725615123572,"ASD","ASD"
"584","ERR2672857",0.25511380103201,0.64369353038445,0.0425399013416644,0.0586527672418758,"ASD","ASD"
"585","ERR2672858",0.21209975713775,0.480500171551185,0.113255314621599,0.194144756689466,"ASD","ASD"
"586","ERR2672859",0.213771828961298,0.143130435964191,0.400805113589937,0.242292621484574,"Control","Control"
"587","ERR2672860",0.402285372088185,0.0592751856732654,0.460583545517315,0.0778558967212347,"Control","Control"
"588","ERR2672861",0.11213521373388,0.44559577166535,0.152517361123111,0.28975165347766,"ASD","ASD"
"589","ERR2672862",0.182550299547175,0.0832837076357141,0.661273646685181,0.0728923461319291,"Control","Control"
"590","ERR2672863",0.28770723507056,0.343395105045254,0.214146917623264,0.154750742260922,"ASD","Control"
"591","ERR2672864",0.0134292463117543,0.77828945784754,0.0372716222037464,0.17100967363696,"ASD","ASD"
"592","ERR2672865",0.188087752930519,0.0874263798029052,0.559660192629346,0.164825674637229,"Control","Control"
"593","ERR2672866",0.0392103674267385,0.303257533464377,0.540995250839147,0.116536848269737,"Control","Control"
"594","ERR2672867",0.122414452739479,0.399992466901513,0.116330010964383,0.361263069394626,"ASD","Control"
"595","ERR2672868",0.323836662059062,0.0951328345760308,0.536303454065912,0.0447270492989949,"Control","Control"
"596","ERR2672869",0.0316011168720843,0.473893244202299,0.327744102003192,0.166761536922425,"ASD","Control"
"597","ERR2672870",0.376315331492466,0.247712855440952,0.267673175122488,0.108298637944094,"AD","Control"
"598","ERR2672871",0.0842142137116053,0.107217568371958,0.687524781459093,0.121043436457343,"Control","Control"
"599","ERR2672872",0.0642477085078183,0.356835306333784,0.535056862986207,0.043860122172191,"Control","Control"
"600","ERR2672873",0.257325586953915,0.232760743539108,0.300104949235409,0.209808720271569,"Control","Control"
"601","ERR2672874",0.0621598646273147,0.15781851406449,0.263967628830876,0.516053992477319,"PD","Control"
"602","ERR2672875",0.0377421148128801,0.328047756935708,0.457797269810136,0.176412858441276,"Control","Control"
"603","ERR2672876",0.143360107404854,0.329509653024423,0.434393445843916,0.0927367937268071,"Control","Control"
"604","ERR2672877",0.193383020725392,0.259923676510658,0.434232039067355,0.112461263696595,"Control","Control"
"605","ERR2672878",0.735950646843062,0.0412380908758947,0.0348655304402471,0.187945731840796,"AD","Control"
"606","ERR2672879",0.14991566170545,0.698703137256108,0.13057048051619,0.0208107205222517,"ASD","ASD"
"607","ERR6132586",0.14329345111494,0.716413086911393,0.113517425269465,0.0267760367042016,"ASD","ASD"
"608","ERR6132587",0.0520929223280048,0.799435822397254,0.0398955574760111,0.10857569779873,"ASD","ASD"
"609","ERR6132588",0.343302936455982,0.029200424842091,0.116682606559825,0.510814032142101,"PD","ASD"
"610","ERR6132589",0.132821967570636,0.570809661351698,0.284874469090878,0.0114939019867888,"ASD","ASD"
"611","ERR6132590",0.142705978442851,0.486545056151562,0.216734827786115,0.154014137619472,"ASD","ASD"
"612","ERR6132591",0.322922817579066,0.565362130458438,0.0835135856839188,0.0282014662785771,"ASD","ASD"
"613","ERR6132592",0.107722559771255,0.276363005219525,0.132363070122145,0.483551364887076,"PD","ASD"
"614","ERR6132593",0.201854163266987,0.622078108041625,0.147136612733038,0.0289311159583496,"ASD","ASD"
"615","ERR6132594",0.250856761345016,0.588391533589238,0.0314680022185996,0.129283702847147,"ASD","ASD"
"616","ERR6132595",0.110589178643862,0.646116623396441,0.0194549492463411,0.223839248713356,"ASD","ASD"
"617","ERR6132596",0.254958917550747,0.0735341228406892,0.221508880474052,0.449998079134512,"PD","ASD"
"618","ERR6132597",0.0552679318489242,0.0792301262357538,0.0207955739512852,0.844706367964037,"PD","ASD"
"619","ERR6132598",0.231809345814426,0.352194004716484,0.209183939918581,0.206812709550508,"ASD","ASD"
"620","ERR6132599",0.211089333293254,0.348062422105989,0.0320638402313564,0.4087844043694,"PD","ASD"
"621","ERR6132600",0.132250615599432,0.281488940738668,0.53251693001593,0.0537435136459698,"Control","ASD"
"622","ERR6132601",0.0699796244821789,0.617338464623674,0.238390969133277,0.0742909417608704,"ASD","ASD"
"623","ERR6132602",0.343205306327395,0.0502618757602531,0.0834411576400657,0.523091660272287,"PD","ASD"
"624","ERR6132603",0.0210123901494528,0.295220233457911,0.511861595665907,0.171905780726729,"Control","ASD"
"625","ERR6132604",0.392380127990463,0.441811410247924,0.0738453910827627,0.0919630706788497,"ASD","ASD"
"626","ERR6132605",0.103035853559405,0.485818422676278,0.389529952923527,0.02161577084079,"ASD","ASD"
"627","ERR6132606",0.245333079910682,0.37272629341221,0.234816053795625,0.147124572881482,"ASD","ASD"
"628","ERR6132607",0.259376643507115,0.485234724962719,0.215076157338476,0.0403124741916895,"ASD","ASD"
"629","ERR6132608",0.0854260713168907,0.579338161551179,0.127998125255862,0.207237641876068,"ASD","ASD"
"630","ERR6132609",0.12508081280156,0.361705879453142,0.0366830231152021,0.476530284630095,"PD","ASD"
"631","ERR6132610",0.0427037995806284,0.399243931073669,0.230679403416132,0.32737286592957,"ASD","ASD"
"632","ERR6132611",0.0596798460580109,0.673291717391063,0.0657351517095737,0.201293284841353,"ASD","ASD"
"633","ERR6132612",0.13126917872011,0.57853256805759,0.176498166074703,0.113700087147597,"ASD","ASD"
"634","ERR6132613",0.0663622788058222,0.565880479147523,0.29404862920774,0.0737086128389153,"ASD","ASD"
"635","ERR6132614",0.185727485842191,0.582820974588274,0.0745205310991902,0.156931008470345,"ASD","ASD"
"636","ERR6132615",0.363790582140491,0.43990078984567,0.0597584713363363,0.136550156677503,"ASD","ASD"
"637","ERR6132616",0.40018346868132,0.442563267298703,0.113976272589155,0.0432769914308221,"ASD","ASD"
"638","ERR6132617",0.101071138869988,0.611143860312553,0.22696749517294,0.0608175056445192,"ASD","ASD"
"639","ERR6132618",0.177753415319288,0.538264681340009,0.154761314346413,0.12922058899429,"ASD","ASD"
"640","ERR6132619",0.209573915198604,0.394512357646306,0.328637206084552,0.0672765210705373,"ASD","ASD"
"641","ERR6132620",0.127190583988076,0.425361250556832,0.370706140977644,0.076742024477448,"ASD","ASD"
"642","ERR6132621",0.105266710371983,0.554479159319296,0.0958580243904272,0.244396105918294,"ASD","ASD"
"643","ERR6132622",0.194314237079566,0.412196307866801,0.321626135772496,0.0718633192811368,"ASD","ASD"
"644","ERR6132623",0.167414830586863,0.504394246023833,0.0232336888518923,0.304957234537412,"ASD","ASD"
"645","ERR6132624",0.222076165560034,0.169395842579692,0.115751276399572,0.492776715460703,"PD","ASD"
"646","ERR6132625",0.120991216719893,0.144040954178322,0.277889251227628,0.457078577874157,"PD","ASD"
"647","ERR6132626",0.270555046407578,0.0464962074765276,0.488407290531792,0.194541455584103,"Control","ASD"
"648","ERR6132627",0.226487943353405,0.0897674862022787,0.558814886880104,0.124929683564213,"Control","ASD"
"649","ERR6132628",0.128013254859026,0.446740855754574,0.349113587723447,0.076132301662953,"ASD","ASD"
"650","ERR6132629",0.232803785149621,0.158348121429235,0.460568637605699,0.148279455815445,"Control","ASD"
"651","ERR6132630",0.217065156029583,0.581659321888198,0.029899068649687,0.171376453432532,"ASD","ASD"
"652","ERR6132631",0.38973342938331,0.11166550766205,0.473509138265423,0.025091924689217,"Control","ASD"
"653","ERR6132632",0.287764978887651,0.140403098047487,0.0866921070400079,0.485139816024854,"PD","ASD"
"654","ERR6132633",0.105707944959437,0.151005574459009,0.0645416499187632,0.678744830662791,"PD","ASD"
"655","ERR6132634",0.395966977978479,0.0684111792670076,0.461408903416811,0.0742129393377029,"Control","ASD"
"656","ERR6132635",0.0527149514921384,0.463891950779802,0.143475517861678,0.339917579866382,"ASD","ASD"
"657","ERR6132636",0.0740458369259665,0.243385652042898,0.321004407299879,0.361564103731257,"PD","ASD"
"658","ERR6132637",0.0639183914585527,0.560918717117963,0.158765326214013,0.216397565209472,"ASD","ASD"
"659","ERR6132638",0.29328436736923,0.488131947596832,0.0276965248792872,0.190887160154651,"ASD","ASD"
"660","ERR6132639",0.109901873550611,0.434687721955238,0.23344906726421,0.221961337229941,"ASD","ASD"
"661","ERR6132640",0.486156536604577,0.112606479039224,0.165628554982046,0.235608429374153,"AD","Control"
"662","ERR6132641",0.0880649712366201,0.14817393434482,0.22045984227359,0.54330125214497,"PD","Control"
"663","ERR6132642",0.0716855977108738,0.0438348335475985,0.107185618753576,0.777293949987952,"PD","Control"
"664","ERR6132643",0.248953713204073,0.54762845878576,0.130618001229136,0.0727998267810316,"ASD","Control"
"665","ERR6132644",0.175267438990101,0.144042761966693,0.585540428436382,0.0951493706068238,"Control","Control"
"666","ERR6132645",0.188498982501253,0.302550547966068,0.393683108722219,0.11526736081046,"Control","Control"
"667","ERR6132646",0.252071822904256,0.546199816201016,0.0938643681362979,0.10786399275843,"ASD","Control"
"668","ERR6132647",0.319637442288317,0.0675263282625145,0.527423082083972,0.0854131473651957,"Control","Control"
"669","ERR6132648",0.296650231359701,0.0857327362892522,0.549366528765609,0.0682505035854378,"Control","Control"
"670","ERR6132649",0.0471170651570348,0.413048832622649,0.468046128579125,0.0717879736411918,"Control","Control"
"671","ERR6132650",0.0733714491996712,0.631243691305367,0.141273236762996,0.154111622731966,"ASD","Control"
"672","ERR6132651",0.0537699808654905,0.389656584210785,0.514826336308727,0.041747098614997,"Control","Control"
"673","ERR6132652",0.345115128733195,0.188826074629015,0.383689520193035,0.0823692764447542,"Control","Control"
"674","ERR6132653",0.330010540825507,0.258103840655748,0.3898308625776,0.022054755941145,"Control","Control"
"675","ERR6132654",0.254070974321819,0.297757198489234,0.36238823882221,0.0857835883667367,"Control","Control"
"676","ERR6132655",0.128635721015315,0.290948991002624,0.138535850553492,0.441879437428569,"PD","Control"
"677","ERR6132656",0.137872903168336,0.0778947962376319,0.138981840774476,0.645250459819555,"PD","Control"
"678","ERR6132657",0.131707302591375,0.161860434241376,0.585297408797353,0.121134854369895,"Control","Control"
"679","ERR6132658",0.317560632919426,0.158520818269784,0.374229619989368,0.149688928821422,"Control","Control"
"680","ERR6132659",0.13441110789031,0.03517289435136,0.0689507219115356,0.761465275846794,"PD","Control"
"681","ERR6132660",0.0941773034269405,0.0416223073580082,0.800350108687269,0.063850280527782,"Control","Control"
"682","ERR6132661",0.0925209931142782,0.151079740272434,0.070647275990958,0.68575199062233,"PD","Control"
"683","ERR6132662",0.162520878147769,0.286430704078179,0.328721803593952,0.2223266141801,"Control","Control"
"684","ERR6132663",0.41077764458952,0.188255013903698,0.3462787438703,0.0546885976364831,"AD","Control"
"685","ERR6132664",0.271569360685593,0.178270245046173,0.138429585497262,0.411730808770972,"PD","Control"
"686","ERR6132665",0.204871097855378,0.325164048068563,0.0476425660089398,0.422322288067118,"PD","Control"
"687","ERR6132666",0.314266224096098,0.0632444305018691,0.45233498789376,0.170154357508273,"Control","Control"
"688","ERR6132667",0.14317368269811,0.135989959647356,0.474326182297597,0.246510175356936,"Control","Control"
"689","ERR6132668",0.0699224670419258,0.108322520251998,0.592591986159686,0.22916302654639,"Control","Control"
"690","ERR6132669",0.206328467810645,0.146375826004329,0.365329180905078,0.281966525279949,"Control","Control"
"691","ERR6132670",0.127441372823204,0.228550471548027,0.149192934440104,0.494815221188665,"PD","Control"
"692","ERR6132671",0.0594781634730463,0.465812285945918,0.264450834733009,0.210258715848027,"ASD","Control"
"693","ERR6132672",0.232119842986821,0.125295568691319,0.128536427008992,0.514048161312868,"PD","Control"
"694","ERR6132673",0.171195978030116,0.249805563008641,0.357924845524322,0.221073613436921,"Control","Control"
"695","ERR6132674",0.260431958551142,0.291054366197156,0.327400828602749,0.121112846648952,"Control","Control"
"696","ERR6132675",0.0157410524344127,0.0145276704206309,0.951305073964853,0.018426203180104,"Control","Control"
"697","ERR6132676",0.191248228669099,0.209352108742608,0.169187936532694,0.430211726055599,"PD","Control"
"698","ERR6132677",0.00665413196521611,0.285120581916283,0.551935799933683,0.156289486184818,"Control","Control"
"699","SRR10305328",0.2419595840204,0.508796989605132,0.0921155926319301,0.157127833742538,"ASD","ASD"
"700","SRR10305329",0.129741870707219,0.490920671233735,0.274012689134307,0.10532476892474,"ASD","ASD"
"701","SRR10305330",0.0249457163265733,0.539515693620674,0.190603335941289,0.244935254111464,"ASD","ASD"
"702","SRR10305331",0.0947547389299054,0.203273678423801,0.184930956008384,0.51704062663791,"PD","ASD"
"703","SRR10305332",0.25643186321514,0.138813630777341,0.0346859392509088,0.57006856675661,"PD","ASD"
"704","SRR10305333",0.1323726035225,0.424481505537403,0.271071643119942,0.172074247820155,"ASD","ASD"
"705","SRR10305334",0.256677366587843,0.172611441912595,0.410664531713143,0.160046659786418,"Control","Control"
"706","SRR10305335",0.240663638392997,0.417273404741548,0.220116354485625,0.121946602379829,"ASD","ASD"
"707","SRR10305336",0.186250617900556,0.395143876920497,0.0767823322640356,0.341823172914911,"ASD","ASD"
"708","SRR10305337",0.175014680360255,0.477243473728131,0.225038164954067,0.122703680957547,"ASD","ASD"
"709","SRR10305338",0.0671993276149562,0.149325733776852,0.746533648718727,0.0369412898894642,"Control","ASD"
"710","SRR10305339",0.18833378288109,0.133485454410764,0.368874839614179,0.309305923093967,"Control","ASD"
"711","SRR10305340",0.18310917037609,0.265724376886986,0.16253418655515,0.388632266181775,"PD","ASD"
"712","SRR10305341",0.100370036225743,0.599605285772257,0.0781177622292901,0.221906915772709,"ASD","ASD"
"713","SRR10305342",0.124411148065007,0.335202941654736,0.252258623132124,0.288127287148134,"ASD","ASD"
"714","SRR10305343",0.144617362371074,0.61235694628597,0.16622081009471,0.0768048812482464,"ASD","ASD"
"715","SRR10305344",0.353839205361112,0.0267213613066305,0.515035290577454,0.104404142754803,"Control","ASD"
"716","SRR10305345",0.0952748461733249,0.805474004805668,0.0575299470854894,0.0417212019355181,"ASD","Control"
"717","SRR10305346",0.156317467102696,0.117321243335147,0.28120479064502,0.445156498917137,"PD","ASD"
"718","SRR10305347",0.241943036077012,0.494905218242014,0.147517166613571,0.115634579067403,"ASD","ASD"
"719","SRR10305348",0.377111268901974,0.428325892928418,0.0470273620990939,0.147535476070514,"ASD","ASD"
"720","SRR10305349",0.0840544756439129,0.447690714463515,0.0811581272181984,0.387096682674374,"ASD","ASD"
"721","SRR10305350",0.0729631903709286,0.11239125382698,0.705057281537035,0.109588274265057,"Control","ASD"
"722","SRR10305351",0.155947514159978,0.394854200915118,0.114706272923296,0.334492012001607,"ASD","ASD"
"723","SRR10305352",0.0926540298322744,0.250608583031854,0.246797275194065,0.409940111941806,"PD","ASD"
"724","SRR10305354",0.232473896901719,0.294043526020526,0.362110607512909,0.111371969564847,"Control","ASD"
"725","SRR10305355",0.081906126026288,0.519569937334609,0.0361874867341787,0.362336449904924,"ASD","ASD"
"726","SRR10305356",0.157485194530499,0.209651124832576,0.383451321714566,0.249412358922359,"Control","Control"
"727","SRR10305357",0.199781122977975,0.312710422024582,0.257913673158806,0.229594781838638,"ASD","ASD"
"728","SRR10305358",0.162414313363004,0.624117026676861,0.202117520983172,0.0113511389769627,"ASD","ASD"
"729","SRR10305359",0.285272377411189,0.399175956952663,0.237173478992246,0.078378186643902,"ASD","ASD"
"730","SRR10305360",0.166345590789768,0.583622708705835,0.190542409971864,0.0594892905325323,"ASD","ASD"
"731","SRR10305361",0.0975870236477566,0.160686658847322,0.476550470534154,0.265175846970767,"Control","ASD"
"732","SRR10305362",0.0387826755769019,0.085203883293321,0.850875443074599,0.0251379980551785,"Control","ASD"
"733","SRR10305363",0.370960215618304,0.51281633943465,0.0871292824019469,0.0290941625450992,"ASD","ASD"
"734","SRR10305364",0.0465186666774095,0.209504714663114,0.735115376701721,0.00886124195775486,"Control","ASD"
"735","SRR10305365",0.0610636641483764,0.657020464572384,0.157975704140074,0.123940167139165,"ASD","ASD"
"736","SRR10305366",0.0281537794481921,0.0369014922600394,0.600618455286407,0.334326273005362,"Control","ASD"
"737","SRR10305367",0.126196552834379,0.606023814182251,0.16119523058454,0.10658440239883,"ASD","Control"
"738","SRR10305368",0.150437507216902,0.318318834581243,0.389189809222658,0.142053848979196,"Control","ASD"
"739","SRR10305369",0.227723214840382,0.325164814234608,0.182836202544728,0.264275768380282,"ASD","ASD"
"740","SRR10305371",0.143376676164933,0.578533794303682,0.115080494905543,0.163009034625841,"ASD","ASD"
"741","SRR10305372",0.213266919076751,0.556222026131494,0.165312055955036,0.0651989988367185,"ASD","ASD"
"742","SRR10305373",0.0686520411964876,0.379688607007657,0.430739984644203,0.120919367151652,"Control","ASD"
"743","SRR10305374",0.163106354196917,0.251830100784357,0.0829151194880327,0.502148425530693,"PD","ASD"
"744","SRR10305375",0.166584705731663,0.436942572538051,0.12811694975422,0.268355771976066,"ASD","ASD"
"745","SRR10305376",0.148288750393158,0.03991440511147,0.746694517126322,0.0651023273690501,"Control","ASD"
"746","SRR10305377",0.0559270221668316,0.599365702952714,0.261427033107162,0.0832802417732924,"ASD","ASD"
"747","SRR10305378",0.0866636208987869,0.788550911178478,0.0597417919783465,0.0650436759443885,"ASD","Control"
"748","SRR10305379",0.295829536917705,0.336177920480166,0.0999903456684116,0.268002196933718,"ASD","ASD"
"749","SRR10305380",0.245383019611436,0.537291566407442,0.137218364396184,0.0801070495849383,"ASD","ASD"
"750","SRR10305381",0.0467471081679046,0.268291163844738,0.15147163198365,0.533490096003707,"PD","Control"
"751","SRR10305382",0.801633638089998,0.0755753100109131,0.106756132616515,0.0160349192825733,"AD","Control"
"752","SRR10305383",0.109324644533159,0.0785798371206014,0.563274750588521,0.248820767757718,"Control","Control"
"753","SRR10305384",0.722651959486265,0.0170919361106933,0.0174301468945645,0.242825957508477,"AD","Control"
"754","SRR10305385",0.0434910296047566,0.163940115302057,0.62378679495187,0.168782060141316,"Control","Control"
"755","SRR10305386",0.105854075307069,0.175690176491384,0.466326502073052,0.252129246128495,"Control","Control"
"756","SRR10305387",0.172934429436429,0.598780190308859,0.129228630474098,0.0990567497806139,"ASD","Control"
"757","SRR10305388",0.311222088229461,0.129473262044447,0.423513182341908,0.135791467384184,"Control","Control"
"758","SRR10305389",0.0705608780986666,0.604523931404825,0.0816563178765039,0.243258872620004,"ASD","Control"
"759","SRR10305390",0.0968147387484027,0.115495779712817,0.758032107474309,0.0296573740644713,"Control","Control"
"760","SRR10305391",0.430564129858166,0.231704426650495,0.126849623797014,0.210881819694324,"AD","Control"
"761","SRR10305392",0.230508218035958,0.232370611831266,0.440950687095807,0.0961704830369691,"Control","Control"
"762","SRR10305393",0.0529336741837564,0.479510022250051,0.401527942187399,0.0660283613787939,"ASD","Control"
"763","SRR10305394",0.176863261778993,0.148162242208506,0.536310501068218,0.138663994944283,"Control","Control"
"764","SRR10305395",0.117557867686304,0.508778652249047,0.137120419469443,0.236543060595206,"ASD","Control"
"765","SRR10305396",0.278662110301447,0.174280267993259,0.439861813357305,0.107195808347989,"Control","Control"
"766","SRR10305397",0.053855474639417,0.0497611087064181,0.0542685149817465,0.842114901672418,"PD","Control"
"767","SRR10305398",0.0150402709864076,0.329116775589999,0.390063630599074,0.265779322824519,"Control","Control"
"768","SRR10305399",0.14934393193205,0.0762299160829903,0.490479570201864,0.283946581783096,"Control","Control"
"769","SRR10305400",0.0574038213541789,0.774500662087398,0.0714770102134104,0.0966185063450131,"ASD","Control"
"770","SRR10305401",0.293789460296211,0.157483330238322,0.431901455013155,0.116825754452312,"Control","Control"
"771","SRR10305402",0.0865793899327895,0.14885950552509,0.208784257713943,0.555776846828178,"PD","Control"
"772","SRR10305403",0.10440960207069,0.0628103398450554,0.500924344280879,0.331855713803376,"Control","Control"
"773","SRR10305404",0.0588097066309794,0.062636742863841,0.0615937899874371,0.816959760517743,"PD","Control"
"774","SRR10305405",0.145151787087038,0.192771506653323,0.411215851275615,0.250860854984023,"Control","Control"
"775","SRR10305406",0.318756298720447,0.0319096965599338,0.586618130339136,0.0627158743804832,"Control","Control"
"776","SRR10305407",0.202493975705823,0.311504860403133,0.371923463558793,0.114077700332251,"Control","Control"
"777","SRR10305408",0.1459961237076,0.0815252204651874,0.605320409271555,0.167158246555657,"Control","Control"
"778","SRR10305409",0.317600696923601,0.162529568518676,0.380117784171772,0.13975195038595,"Control","Control"
"779","SRR10305410",0.325680589709746,0.0428467676680959,0.464670044708038,0.16680259791412,"Control","Control"
"780","SRR10305411",0.0981459511638677,0.0831280362278786,0.594711025122227,0.224014987486027,"Control","Control"
"781","SRR10305412",0.113264051244981,0.331383348656333,0.428503255047603,0.126849345051083,"Control","Control"
"782","SRR10305413",0.0856643385697979,0.27342077851767,0.448393221290908,0.192521661621625,"Control","Control"
"783","SRR10305414",0.177746124629578,0.31743830721572,0.398941461636232,0.105874106518471,"Control","Control"
"784","SRR10305415",0.0845414415047225,0.381678746939071,0.0943540521857045,0.439425759370502,"PD","Control"
"785","SRR10305416",0.123480220473528,0.0789703375644884,0.662164104100453,0.135385337861531,"Control","Control"
"786","SRR10305417",0.410211996068372,0.0418368955696385,0.470594189508171,0.0773569188538181,"Control","Control"
"787","SRR10305418",0.115246259067019,0.0537119543943139,0.438991704548746,0.392050081989921,"Control","Control"
"788","SRR10305419",0.153348914594771,0.0630061392272198,0.113882992456638,0.669761953721371,"PD","Control"
"789","SRR10305420",0.189796739982236,0.0847352376519565,0.463307705592399,0.262160316773408,"Control","Control"
"790","SRR10305421",0.135521192469772,0.228764430212322,0.502089442404332,0.133624934913573,"Control","Control"
"791","SRR10305422",0.23844031654789,0.112624184323206,0.26232682151726,0.386608677611645,"PD","Control"
"792","SRR10305423",0.234745913701865,0.150492798124018,0.547795191673478,0.0669660965006398,"Control","Control"
"793","SRR10442270",0.107645473935146,0.582785151681371,0.204018161556184,0.105551212827299,"ASD","Control"
"794","SRR10442271",0.0685408693189327,0.250856863542427,0.643515195563644,0.0370870715749968,"Control","Control"
"795","SRR10442272",0.355159537914386,0.112060639907401,0.408554894454784,0.12422492772343,"Control","Control"
"796","SRR10442274",0.0998760373243629,0.223946893182284,0.544391878891448,0.131785190601905,"Control","Control"
"797","SRR10442275",0.0557034199711168,0.033096020281313,0.729022930122637,0.182177629624933,"Control","Control"
"798","SRR10442276",0.088063617436897,0.272429165436193,0.385436992320315,0.254070224806595,"Control","Control"
"799","SRR10442277",0.299598472145426,0.385497600672591,0.0578242463399479,0.257079680842036,"ASD","Control"
"800","SRR10442278",0.198397942252193,0.162503313244315,0.536751865129112,0.10234687937438,"Control","Control"
"801","SRR10442279",0.174727469888001,0.328768716237696,0.279580416136543,0.21692339773776,"ASD","ASD"
"802","SRR10442280",0.0472395021333527,0.733822862178888,0.137162131802698,0.0817755038850615,"ASD","Control"
"803","SRR10442281",0.554818559195233,0.247677914323405,0.0412482249018868,0.156255301579475,"AD","Control"
"804","SRR10442282",0.178239424634323,0.0419350651275124,0.505588419807133,0.274237090431032,"Control","Control"
"805","SRR10442283",0.185101853921358,0.182377188584036,0.497001410928593,0.135519546566013,"Control","Control"
"806","SRR10442284",0.16168937975923,0.13882577781566,0.625092599422925,0.0743922430021855,"Control","Control"
"807","SRR10442285",0.0210425921713664,0.0605299560137975,0.889199028788913,0.0292284230259227,"Control","Control"
"808","SRR10442286",0.223938381681133,0.275278809795899,0.416111252157692,0.0846715563652765,"Control","Control"
"809","SRR10442287",0.25603504411466,0.21282111132831,0.493144405138292,0.0379994394187376,"Control","Control"
"810","SRR10442288",0.0969644212720291,0.390630717094034,0.0571616332302596,0.455243228403678,"PD","Control"
"811","SRR10442289",0.109299564732267,0.155598169438557,0.59333616946893,0.141766096360246,"Control","Control"
"812","SRR10442290",0.207402842609578,0.536493800992919,0.164346528628683,0.0917568277688206,"ASD","ASD"
"813","SRR10442291",0.105045443029569,0.409432786576741,0.458870374755865,0.026651395637825,"Control","Control"
"814","SRR10442292",0.131263534205943,0.380598643204877,0.42668225396157,0.0614555686276104,"Control","Control"
"815","SRR10442293",0.20439748650149,0.584383752245776,0.0688378695368085,0.142380891715925,"ASD","Control"
"816","SRR10442294",0.127097014404904,0.597300692924701,0.116090937752641,0.159511354917755,"ASD","ASD"
"817","SRR10442295",0.146854496461936,0.489043750513082,0.137593461819464,0.226508291205519,"ASD","ASD"
"818","SRR10442296",0.0631091470877954,0.306582150658329,0.281707635747386,0.34860106650649,"PD","ASD"
"819","SRR10442297",0.195801010019515,0.156629060160851,0.293868301554527,0.353701628265107,"PD","ASD"
"820","SRR10442298",0.130146189847066,0.144702027332659,0.0736753893824792,0.651476393437796,"PD","ASD"
"821","SRR10442299",0.285861479669208,0.0521330313786063,0.555325163293286,0.106680325658899,"Control","ASD"
"822","SRR10442300",0.171889411136767,0.354611748696803,0.0578385054316715,0.415660334734759,"PD","ASD"
"823","SRR10442301",0.322528131096581,0.60430630288391,0.0434922124749697,0.0296733535445393,"ASD","ASD"
"824","SRR10442302",0.110812680288044,0.279657424509172,0.23405277943974,0.375477115763043,"PD","ASD"
"825","SRR10442303",0.0886393136491252,0.564675268285128,0.053938691808263,0.292746726257484,"ASD","ASD"
"826","SRR10442304",0.0819106898751895,0.853708890271298,0.0488788001738037,0.0155016196797088,"ASD","ASD"
"827","SRR10442305",0.260174689783109,0.45917681782962,0.208078512440532,0.0725699799467391,"ASD","ASD"
"828","SRR10442306",0.0487434957926099,0.855931232081721,0.0537752074283185,0.0415500646973507,"ASD","ASD"
"829","SRR10442307",0.113651599848528,0.424232906263269,0.140974210574657,0.321141283313547,"ASD","ASD"
"830","SRR10442308",0.232824715688717,0.643816566027507,0.0692319230343641,0.0541267952494121,"ASD","ASD"
"831","SRR10442309",0.135784779717223,0.1719492965453,0.251474848889515,0.440791074847961,"PD","ASD"
"832","SRR10442310",0.146151876021007,0.414581589293329,0.090464059871422,0.348802474814242,"ASD","ASD"
"833","SRR10442311",0.12193533434053,0.507646119740508,0.19141542115125,0.179003124767712,"ASD","ASD"
"834","SRR10442312",0.288801013164708,0.0957456291807129,0.043694825311515,0.571758532343065,"PD","ASD"
"835","SRR10442313",0.272520227425271,0.233782066928347,0.447175118898681,0.0465225867477011,"Control","ASD"
"836","SRR10442314",0.136506565522463,0.577966677759166,0.0976488572386284,0.187877899479743,"ASD","ASD"
"837","SRR10442315",0.117321968028754,0.477693670787095,0.273464284137406,0.131520077046745,"ASD","ASD"
"838","SRR10442316",0.00545501598528164,0.13013200226218,0.339748563900572,0.524664417851967,"PD","ASD"
"839","SRR10442317",0.216699264916001,0.635082265950335,0.133643408367076,0.0145750607665874,"ASD","ASD"
"840","SRR10442318",0.0520006410204399,0.464439431457562,0.406092045907285,0.0774678816147122,"ASD","ASD"
"841","SRR10442319",0.178125069168715,0.591763492232722,0.060727073331004,0.169384365267559,"ASD","ASD"
"842","SRR10442320",0.338845811406197,0.388957524143843,0.167126553623889,0.105070110826071,"ASD","ASD"
"843","SRR10442321",0.20192923860836,0.42660808582416,0.0753303911785302,0.29613228438895,"ASD","ASD"
"844","SRR10442322",0.183534327627478,0.178302863599641,0.0327384081241079,0.605424400648773,"PD","ASD"
"845","SRR10442323",0.172243787862517,0.55417696761897,0.115846099097242,0.157733145421271,"ASD","ASD"
"846","SRR10442324",0.0625383166629082,0.13261934965503,0.074303810595412,0.730538523086649,"PD","ASD"
"847","SRR10442325",0.168968063042639,0.388542242386556,0.229200337457111,0.213289357113693,"ASD","ASD"
"848","SRR10442326",0.0442862078416674,0.714318489957863,0.0568543692834483,0.184540932917022,"ASD","ASD"
"849","SRR10442327",0.0506310952033354,0.648543964974621,0.226704835301318,0.0741201045207256,"ASD","ASD"
"850","SRR10442328",0.184719594555771,0.445232749685101,0.0815734351179895,0.288474220641138,"ASD","ASD"
"851","SRR10442329",0.0626810356622867,0.241398244327462,0.578562867848737,0.117357852161515,"Control","ASD"
"852","SRR10442330",0.204772435618213,0.555791893419239,0.0718634022586461,0.167572268703902,"ASD","ASD"
"853","SRR10442331",0.0334384158334531,0.246397126367694,0.558290708932029,0.161873748866824,"Control","ASD"
"854","SRR10442332",0.141366522640898,0.629243991323176,0.210144975325374,0.0192445107105509,"ASD","ASD"
"855","SRR10442333",0.0453832859114485,0.137507964773953,0.171457455702375,0.645651293612223,"PD","ASD"
"856","SRR10442334",0.190260964734119,0.330126301074428,0.111505228425194,0.368107505766258,"PD","ASD"
"857","SRR10442335",0.293830272999272,0.361209008310032,0.149975239137051,0.194985479553645,"ASD","ASD"
"858","SRR10442336",0.144232976446316,0.195181806166928,0.566300408745076,0.0942848086416801,"Control","ASD"
"859","SRR10442337",0.151129297145392,0.446551427506009,0.0131825696302007,0.389136705718398,"ASD","ASD"
"860","SRR10442338",0.236978051537136,0.153237177879364,0.489931791912334,0.119852978671167,"Control","ASD"
"861","SRR10442340",0.294275154994791,0.105894246261392,0.391514377924741,0.208316220819075,"Control","ASD"
"862","SRR10442341",0.162172750214832,0.480972985558524,0.217363147290602,0.139491116936042,"ASD","ASD"
"863","SRR10442342",0.031531369919189,0.174786029200214,0.242143536333421,0.551539064547175,"PD","ASD"
"864","SRR10442343",0.157370750132279,0.538208431643803,0.107159651456048,0.19726116676787,"ASD","ASD"
"865","SRR10442344",0.172452852675863,0.747082933851222,0.0328857598373368,0.0475784536355782,"ASD","ASD"
"866","SRR10442345",0.044694163470825,0.474524419385908,0.415480238294058,0.0653011788492096,"ASD","ASD"
"867","SRR10442346",0.111841539535925,0.372356929850467,0.307794405932357,0.208007124681252,"ASD","ASD"
"868","SRR10442347",0.311469772477981,0.362123202979814,0.0391152066045009,0.287291817937704,"ASD","ASD"
"869","SRR10442348",0.103072415612205,0.435433911980249,0.20698644882875,0.254507223578796,"ASD","ASD"
"870","SRR10442349",0.186115535870394,0.565727540754002,0.0746849531917293,0.173471970183874,"ASD","ASD"
"871","SRR10442350",0.123757548393947,0.494892072626975,0.167857254651508,0.213493124327571,"ASD","ASD"
"872","SRR10442351",0.0340234230245305,0.668210316194015,0.128374211990142,0.169392048791312,"ASD","ASD"
"873","SRR10442352",0.0396153647330368,0.556431738066288,0.132624529990529,0.271328367210147,"ASD","ASD"
"874","SRR10442353",0.328125154225612,0.0814657480971745,0.564582129013955,0.0258269686632585,"Control","ASD"
"875","SRR10442354",0.0630077077858563,0.403108444225534,0.195530225076538,0.338353622912072,"ASD","ASD"
"876","SRR10442355",0.215045874670905,0.449922451141143,0.0646235579646684,0.270408116223284,"ASD","ASD"
"877","SRR10442356",0.214852895530597,0.580054917537584,0.14582619598093,0.0592659909508888,"ASD","ASD"
"878","SRR10442357",0.153661354480263,0.390041400159767,0.140906966717642,0.315390278642328,"ASD","ASD"
"879","SRR10442358",0.1800603527977,0.572644383322001,0.147831110132476,0.0994641537478229,"ASD","ASD"
"880","SRR10442359",0.174125337810418,0.515426214932332,0.1767909792156,0.13365746804165,"ASD","ASD"
"881","SRR10442360",0.155183568597451,0.403310465436384,0.231569347545199,0.209936618420966,"ASD","ASD"
"882","SRR10442361",0.0577226493035261,0.126835780186523,0.499490838848437,0.315950731661514,"Control","ASD"
"883","SRR10442362",0.132159107918041,0.608174451431055,0.216665360333637,0.0430010803172667,"ASD","ASD"
"884","SRR10442363",0.0219815782591344,0.342430765261882,0.526098994048213,0.10948866243077,"Control","ASD"
"885","SRR10442364",0.202992772634582,0.109537603463998,0.204465435324363,0.483004188577057,"PD","Control"
"886","SRR10442365",0.34441777048319,0.386718679641507,0.153875345643334,0.114988204231968,"ASD","Control"
"887","SRR10442366",0.239166465287085,0.261144080259003,0.352656054725575,0.147033399728336,"Control","Control"
"888","SRR10442367",0.149486704644768,0.280272038645618,0.526782063136358,0.0434591935732562,"Control","Control"
"889","SRR10442368",0.093147920783466,0.076442204350088,0.078520580633913,0.751889294232533,"PD","Control"
"890","SRR10442369",0.0145438179894794,0.117679673382217,0.180770675555002,0.687005833073301,"PD","Control"
"891","SRR10442370",0.100737224464027,0.198037673888826,0.373073979032658,0.32815112261449,"Control","Control"
"892","SRR10442371",0.149173208668898,0.66860413536401,0.119452054246199,0.0627706017208927,"ASD","ASD"
"893","SRR10442372",0.125179756452569,0.00495492951866048,0.778786031188026,0.0910792828407447,"Control","Control"
"894","SRR10442374",0.169514570757099,0.159313562783545,0.642173455042576,0.0289984114167805,"Control","Control"
"895","SRR10442375",0.0761855674918247,0.255888216207092,0.188067101981004,0.47985911432008,"PD","Control"
"896","SRR10442376",0.105595542458607,0.224368947395641,0.614177302527238,0.0558582076185146,"Control","Control"
"897","SRR10442377",0.192213638415457,0.166674407893799,0.403247175516515,0.237864778174229,"Control","Control"
"898","SRR10442378",0.115073653676304,0.0536745052524152,0.220610462625302,0.610641378445979,"PD","Control"
"899","SRR10442379",0.140870335801215,0.171791764111472,0.403245289044498,0.284092611042815,"Control","Control"
"900","SRR10442380",0.340797088038365,0.0641540191694823,0.377403164659407,0.217645728132746,"Control","Control"
"901","SRR10442381",0.282361491288281,0.198394430142713,0.166782950046985,0.352461128522021,"PD","Control"
"902","SRR10442382",0.183705152956169,0.362312438008512,0.324673879444846,0.129308529590473,"ASD","ASD"
"903","SRR10442383",0.13063887272374,0.041319564951973,0.455906812241259,0.372134750083028,"Control","Control"
"904","SRR10442384",0.046039808502043,0.0832484109620917,0.660129279865159,0.210582500670706,"Control","Control"
"905","SRR10442385",0.146052859955615,0.601418774975563,0.0886495115661653,0.163878853502657,"ASD","Control"
"906","SRR10442386",0.197373150735729,0.227839282971949,0.0411516170957999,0.533635949196522,"PD","Control"
"907","SRR10442388",0.225535642305461,0.223786608444733,0.340797359969506,0.2098803892803,"Control","Control"
"908","SRR10442389",0.199122562127265,0.277868008167824,0.334037563830907,0.188971865874004,"Control","Control"
"909","SRR10442390",0.038062646339285,0.10345813706616,0.53913243706847,0.319346779526085,"Control","Control"
"910","SRR10442391",0.168518882473105,0.107401081339666,0.403212867103562,0.320867169083667,"Control","Control"
"911","SRR10442392",0.127982155598998,0.189096119909597,0.579268482300741,0.103653242190663,"Control","Control"
"912","SRR10442393",0.403623849517164,0.480118238764425,0.0570414305188149,0.0592164811995967,"ASD","ASD"
"913","SRR10442394",0.272796768854589,0.438635086608067,0.24219038720533,0.0463777573320129,"ASD","ASD"
"914","SRR10442395",0.271519944694994,0.486756559205346,0.14792301600228,0.0938004800973795,"ASD","ASD"
"915","SRR11524137",0.059125242162931,0.112542760294235,0.224594341507185,0.603737656035649,"PD","ASD"
"916","SRR11524138",0.17633256618834,0.109917418518874,0.308402665910523,0.405347349382263,"PD","ASD"
"917","SRR11524139",0.0267437818109245,0.501854046515163,0.410415966216508,0.0609862054574053,"ASD","ASD"
"918","SRR11524140",0.211059369623038,0.49759345009921,0.136518956521589,0.154828223756162,"ASD","ASD"
"919","SRR11524141",0.24678848251991,0.467585033020196,0.117195342505111,0.168431141954783,"ASD","ASD"
"920","SRR11524142",0.108398398256359,0.771087719189339,0.0742257378722972,0.046288144682004,"ASD","Control"
"921","SRR11524143",0.15892994278313,0.176063903226602,0.577232792966033,0.0877733610242355,"Control","Control"
"922","SRR11524144",0.424208759868945,0.191698000370949,0.205455671277386,0.178637568482719,"AD","Control"
"923","SRR11524145",0.129183113915949,0.107690219528724,0.163584934055521,0.599541732499806,"PD","Control"
"924","SRR11524146",0.0363859745444132,0.307134287857784,0.419400153348607,0.237079584249196,"Control","Control"
"925","SRR11524147",0.110190241912586,0.357189812145995,0.405864786007866,0.126755159933553,"Control","Control"
"926","SRR11524148",0.105923971458676,0.2587968674454,0.267816596822886,0.367462564273038,"PD","Control"
"927","SRR11524149",0.0834217510999077,0.174330945925726,0.486391028804732,0.255856274169634,"Control","Control"
"928","SRR11524150",0.0849879199478306,0.292345399930611,0.292177436307933,0.330489243813625,"PD","Control"
"929","SRR11524151",0.182547165507537,0.0782989603606672,0.599642846169726,0.139511027962069,"Control","Control"
"930","SRR11524152",0.277816959843429,0.389840682313653,0.0995924429410193,0.232749914901899,"ASD","ASD"
"931","SRR11524153",0.172425639188187,0.0384205270589459,0.367822409697574,0.421331424055293,"PD","Control"
"932","SRR11524154",0.355694881163272,0.074612466184545,0.455126506761731,0.114566145890451,"Control","Control"
"933","SRR11524155",0.0486745723078603,0.354982713756853,0.551945537710736,0.0443971762245513,"Control","Control"
"934","SRR11524156",0.209175384281433,0.17280524035292,0.470517816246657,0.14750155911899,"Control","Control"
"935","SRR11524157",0.213561290243064,0.0576955518033536,0.621481023624793,0.107262134328789,"Control","Control"
"936","SRR11524158",0.101900077775684,0.626422062224876,0.131889886487907,0.139787973511533,"ASD","Control"
"937","SRR11524159",0.138931532095415,0.0627994081943487,0.764042921560529,0.0342261381497077,"Control","Control"
"938","SRR11524160",0.0614374698143221,0.180402886733666,0.411154804252883,0.347004839199128,"Control","Control"
"939","SRR11524161",0.128358946210229,0.350141880536525,0.462033185170161,0.0594659880830845,"Control","Control"
"940","SRR11524162",0.0519456641678855,0.0204676663723749,0.403009451727289,0.52457721773245,"PD","Control"
"941","SRR11524163",0.184046571599383,0.717078331576973,0.0276271349411421,0.071247961882501,"ASD","ASD"
"942","SRR11524164",0.159729726402387,0.0958869440615961,0.141594613552192,0.602788715983826,"PD","ASD"
"943","SRR11524165",0.269906060887402,0.376100412508862,0.124280923914496,0.229712602689241,"ASD","ASD"
"944","SRR11524166",0.0936525227158503,0.341005043244374,0.270975703406404,0.294366730633371,"ASD","ASD"
"945","SRR11524167",0.0931067869986789,0.71986164392944,0.0791882209619281,0.107843348109953,"ASD","ASD"
"946","SRR11524168",0.31441896914247,0.413851832260582,0.160302117117123,0.111427081479825,"ASD","ASD"
"947","SRR11524169",0.231751529075667,0.578291707902648,0.0330226050117051,0.15693415800998,"ASD","ASD"
"948","SRR11524170",0.0884444439372914,0.382584059646827,0.20486821097598,0.324103285439902,"ASD","ASD"
"949","SRR11524171",0.257508106704814,0.653033495297471,0.0578942624540251,0.0315641355436894,"ASD","ASD"
"950","SRR11524172",0.243627085550384,0.613668090474233,0.0700340366441106,0.0726707873312724,"ASD","ASD"
"951","SRR11524173",0.321311141327692,0.0578445745625945,0.0898697948055896,0.530974489304124,"PD","ASD"
"952","SRR11524174",0.247052629770862,0.0762320153380248,0.387962345337135,0.288753009553979,"Control","ASD"
"953","SRR11524175",0.154582480678094,0.554912414046946,0.0245109888598324,0.265994116415127,"ASD","ASD"
"954","SRR11524176",0.277600053502712,0.405705172369159,0.122999197980702,0.193695576147427,"ASD","ASD"
"955","SRR11524177",0.308206797650021,0.563864567791403,0.0796289561039655,0.0482996784546104,"ASD","ASD"
"956","SRR11524178",0.0580139007467669,0.26794184513986,0.24816690122006,0.425877352893313,"PD","ASD"
"957","SRR11524179",0.141904435190417,0.537377844835881,0.173335956916011,0.147381763057691,"ASD","ASD"
"958","SRR11524180",0.328430996398806,0.0591170394363519,0.507432550490766,0.105019413674076,"Control","ASD"
"959","SRR11524181",0.241229133426338,0.616700789010289,0.0588482352054329,0.0832218423579401,"ASD","ASD"
"960","SRR11524182",0.206804432914575,0.501262679151712,0.168606333905343,0.12332655402837,"ASD","ASD"
"961","SRR11524183",0.200733159664414,0.449979841097992,0.0776409153917754,0.271646083845818,"ASD","ASD"
"962","SRR11524184",0.252166419368737,0.0424394759427979,0.613956548763939,0.0914375559245259,"Control","ASD"
"963","SRR11524185",0.204923979748849,0.149381479923146,0.0663900757503628,0.579304464577643,"PD","ASD"
"964","SRR11524186",0.121628780501379,0.306793264436923,0.0635049599365926,0.508072995125105,"PD","ASD"
"965","SRR12113713",0.227862726861696,0.212967645397649,0.438150622103449,0.121019005637206,"Control","Control"
"966","SRR12113714",0.0254005483513799,0.100994218616953,0.570271723233783,0.303333509797885,"Control","Control"
"967","SRR12113715",0.119731751280397,0.403736322755425,0.117444344490882,0.359087581473296,"ASD","Control"
"968","SRR12113716",0.0330183723045978,0.239044900667914,0.583877040273947,0.144059686753541,"Control","Control"
"969","SRR12113717",0.0533596425559791,0.125635719904667,0.743145718863919,0.0778589186754345,"Control","Control"
"970","SRR12113718",0.287848561952091,0.237725117093305,0.364415388779921,0.110010932174683,"Control","Control"
"971","SRR12113720",0.0941677025944481,0.0465633182760892,0.540277563603044,0.318991415526418,"Control","Control"
"972","SRR12113721",0.590122955384506,0.13773490781878,0.019186449175301,0.252955687621413,"AD","Control"
"973","SRR12113722",0.43800971574018,0.394301108565332,0.129198881947021,0.0384902937474672,"AD","Control"
"974","SRR12113723",0.162206975179159,0.2241053509348,0.337697781261211,0.27598989262483,"Control","Control"
"975","SRR12113724",0.12069228969691,0.29553011093188,0.0777455607616223,0.506032038609588,"PD","Control"
"976","SRR12113725",0.240079286660097,0.42581992406966,0.0501788356800674,0.283921953590175,"ASD","Control"
"977","SRR12113726",0.178898898849062,0.158802136833154,0.585549786675285,0.0767491776424992,"Control","Control"
"978","SRR12113727",0.228262968665223,0.0996731819544466,0.366686823177182,0.305377026203148,"Control","Control"
"979","SRR12113728",0.235722648400416,0.151043170296212,0.525257473478161,0.087976707825212,"Control","Control"
"980","SRR12113729",0.0800953290686117,0.0711846137075337,0.469550533695081,0.379169523528773,"Control","Control"
"981","SRR12113731",0.361250895040338,0.0538834835035098,0.546559175203856,0.0383064462522958,"Control","Control"
"982","SRR12113732",0.132451441192079,0.693157376782633,0.0457878364959743,0.128603345529314,"ASD","Control"
"983","SRR12113733",0.0839892201649637,0.161534890553275,0.677009833220389,0.0774660560613713,"Control","Control"
"984","SRR12113734",0.0647648576449592,0.137093445283062,0.472791238610665,0.325350458461314,"Control","Control"
"985","SRR12113735",0.314264072167713,0.548671112171745,0.0720757074014326,0.0649891082591096,"ASD","Control"
"986","SRR12113736",0.18119922778717,0.216581027522721,0.585733593081281,0.016486151608828,"Control","Control"
"987","SRR12113737",0.128094056364117,0.131085635087418,0.152706009381813,0.588114299166652,"PD","Control"
"988","SRR12113738",0.0748065398017965,0.326233713060718,0.0348916003279164,0.56406814680957,"PD","Control"
"989","SRR12113739",0.242974649334624,0.25677413704968,0.374432638472305,0.125818575143392,"Control","Control"
"990","SRR12113740",0.141235124150433,0.0848569721837292,0.665827208746157,0.108080694919681,"Control","Control"
"991","SRR12113742",0.123488694931119,0.6942612024173,0.0996795612184045,0.0825705414331767,"ASD","Control"
"992","SRR12113743",0.0154789971801579,0.0694133369148986,0.777749541521014,0.137358124383929,"Control","Control"
"993","SRR12113744",0.106776179147325,0.385485154603511,0.441827956440231,0.0659107098089323,"Control","Control"
"994","SRR12113745",0.182217387228505,0.230190947488502,0.219438050769895,0.368153614513098,"PD","Control"
"995","SRR12113746",0.244293557912534,0.201915082589736,0.448122174441807,0.105669185055923,"Control","Control"
"996","SRR12113747",0.200875104498153,0.479578970919824,0.0544329061987764,0.265113018383246,"ASD","Control"
"997","SRR12113748",0.232390667350829,0.090883272385022,0.582892349096918,0.0938337111672309,"Control","Control"
"998","SRR12113749",0.171710705074952,0.3065713339976,0.259722826124085,0.261995134803363,"ASD","Control"
"999","SRR12113750",0.386855295182056,0.108598869795946,0.337109447788993,0.167436387233005,"AD","Control"
"1000","SRR12113751",0.02386577709506,0.230969102982537,0.558368451909813,0.18679666801259,"Control","Control"
"1001","SRR12113753",0.0943535728317703,0.10861765393353,0.150783130850328,0.646245642384371,"PD","Control"
"1002","SRR12113754",0.111320298728428,0.110915636355112,0.691782661530106,0.0859814033863543,"Control","Control"
"1003","SRR12113755",0.0338176076731392,0.165955613263466,0.427637205479586,0.372589573583809,"Control","Control"
"1004","SRR12113756",0.500206891722807,0.180108962515987,0.242499981703614,0.0771841640575926,"AD","Control"
"1005","SRR12113757",0.282336158540177,0.159378122948865,0.162754664690171,0.395531053820788,"PD","Control"
"1006","SRR12113767",0.220863343734699,0.0631490481418867,0.146674865516072,0.569312742607342,"PD","ASD"
"1007","SRR12113768",0.0670340008477961,0.182535702637753,0.0642370632475517,0.686193233266899,"PD","ASD"
"1008","SRR12113769",0.307109226251932,0.374362082779889,0.22788478880192,0.0906439021662593,"ASD","ASD"
"1009","SRR12113770",0.0650678456096672,0.127707489669894,0.221332844227997,0.585891820492443,"PD","ASD"
"1010","SRR12113771",0.253777694208091,0.185412204358984,0.0395790279054004,0.521231073527525,"PD","ASD"
"1011","SRR12113772",0.0851429703416283,0.642615655493878,0.220658986936055,0.0515823872284391,"ASD","ASD"
"1012","SRR12113773",0.0451889855721912,0.397847433686541,0.340553999379741,0.216409581361527,"ASD","ASD"
"1013","SRR12113775",0.327783758373289,0.557594185774507,0.065078175975522,0.0495438798766818,"ASD","ASD"
"1014","SRR13306613",0.324407902436859,0.171692459368669,0.386500715901946,0.117398922292526,"Control","Control"
"1015","SRR13306614",0.226197267786687,0.27515046639259,0.175431200806863,0.32322106501386,"PD","Control"
"1016","SRR13306615",0.182983691619886,0.466999329985325,0.290751642026682,0.0592653363681064,"ASD","Control"
"1017","SRR13306616",0.146151886673124,0.084706328509562,0.414320862428987,0.354820922388327,"Control","Control"
"1018","SRR13306617",0.251103751562289,0.266262084563582,0.159035975676643,0.323598188197486,"PD","Control"
"1019","SRR13306618",0.333481834998094,0.0524723796709622,0.537224812861414,0.0768209724695294,"Control","Control"
"1020","SRR13306619",0.3228932247305,0.437537279148658,0.0184834558085947,0.221086040312247,"ASD","Control"
"1021","SRR13306620",0.279123916718437,0.233313692868917,0.338706831335468,0.148855559077179,"Control","Control"
"1022","SRR13306621",0.0812143785309055,0.100782866020593,0.0241581758865057,0.793844579561996,"PD","Control"
"1023","SRR13306622",0.220924670344706,0.0617012386409266,0.040290500612783,0.677083590401584,"PD","Control"
"1024","SRR13306638",0.115924938493323,0.0717147172619493,0.600559120287547,0.21180122395718,"Control","Control"
"1025","SRR13306658",0.348683768645308,0.0698478187719745,0.456627760402361,0.124840652180356,"Control","Control"
"1026","SRR13306659",0.027455006695982,0.518268840410713,0.395855656445759,0.058420496447546,"ASD","ASD"
"1027","SRR13306660",0.0503589526418722,0.403008699501841,0.227886502564818,0.318745845291469,"ASD","ASD"
"1028","SRR13306661",0.0859415802064067,0.450494101733624,0.32207292347095,0.141491394589019,"ASD","ASD"
"1029","SRR13306662",0.07210979867424,0.391834097636956,0.194398437086227,0.341657666602577,"ASD","ASD"
"1030","SRR13306663",0.112461668095273,0.341552224278991,0.27044606700832,0.275540040617416,"ASD","ASD"
"1031","SRR13306664",0.307840352511678,0.493936607655999,0.119812876624694,0.0784101632076293,"ASD","ASD"
"1032","SRR13306665",0.0787905285943395,0.0318439722078799,0.469427711974868,0.419937787222913,"Control","ASD"
"1033","SRR13306666",0.13818327397792,0.0648272549619399,0.132649696676852,0.664339774383288,"PD","ASD"
"1034","SRR13306667",0.130925570046021,0.293611390789447,0.142139207312791,0.433323831851741,"PD","ASD"
"1035","SRR13306668",0.31416209868993,0.382019262621219,0.109984506230645,0.193834132458206,"ASD","ASD"
"1036","SRR13306669",0.136248255627561,0.56444145521562,0.0370480348922857,0.262262254264534,"ASD","Control"
"1037","SRR13306670",0.308874576885609,0.376982860957957,0.141946866912916,0.172195695243518,"ASD","ASD"
"1038","SRR13306671",0.0518142148407527,0.587102826086539,0.30026217290214,0.0608207861705686,"ASD","ASD"
"1039","SRR13306672",0.164263222222773,0.212213187182686,0.349149686421528,0.274373904173013,"Control","ASD"
"1040","SRR13306673",0.15264459588524,0.389941025018766,0.242787319265529,0.214627059830465,"ASD","ASD"
"1041","SRR13306674",0.185944017512193,0.371946893410291,0.129373310403869,0.312735778673647,"ASD","ASD"
"1042","SRR13306675",0.136171720787485,0.661919450332269,0.0733630993042344,0.128545729576011,"ASD","ASD"
"1043","SRR13306676",0.222602465970848,0.430820369129926,0.0952650910012944,0.251312073897932,"ASD","ASD"
"1044","SRR13306677",0.126397619955669,0.600429362564128,0.1529616204506,0.120211397029603,"ASD","ASD"
"1045","SRR13306678",0.141056903877425,0.423176302607096,0.243976490982304,0.191790302533174,"ASD","ASD"
"1046","SRR13306679",0.219486542970858,0.227576908564769,0.0404447257266898,0.512491822737683,"PD","ASD"
"1047","SRR13306681",0.146096584743358,0.35203908722209,0.401085272519671,0.100779055514882,"Control","Control"
"1048","SRR13306683",0.0448539041310431,0.135456885623802,0.112842394073541,0.706846816171614,"PD","Control"
"1049","SRR13306684",0.386294983153049,0.0458771012429856,0.493691788702005,0.0741361269019607,"Control","Control"
"1050","SRR13306685",0.095334585209652,0.765693995935964,0.0972530313731684,0.0417183874812152,"ASD","Control"
"1051","SRR13306686",0.25307695590319,0.160114368221536,0.464388885958259,0.122419789917015,"Control","Control"
"1052","SRR13306687",0.223772377296812,0.0457874752645785,0.519769751105594,0.210670396333015,"Control","Control"
"1053","SRR13306688",0.216002633171177,0.370061046114125,0.157430480666587,0.256505840048112,"ASD","Control"
"1054","SRR13306689",0.0388425963223624,0.278251020873178,0.61977234688848,0.0631340359159796,"Control","Control"
"1055","SRR13306690",0.262669912887542,0.0991954704504202,0.496979923124825,0.141154693537213,"Control","Control"
"1056","SRR13306691",0.377661116314528,0.218560674516513,0.201712320190224,0.202065888978735,"AD","Control"
"1057","SRR13306692",0.0553528322203597,0.619583818566694,0.251615616748487,0.073447732464459,"ASD","Control"
"1058","SRR13306693",0.0965464083671938,0.180806646243841,0.558547946803802,0.164098998585164,"Control","Control"
"1059","SRR13306694",0.355771464359609,0.0688357721912635,0.426057122846085,0.149335640603043,"Control","Control"
"1060","SRR13306695",0.0344980857306598,0.0167841512864641,0.0789524194460437,0.869765343536832,"PD","Control"
"1061","SRR13306696",0.0929588525139792,0.267932292600337,0.342336552809186,0.296772302076498,"Control","Control"
"1062","SRR13306697",0.0325612011537572,0.818656190462328,0.0997132863919399,0.0490693219919751,"ASD","Control"
"1063","SRR13306698",0.127893989714064,0.329336806570526,0.259849658957086,0.282919544758324,"ASD","Control"
"1064","SRR13306699",0.113821813892247,0.13601639198644,0.652018003590565,0.0981437905307473,"Control","Control"
"1065","SRR13306700",0.133831397637138,0.154255429887556,0.175790303730245,0.536122868745061,"PD","Control"
"1066","SRR13306701",0.0916717250234958,0.186077770342233,0.658250718265574,0.0639997863686975,"Control","Control"
"1067","SRR13306702",0.0363446124558107,0.112741341884277,0.510688252207562,0.34022579345235,"Control","Control"
"1068","SRR13306703",0.108316975285323,0.446690131716782,0.0704825113476171,0.374510381650279,"ASD","Control"
"1069","SRR13306704",0.0324240497392387,0.354905815858588,0.197293724233762,0.415376410168411,"PD","Control"
"1070","SRR13306705",0.0523987791312266,0.150159472042489,0.676715741748684,0.1207260070776,"Control","Control"
"1071","SRR13306706",0.116589538642327,0.226343315708639,0.160567196796974,0.49649994885206,"PD","Control"
"1072","SRR13306707",0.10185734450723,0.253784506839857,0.520053108841841,0.124305039811072,"Control","Control"
"1073","SRR13306708",0.144023587611552,0.141942997647403,0.24226056601865,0.471772848722395,"PD","Control"
"1074","SRR13306709",0.15427030175694,0.423790260766252,0.364532719766715,0.0574067177100938,"ASD","ASD"
"1075","SRR13306710",0.144306040589823,0.212932910947052,0.537730534515982,0.105030513947144,"Control","ASD"
"1076","SRR13306711",0.0986801517600039,0.663944265552346,0.08540022001159,0.15197536267606,"ASD","ASD"
"1077","SRR13306712",0.0360155163271435,0.656619553092344,0.245377069905825,0.0619878606746867,"ASD","ASD"
"1078","SRR13306713",0.32124172777439,0.434826691567023,0.0979098764860741,0.146021704172513,"ASD","ASD"
"1079","SRR13306714",0.178598577552277,0.19346168254268,0.538269316503087,0.0896704234019554,"Control","ASD"
"1080","SRR13306715",0.227328376073512,0.368006458291906,0.107107240950458,0.297557924684125,"ASD","ASD"
"1081","SRR13306716",0.150354370334476,0.117643905598605,0.130912298846215,0.601089425220704,"PD","ASD"
"1082","SRR13306717",0.100522658867195,0.114912689007704,0.606950180794244,0.177614471330857,"Control","ASD"
"1083","SRR13306718",0.143202233875798,0.49038467915523,0.271832634900051,0.0945804520689208,"ASD","Control"
"1084","SRR13306719",0.215981087891333,0.218624604525839,0.239037048546116,0.326357259036711,"PD","ASD"
"1085","SRR13306720",0.108888612342602,0.494336031881221,0.349716126864426,0.0470592289117518,"ASD","ASD"
"1086","SRR13306721",0.0925654405309462,0.655789383250079,0.0815554356433788,0.170089740575596,"ASD","ASD"
"1087","SRR13306722",0.116281758815028,0.333683283244041,0.260386025115879,0.289648932825052,"ASD","ASD"
"1088","SRR13306723",0.155543860109818,0.320229995900135,0.243764770855393,0.280461373134654,"ASD","ASD"
"1089","SRR13306724",0.38688551136764,0.487769120806637,0.0483837328357573,0.0769616349899657,"ASD","ASD"
"1090","SRR13306725",0.227629672981938,0.503075417653483,0.111318727874101,0.157976181490477,"ASD","ASD"
"1091","SRR13306726",0.0572041306372471,0.515967341805099,0.28387601016511,0.142952517392545,"ASD","ASD"
"1092","SRR13306727",0.0992424124275005,0.577705519476674,0.117152822913351,0.205899245182474,"ASD","ASD"
"1093","SRR13306728",0.0827279363936616,0.392945777653724,0.249663796734579,0.274662489218036,"ASD","ASD"
"1094","SRR13306729",0.198459607815776,0.0997929460975629,0.326891651534428,0.374855794552233,"PD","Control"
"1095","SRR13306730",0.131070598167129,0.212701709132104,0.604977854540699,0.0512498381600681,"Control","Control"
"1096","SRR13306731",0.0910361335431763,0.197681130046564,0.105567901968077,0.605714834442183,"PD","Control"
"1097","SRR16229508",0.29140577298776,0.266485253364797,0.376201819704752,0.0659071539426902,"Control","Control"
"1098","SRR16229510",0.181818394595646,0.554719556762724,0.0901429494329428,0.173319099208687,"ASD","ASD"
"1099","SRR16229519",0.0245292267972301,0.292876345154326,0.565399248648616,0.117195179399828,"Control","ASD"
"1100","SRR16229520",0.335305811646379,0.383452954773624,0.0924190894773115,0.188822144102686,"ASD","ASD"
"1101","SRR16229521",0.167132401644167,0.322389155305876,0.276450864869381,0.234027578180576,"ASD","ASD"
"1102","SRR16229522",0.201182591551017,0.512993095311065,0.195858141149453,0.0899661719884648,"ASD","ASD"
"1103","SRR16229523",0.0228255843328905,0.642948244427713,0.208278117607658,0.125948053631738,"ASD","ASD"
"1104","SRR16229524",0.267395820966618,0.213726862393498,0.0209541667100405,0.497923149929844,"PD","ASD"
"1105","SRR16229525",0.226757219160462,0.414183983498288,0.203706075588466,0.155352721752784,"ASD","ASD"
"1106","SRR16229526",0.0902478345730891,0.244168929654106,0.16517191929206,0.500411316480745,"PD","ASD"
"1107","SRR16229527",0.347004955353665,0.152061511230624,0.0143840098867492,0.486549523528961,"PD","ASD"
"1108","SRR16229528",0.257982731441911,0.349840517636036,0.179572850669382,0.212603900252671,"ASD","ASD"
"1109","SRR16229529",0.0388564785687887,0.825692097452576,0.0626326204902183,0.0728188034884172,"ASD","ASD"
"1110","SRR16229530",0.296266226403105,0.388416617170068,0.0893845379404228,0.225932618486404,"ASD","ASD"
"1111","SRR16229531",0.12023604637991,0.506606193971806,0.153152857854551,0.220004901793733,"ASD","ASD"
"1112","SRR16229532",0.166734689538746,0.020573661862214,0.167496804716352,0.645194843882688,"PD","ASD"
"1113","SRR16229533",0.184311456821201,0.0423066192582287,0.462168782606525,0.311213141314045,"Control","ASD"
"1114","SRR16229534",0.14854701682881,0.607046610184429,0.19665060941298,0.0477557635737816,"ASD","ASD"
"1115","SRR16229535",0.063848392735488,0.484578745427965,0.224540156904483,0.227032704932064,"ASD","ASD"
"1116","SRR16229536",0.079452058617596,0.749152664803457,0.0362480384985866,0.135147238080361,"ASD","ASD"
"1117","SRR16229537",0.109143041267907,0.37895432223394,0.184868080687366,0.327034555810788,"ASD","ASD"
"1118","SRR16229538",0.20059585345161,0.588748403772213,0.0170291569856737,0.193626585790504,"ASD","ASD"
"1119","SRR16229539",0.0873115771837563,0.623890117937291,0.0650869255896365,0.223711379289316,"ASD","ASD"
"1120","SRR16229540",0.0448067965814627,0.619096750301448,0.227828893369947,0.108267559747143,"ASD","ASD"
"1121","SRR16229541",0.321017071482079,0.142966840076371,0.173853853401028,0.362162235040523,"PD","ASD"
"1122","SRR16229542",0.199186057721504,0.609749067234119,0.0345205762539481,0.156544298790429,"ASD","ASD"
"1123","SRR16229543",0.0420419430252602,0.381187734242638,0.274449922757427,0.302320399974675,"ASD","ASD"
"1124","SRR16229545",0.0876431516059839,0.626138195735693,0.176093764408009,0.110124888250313,"ASD","ASD"
"1125","SRR16229546",0.296672886180566,0.466712125172706,0.0653227513287248,0.171292237318003,"ASD","ASD"
"1126","SRR16229547",0.338724041403687,0.400077717192462,0.246037498467483,0.0151607429363686,"ASD","ASD"
"1127","SRR16229548",0.072809279478927,0.587992567278117,0.15020465352246,0.188993499720496,"ASD","ASD"
"1128","SRR16229549",0.0634084713357458,0.0661295753610923,0.490159584355611,0.380302368947551,"Control","Control"
"1129","SRR16229550",0.185870321132988,0.401327024209297,0.259467361242046,0.153335293415669,"ASD","ASD"
"1130","SRR16229551",0.194339959376245,0.528791252547211,0.0223836187258166,0.254485169350728,"ASD","ASD"
"1131","SRR16229552",0.369933191067666,0.44436418564237,0.0968418943748629,0.0888607289151006,"ASD","ASD"
"1132","SRR16229553",0.157587123787235,0.397480036542267,0.306301529517087,0.138631310153411,"ASD","ASD"
"1133","SRR16229554",0.35652640111122,0.148712654456911,0.414219868009268,0.0805410764226003,"Control","ASD"
"1134","SRR16229555",0.049524028453203,0.184787219589301,0.271230585483324,0.494458166474172,"PD","ASD"
"1135","SRR16229556",0.0794202779372002,0.549007198601866,0.243643517310303,0.127929006150631,"ASD","ASD"
"1136","SRR16229558",0.307487856161436,0.347978421059509,0.164410109450249,0.180123613328806,"ASD","ASD"
"1137","SRR16229561",0.206457629303825,0.101924662435184,0.399031365079696,0.292586343181296,"Control","Control"
"1138","SRR16229562",0.307479569232884,0.155203375868798,0.494955157898512,0.0423618969998054,"Control","Control"
"1139","SRR16229563",0.169086871035051,0.15469277101067,0.601635360912626,0.0745849970416537,"Control","Control"
"1140","SRR16229565",0.237292619567642,0.102011553419945,0.074603886772242,0.586091940240171,"PD","Control"
"1141","SRR16229566",0.112427309962386,0.113885473600352,0.694246679860122,0.0794405365771401,"Control","Control"
"1142","SRR16229567",0.103517367035105,0.450839016960017,0.0693429075557871,0.376300708449091,"ASD","Control"
"1143","SRR16229568",0.180424154942483,0.033404063642895,0.579355351390714,0.206816430023908,"Control","Control"
"1144","SRR16229569",0.3323379586751,0.184636207928323,0.446085777657417,0.0369400557391593,"Control","Control"
"1145","SRR16229570",0.190829728096228,0.206984029966445,0.183848003704254,0.418338238233072,"PD","Control"
"1146","SRR16229571",0.329084364816471,0.446263186928496,0.0940007131736129,0.13065173508142,"ASD","ASD"
"1147","SRR16229572",0.345046178034483,0.434985770525935,0.109037189371233,0.110930862068349,"ASD","ASD"
"1148","SRR16229588",0.223121485969433,0.558612917072173,0.0587863069682516,0.159479289990143,"ASD","Control"
"1149","SRR16229590",0.0701803835735179,0.144790358345103,0.696415678387779,0.0886135796936002,"Control","Control"
"1150","SRR16229591",0.247392450888633,0.0399333205927345,0.265303547878764,0.447370680639869,"PD","Control"
"1151","SRR16229596",0.0997660733183565,0.198973226521974,0.406847863552232,0.294412836607438,"Control","ASD"
"1152","SRR16229597",0.0384601969610886,0.595386399337143,0.244311901564233,0.121841502137536,"ASD","ASD"
"1153","SRR16229598",0.143855823092911,0.173992217167338,0.178092111329095,0.504059848410656,"PD","ASD"
"1154","SRR16229599",0.159611404608412,0.411155870320358,0.326777673513596,0.102455051557633,"ASD","ASD"
"1155","SRR16229600",0.038914848246101,0.873218063921662,0.0499301365912454,0.0379369512409916,"ASD","ASD"
"1156","SRR16229601",0.255534447079363,0.400889399148045,0.253808257265948,0.0897678965066443,"ASD","ASD"
"1157","SRR16229602",0.0774818214326033,0.20599091370205,0.0785478958691942,0.637979368996153,"PD","ASD"
"1158","SRR16229603",0.0945276291597227,0.566547131164307,0.278062959094308,0.0608622805816618,"ASD","ASD"
"1159","SRR16229604",0.0737325555997703,0.68666181698896,0.0964988657475012,0.143106761663768,"ASD","ASD"
"1160","SRR16229605",0.13046450385452,0.433193707593661,0.312518264812839,0.12382352373898,"ASD","ASD"
"1161","SRR16229606",0.0767892454675619,0.385988477756029,0.0638877674084943,0.473334509367914,"PD","ASD"
"1162","SRR16229607",0.104635846146035,0.224908745753452,0.222671859171046,0.447783548929467,"PD","ASD"
"1163","SRR16229608",0.158837705231017,0.628315238764956,0.157966714668203,0.0548803413358244,"ASD","ASD"
"1164","SRR16229609",0.0487962128059703,0.0375305810828715,0.798924004543386,0.114749201567772,"Control","ASD"
"1165","SRR16229610",0.265329234381449,0.348950986863987,0.289871636519145,0.0958481422354187,"ASD","ASD"
"1166","SRR16229611",0.121634453585852,0.404717267453782,0.230006850546804,0.243641428413562,"ASD","ASD"
"1167","SRR16229612",0.262425740848646,0.327998644172914,0.270579850790393,0.138995764188048,"ASD","ASD"
"1168","SRR16229615",0.24920622903098,0.441201299187506,0.240103897848048,0.0694885739334654,"ASD","Control"
"1169","SRR16229616",0.0388888446915127,0.386283509148827,0.493931793082419,0.0808958530772405,"Control","Control"
"1170","SRR16229617",0.120684347989885,0.201863826222314,0.41642942893745,0.261022396850351,"Control","Control"
"1171","SRR16229618",0.105227575342572,0.616113032225431,0.103721653988309,0.174937738443689,"ASD","Control"
"1172","SRR16229619",0.0721151569276896,0.201753584490453,0.660990463726772,0.0651407948550854,"Control","Control"
"1173","SRR16229620",0.273303854246553,0.250859785220902,0.129296207715679,0.346540152816867,"PD","Control"
"1174","SRR16229621",0.313312312937855,0.153189954458948,0.392056420281597,0.1414413123216,"Control","Control"
"1175","SRR16229622",0.204282042599747,0.544599091690821,0.182452000270148,0.0686668654392841,"ASD","ASD"
"1176","SRR16229632",0.016155655211215,0.642066808869148,0.115164185822403,0.226613350097233,"ASD","ASD"
"1177","SRR16229635",0.0424787522404052,0.654279198724321,0.226827338635633,0.07641471039964,"ASD","ASD"
"1178","SRR16229636",0.253273613808452,0.339287433498212,0.102546125617381,0.304892827075955,"ASD","ASD"
"1179","SRR16229637",0.182951093782358,0.337233385384051,0.0527752548698161,0.427040265963774,"PD","ASD"
"1180","SRR16229638",0.306808791488911,0.456107171788101,0.180039758228022,0.0570442784949659,"ASD","ASD"
"1181","SRR16229639",0.165656869555836,0.614078277538577,0.17633900766094,0.0439258452446479,"ASD","ASD"
"1182","SRR16229642",0.064308049310588,0.206212545218583,0.61998190473003,0.109497500740799,"Control","Control"
"1183","SRR16229645",0.304834182355218,0.13615101614453,0.458291167534416,0.100723633965836,"Control","Control"
"1184","SRR16229646",0.221762323121308,0.508054657598704,0.0244392304882975,0.245743788791691,"ASD","ASD"
"1185","SRR16229647",0.256228947233706,0.360550451872622,0.325651218086594,0.057569382807078,"ASD","ASD"
"1186","SRR16229649",0.0819217563777869,0.594850128320906,0.195333854036783,0.127894261264523,"ASD","ASD"
"1187","SRR16229650",0.0825990473921161,0.423858669412076,0.331383216597275,0.162159066598532,"ASD","ASD"
"1188","SRR16229651",0.141717641973601,0.621759983871278,0.0801481012266517,0.156374272928469,"ASD","ASD"
"1189","SRR16229652",0.328182599796613,0.369015968370933,0.139923637684897,0.162877794147557,"ASD","ASD"
"1190","SRR16229653",0.146259435478793,0.524457239943926,0.0335707105015699,0.295712614075711,"ASD","ASD"
"1191","SRR16229654",0.282450211806101,0.377057039564922,0.159785600803556,0.18070714782542,"ASD","ASD"
"1192","SRR16229655",0.133381868933697,0.220315637035038,0.266628253550551,0.379674240480714,"PD","ASD"
"1193","SRR16229656",0.221440668129004,0.406025133112692,0.0815854998963549,0.290948698861949,"ASD","ASD"
"1194","SRR16229657",0.318278560992325,0.43197688023134,0.0585520289282291,0.191192529848106,"ASD","ASD"
"1195","SRR16229658",0.214035262478251,0.390811022534324,0.158781337202492,0.236372377784933,"ASD","ASD"
"1196","SRR16229660",0.314748265658539,0.093190751886023,0.526573711220965,0.0654872712344721,"Control","ASD"
"1197","SRR16229661",0.0255241195101283,0.510868051810931,0.271938986512561,0.191668842166379,"ASD","ASD"
"1198","SRR16229662",0.0296446557397604,0.869097044425924,0.0312976042492483,0.069960695585067,"ASD","ASD"
"1199","SRR16229663",0.0281172180979493,0.624854804582292,0.0780478990967007,0.268980078223058,"ASD","ASD"
"1200","SRR16229664",0.0219250723231344,0.529875328633293,0.40819341046205,0.0400061885815224,"ASD","ASD"
"1201","SRR16229665",0.33943480008374,0.402955817701835,0.118771452260072,0.138837929954353,"ASD","ASD"
"1202","SRR16229666",0.0398274520142141,0.157837131539017,0.0534474245825391,0.74888799186423,"PD","ASD"
"1203","SRR16229667",0.287809561961731,0.172025701639573,0.501832016614613,0.0383327197840829,"Control","ASD"
"1204","SRR16229668",0.0398427806093992,0.687642403450054,0.130600380704597,0.14191443523595,"ASD","ASD"
"1205","SRR16229669",0.227442049563141,0.446510950188049,0.244585530525231,0.08146146972358,"ASD","ASD"
"1206","SRR16229670",0.172873591648824,0.699823941479743,0.051613222752536,0.0756892441188971,"ASD","ASD"
"1207","SRR16229671",0.0576229544371529,0.534711093139318,0.182716116665829,0.2249498357577,"ASD","ASD"
"1208","SRR16229672",0.20363501295171,0.35774173460572,0.239214067494088,0.199409184948481,"ASD","ASD"
"1209","SRR16229673",0.155205189008116,0.470958008163795,0.0798983592578218,0.293938443570268,"ASD","ASD"
"1210","SRR16229674",0.208302039617325,0.705511004565038,0.0805953505263136,0.00559160529132355,"ASD","ASD"
"1211","SRR16229675",0.230467595767892,0.379410354356971,0.312815643628343,0.0773064062467949,"ASD","ASD"
"1212","SRR16229676",0.159006290229815,0.336960745384462,0.202719173496941,0.301313790888782,"ASD","ASD"
"1213","SRR16229677",0.0519700586561882,0.420005016755347,0.35281141863878,0.175213505949684,"ASD","ASD"
"1214","SRR16229678",0.188757941137187,0.238114691930064,0.469304893152004,0.103822473780745,"Control","ASD"
"1215","SRR16229679",0.335603511562086,0.404297666416186,0.146693207436408,0.113405614585319,"ASD","ASD"
"1216","SRR16229680",0.760156551463139,0.0863388237154663,0.0888078797508241,0.0646967450705708,"AD","ASD"
"1217","SRR16229681",0.0293862560115008,0.18146910361566,0.645568024476458,0.143576615896381,"Control","ASD"
"1218","SRR16229682",0.18911822145988,0.542386720502476,0.212782613912895,0.0557124441247489,"ASD","ASD"
"1219","SRR16229683",0.11312243940546,0.500572304948173,0.309351563492412,0.0769536921539543,"ASD","ASD"
"1220","SRR16229684",0.286294135237747,0.177732674230105,0.37513234170331,0.160840848828838,"Control","ASD"
"1221","SRR16229685",0.200192327738751,0.336134801899187,0.242500461912861,0.221172408449201,"ASD","ASD"
"1222","SRR16229686",0.0311718352446239,0.419006336157711,0.181301301516199,0.368520527081466,"ASD","ASD"
"1223","SRR16229687",0.319015007841584,0.374999265945543,0.0219401674223594,0.284045558790514,"ASD","ASD"
"1224","SRR16229699",0.0965110687924359,0.021638237748781,0.545436444614578,0.336414248844205,"Control","Control"
"1225","SRR16229700",0.17080997773309,0.279606520061187,0.475735529717261,0.0738479724884609,"Control","Control"
"1226","SRR16229701",0.293351065512176,0.417596319047925,0.239558861499319,0.0494937539405802,"ASD","ASD"
"1227","SRR16229702",0.2520436019265,0.345649624897046,0.213444213240664,0.188862559935789,"ASD","ASD"
"1228","SRR16229703",0.188293396524483,0.2906821223843,0.430785528060277,0.0902389530309395,"Control","Control"
"1229","SRR16229705",0.160384315134384,0.0455112955396708,0.429629383227824,0.364475006098122,"Control","ASD"
"1230","SRR16229706",0.362063260419036,0.00861469389701612,0.193142031235918,0.43618001444803,"PD","ASD"
"1231","SRR16229707",0.0154837045801256,0.0452867447534958,0.593642572713176,0.345586977953203,"Control","ASD"
"1232","SRR16229708",0.213775349164457,0.1785245750855,0.540838431695231,0.0668616440548124,"Control","ASD"
"1233","SRR16229709",0.203446166555595,0.389766780119515,0.240132126368414,0.166654926956475,"ASD","ASD"
"1234","SRR16229710",0.227651113649039,0.386653480205538,0.0700074703990499,0.315687935746373,"ASD","ASD"
"1235","SRR16229711",0.364484434316139,0.124728577849438,0.404953999824379,0.105832988010044,"Control","ASD"
"1236","SRR16229712",0.162011803516441,0.103862647424154,0.419299343861869,0.314826205197536,"Control","ASD"
"1237","SRR16229713",0.0803431566247634,0.19995182998476,0.220565748169985,0.499139265220491,"PD","ASD"
"1238","SRR16229716",0.064105207680853,0.139476922326133,0.418582698264448,0.377835171728566,"Control","Control"
"1239","SRR16229717",0.189655664323511,0.495559603327702,0.190705450888537,0.124079281460249,"ASD","ASD"
"1240","SRR16229718",0.0424659783531924,0.0715272156689775,0.79466634038879,0.09134046558904,"Control","ASD"
"1241","SRR16229719",0.0875164848591075,0.335914948470366,0.538665483073692,0.0379030835968345,"Control","Control"
"1242","SRR16229727",0.0383816109232561,0.149507749654124,0.711592900091669,0.10051773933095,"Control","Control"
"1243","SRR16229728",0.179834344307206,0.595802624970204,0.0238269113225199,0.20053611940007,"ASD","Control"
"1244","SRR16229730",0.0445743473863111,0.0574953944888772,0.131015864246983,0.766914393877829,"PD","Control"
"1245","SRR16229734",0.117247459893332,0.446429833783143,0.176474153030097,0.259848553293428,"ASD","ASD"
"1246","SRR16229735",0.0521693891820995,0.478378893553765,0.399264058369652,0.0701876588944832,"ASD","ASD"
"1247","SRR16229737",0.0662533269926869,0.455008184704612,0.382604059309446,0.0961344289932546,"ASD","ASD"
"1248","SRR16229738",0.100827626597421,0.452147427111992,0.207120353108842,0.239904593181745,"ASD","ASD"
"1249","SRR16229739",0.0586153015803834,0.790349453841334,0.0747805621494623,0.0762546824288205,"ASD","ASD"
"1250","SRR16229740",0.0539980142139066,0.410796736180452,0.337598897072446,0.197606352533196,"ASD","ASD"
"1251","SRR16229741",0.255635584480183,0.221737326534221,0.317235657832178,0.205391431153418,"Control","ASD"
"1252","SRR16229742",0.0999400372091653,0.709282459564373,0.0672258444911063,0.123551658735356,"ASD","ASD"
"1253","SRR16229743",0.143387067558802,0.547485987535012,0.130134848683178,0.178992096223008,"ASD","ASD"
"1254","SRR16229744",0.275291800198183,0.47808473603022,0.133796634617588,0.112826829154009,"ASD","ASD"
"1255","SRR16229745",0.162629871039052,0.392841750475201,0.341495704782988,0.103032673702759,"ASD","ASD"
"1256","SRR16229746",0.218696784714319,0.569210377707428,0.0957906423545739,0.11630219522368,"ASD","ASD"
"1257","SRR16229747",0.216619788774089,0.361576470336229,0.141011961801577,0.280791779088105,"ASD","ASD"
"1258","SRR16229748",0.194163206432047,0.103372189410508,0.0253114390481424,0.677153165109303,"PD","ASD"
"1259","SRR16229749",0.344871728046346,0.0923440474886189,0.254658359376988,0.308125865088047,"AD","ASD"
"1260","SRR16229754",0.210002928047049,0.19952269782606,0.429736885004017,0.160737489122874,"Control","ASD"
"1261","SRR16229755",0.0444611168262173,0.272105578347663,0.359634589669537,0.323798715156584,"Control","Control"
"1262","SRR16229756",0.00884268650880032,0.0963802585619445,0.623167207251362,0.271609847677894,"Control","Control"
"1263","SRR16229757",0.202051161532272,0.167278846272572,0.214350949562882,0.416319042632273,"PD","Control"
"1264","SRR16229758",0.0831433063481624,0.0642703133438967,0.615291146243727,0.237295234064213,"Control","Control"
"1265","SRR16229759",0.0682685451284004,0.0218694107497037,0.841814858598466,0.0680471855234298,"Control","Control"
"1266","SRR16229760",0.730249736859493,0.0377067289848995,0.0893340756268792,0.142709458528728,"AD","Control"
"1267","SRR16229761",0.264665052532497,0.277557870253355,0.142236009015132,0.315541068199016,"PD","Control"
"1268","SRR16229762",0.142157570172294,0.539433684729608,0.120790581248225,0.197618163849873,"ASD","ASD"
"1269","SRR16229763",0.19281868979629,0.0648832120885817,0.0691677374729236,0.673130360642205,"PD","Control"
"1270","SRR16229764",0.172967157083305,0.631296214274185,0.0915300267536043,0.104206601888906,"ASD","Control"
"1271","SRR16229765",0.0705073832519899,0.0765251656380263,0.249849272179109,0.603118178930875,"PD","Control"
"1272","SRR16229766",0.0537175755526339,0.408266384484561,0.285001049326583,0.253014990636223,"ASD","Control"
"1273","SRR16229767",0.303944149577973,0.0409782585762323,0.355886084493369,0.299191507352425,"Control","Control"
"1274","SRR16229768",0.226869381667431,0.385145997644916,0.168259897480551,0.219724723207102,"ASD","Control"
"1275","SRR1999117",0.167263735185311,0.671453736327138,0.103416881942984,0.0578656465445673,"ASD","ASD"
"1276","SRR1999118",0.0608537488027574,0.0378232580106705,0.475682188811459,0.425640804375113,"Control","Control"
"1277","SRR1999119",0.293003009196063,0.363990819194626,0.0763407550070017,0.266665416602309,"ASD","ASD"
"1278","SRR1999120",0.345661680226265,0.0937547257559894,0.414086811187296,0.146496782830449,"Control","Control"
"1279","SRR1999121",0.0593913263031271,0.48077220567188,0.422395123939814,0.0374413440851785,"ASD","ASD"
"1280","SRR1999122",0.0648631998728253,0.359076584788519,0.410925161565634,0.165135053773021,"Control","Control"
"1281","SRR1999123",0.056008349619851,0.207069267493157,0.424809647347596,0.312112735539397,"Control","ASD"
"1282","SRR1999124",0.277692425806797,0.125723719460737,0.405726045201052,0.190857809531414,"Control","Control"
"1283","SRR1999125",0.160110412912137,0.398518569800516,0.231870856971422,0.209500160315924,"ASD","ASD"
"1284","SRR1999126",0.163368918316713,0.510711056695682,0.168093785530203,0.157826239457402,"ASD","ASD"
"1285","SRR1999127",0.290791078613048,0.3545575285386,0.260768846671713,0.0938825461766387,"ASD","ASD"
"1286","SRR1999128",0.135319113025641,0.0519822356151459,0.15670328613895,0.655995365220263,"PD","Control"
"1287","SRR1999129",0.204429851052869,0.215037807674465,0.155019012012588,0.425513329260079,"PD","ASD"
"1288","SRR1999130",0.147369302988038,0.136559845328829,0.5429260778911,0.173144773792034,"Control","Control"
"1289","SRR1999131",0.126187651193907,0.54996810327154,0.158982238359963,0.16486200717459,"ASD","ASD"
"1290","SRR1999132",0.015129788096374,0.0146232033720903,0.950603485946848,0.0196435225846883,"Control","Control"
"1291","SRR1999133",0.0983168155363687,0.538974009812415,0.223896586183959,0.138812588467257,"ASD","ASD"
"1292","SRR1999134",0.263989705414565,0.0982995040295822,0.427211957659875,0.210498832895977,"Control","ASD"
"1293","SRR1999135",0.0224804085581408,0.624041934272529,0.0588279327503868,0.294649724418944,"ASD","ASD"
"1294","SRR1999136",0.243492573388006,0.253885007915583,0.311912853451657,0.190709565244754,"Control","Control"
"1295","SRR1999137",0.341737587607483,0.386513102892225,0.182781191142981,0.0889681183573107,"ASD","ASD"
"1296","SRR1999138",0.300575780932786,0.0952486335394365,0.110700006634172,0.493475578893605,"PD","Control"
"1297","SRR1999139",0.074313148623255,0.41837614104853,0.133384090983924,0.373926619344291,"ASD","ASD"
"1298","SRR1999140",0.100250504632828,0.250410644067669,0.343656304310662,0.305682546988842,"Control","Control"
"1299","SRR1999141",0.227669729673292,0.559177542352471,0.127412603872247,0.0857401241019906,"ASD","ASD"
"1300","SRR1999142",0.068766325069197,0.189193447381491,0.667615487655522,0.0744247398937894,"Control","Control"
"1301","SRR1999143",0.193543859360917,0.1524159939732,0.532137028622063,0.12190311804382,"Control","ASD"
"1302","SRR1999144",0.239208363900296,0.042124701527736,0.272615968895043,0.446050965676925,"PD","Control"
"1303","SRR1999145",0.574365327693199,0.150439265283607,0.118234766577243,0.156960640445951,"AD","ASD"
"1304","SRR1999146",0.327140755899399,0.170497731902284,0.459422402818245,0.0429391093800713,"Control","Control"
"1305","SRR1999147",0.261335497661052,0.351002559361329,0.125933983510023,0.261727959467597,"ASD","ASD"
"1306","SRR1999148",0.0701737407104963,0.335284431202952,0.533121449451227,0.0614203786353246,"Control","Control"
"1307","SRR1999149",0.0725439233352994,0.266487876958806,0.628702555125393,0.0322656445805013,"Control","ASD"
"1308","SRR1999150",0.306279016860827,0.224263521683342,0.345242497330122,0.124214964125709,"Control","Control"
"1309","SRR1999151",0.204170991053,0.696478248019491,0.0374314396237892,0.0619193213037194,"ASD","ASD"
"1310","SRR1999152",0.0819648279349197,0.211729795930601,0.411617678269023,0.294687697865457,"Control","Control"
"1311","SRR1999153",0.0608300554396068,0.689358154150962,0.079893555006976,0.169918235402455,"ASD","ASD"
"1312","SRR1999154",0.158888697017086,0.154761176904305,0.489953010008407,0.196397116070201,"Control","Control"
"1313","SRR1999155",0.259483041705577,0.36092628106756,0.0613825915287954,0.318208085698068,"ASD","ASD"
"1314","SRR1999156",0.065962093676548,0.110889450178965,0.748362222331298,0.0747862338131892,"Control","Control"
"1315","SRR1999157",0.210156123841327,0.247624487811566,0.292666500458762,0.249552887888345,"Control","ASD"
"1316","SRR1999158",0.0321515886082663,0.252646081185058,0.523706145499825,0.191496184706851,"Control","Control"
"1317","SRR1999159",0.0615588710536427,0.631156922152366,0.207952949756545,0.0993312570374466,"ASD","ASD"
"1318","SRR1999160",0.239796384640769,0.308185427839987,0.378357745308002,0.0736604422112422,"Control","Control"
"1319","SRR1999161",0.17562320449283,0.34570719414919,0.308365380547616,0.170304220810364,"ASD","ASD"
"1320","SRR1999162",0.0598577552216938,0.726882873186899,0.0663891766416025,0.146870194949804,"ASD","ASD"
"1321","SRR1999163",0.27357809768823,0.307857076710292,0.391987036001078,0.0265777896003997,"Control","Control"
"1322","SRR1999164",0.0625519394053119,0.699580172131187,0.10066454349525,0.137203344968252,"ASD","ASD"
"1323","SRR1999165",0.00653226737449798,0.153976824340781,0.805754436798511,0.0337364714862107,"Control","Control"
"1324","SRR1999166",0.0901236535465708,0.443575818237604,0.295628320426958,0.170672207788867,"ASD","ASD"
"1325","SRR1999167",0.0681176190117943,0.279653590803762,0.492006157326607,0.160222632857837,"Control","Control"
"1326","SRR1999168",0.300100802318185,0.438202299735875,0.206980424300325,0.0547164736456141,"ASD","ASD"
"1327","SRR1999169",0.0778811966518327,0.0784688361738679,0.533272731061193,0.310377236113107,"Control","Control"
"1328","SRR1999170",0.246782955584122,0.0272140931029967,0.693777828739984,0.0322251225728971,"Control","Control"
"1329","SRR1999171",0.0560312409708766,0.798098894677336,0.109588924819327,0.0362809395324611,"ASD","ASD"
"1330","SRR1999172",0.127768505126197,0.632419006561213,0.161179544549081,0.0786329437635079,"ASD","ASD"
"1331","SRR1999173",0.110083503806481,0.649648383621688,0.216797008680441,0.02347110389139,"ASD","ASD"
"1332","SRR1999174",0.288033706601451,0.353506514168604,0.23472055314316,0.123739226086785,"ASD","ASD"
"1333","SRR1999175",0.196615562670905,0.568749122055728,0.036727811478221,0.197907503795146,"ASD","ASD"
"1334","SRR1999176",0.231243520983515,0.482363349210821,0.132121632672117,0.154271497133547,"ASD","ASD"
"1335","SRR1999177",0.056033301479091,0.26289748387527,0.572429414654992,0.108639799990647,"Control","Control"
"1336","SRR1999178",0.15533666306392,0.646802163958021,0.14735065234994,0.0505105206281198,"ASD","ASD"
"1337","SRR1999179",0.0660185729307929,0.744494904676627,0.0588650202802227,0.130621502112357,"ASD","ASD"
"1338","SRR1999180",0.148464955186512,0.473261099543248,0.0608840376304873,0.317389907639752,"ASD","Control"
"1339","SRR1999181",0.254337674083521,0.283639160008947,0.251100501694794,0.210922664212739,"ASD","ASD"
"1340","SRR1999182",0.125904738175281,0.710292882001041,0.0568200481161599,0.106982331707518,"ASD","ASD"
"1341","SRR1999183",0.101617025943285,0.60329342184853,0.154294212468293,0.140795339739892,"ASD","Control"
"1342","SRR1999184",0.206544179527586,0.562430976271566,0.1103547297077,0.120670114493148,"ASD","ASD"
"1343","SRR1999185",0.166355323754243,0.102392874583733,0.514918366788872,0.216333434873151,"Control","Control"
"1344","SRR1999186",0.291287071672527,0.175966216136495,0.0749307461000559,0.457815966090922,"PD","ASD"
"1345","SRR1999187",0.0474651142168196,0.486363275448859,0.0459670758157762,0.420204534518546,"ASD","ASD"
"1346","SRR1999188",0.0632300427878385,0.652631837100218,0.19392853849466,0.0902095816172835,"ASD","Control"
"1347","SRR1999189",0.215067979746382,0.485494163546452,0.121676382845679,0.177761473861487,"ASD","ASD"
"1348","SRR1999190",0.0300090070729025,0.839685492841856,0.0577889509553054,0.0725165491299362,"ASD","ASD"
"1349","SRR1999191",0.0493944242559599,0.762607039894327,0.102013470057909,0.0859850657918051,"ASD","Control"
"1350","SRR1999192",0.253920239386307,0.499126080651528,0.150923299262179,0.0960303806999852,"ASD","ASD"
"1351","SRR1999193",0.0874248525254929,0.470701230159852,0.228728993154198,0.213144924160457,"ASD","ASD"
"1352","SRR1999194",0.156642532689403,0.0454217772173646,0.721378557900422,0.076557132192811,"Control","Control"
"1353","SRR1999195",0.0369122193041158,0.820244836232439,0.0365089713729044,0.106333973090541,"ASD","ASD"
"1354","SRR1999196",0.292641634632562,0.0746452021493207,0.585968459057349,0.0467447041607678,"Control","Control"
"1355","SRR1999197",0.405737877449303,0.0262292290236019,0.453248979941822,0.114783913585274,"Control","ASD"
"1356","SRR1999198",0.0533587376789065,0.0784967236279398,0.366168975489978,0.501975563203175,"PD","Control"
"1357","SRR1999199",0.328472063669798,0.276322907524392,0.137576658441239,0.257628370364571,"AD","Control"
"1358","SRR1999200",0.0994432885609417,0.0240859565149943,0.837843717138343,0.0386270377857215,"Control","Control"
"1359","SRR1999201",0.116161726069669,0.490646200818243,0.305727576306756,0.0874644968053322,"ASD","ASD"
"1360","SRR1999202",0.362286835264027,0.411460219680168,0.159179162949573,0.0670737821062315,"ASD","Control"
"1361","SRR1999203",0.275921032561768,0.377084163268854,0.11499149064898,0.232003313520399,"ASD","Control"
"1362","SRR1999204",0.53155801207553,0.109904436206133,0.104987435093712,0.253550116624625,"AD","ASD"
"1363","SRR1999205",0.248810376100826,0.0419561233371468,0.182551870481336,0.526681630080692,"PD","ASD"
"1364","SRR1999206",0.112059471593819,0.316149531342145,0.422898866718977,0.148892130345059,"Control","Control"
"1365","SRR1999207",0.0855171168760286,0.426593550794793,0.126259192077178,0.361630140252,"ASD","ASD"
"1366","SRR1999208",0.197810575131525,0.145920504604657,0.432526613493442,0.223742306770375,"Control","Control"
"1367","SRR1999209",0.193711956686366,0.322191709703439,0.367512474167168,0.116583859443027,"Control","ASD"
"1368","SRR1999210",0.159592679199872,0.370272329605592,0.245483286812105,0.22465170438243,"ASD","ASD"
"1369","SRR1999211",0.125680081634884,0.715509812874457,0.0527583146871128,0.106051790803546,"ASD","ASD"
"1370","SRR1999212",0.0450224607011415,0.139870545624719,0.735284099684185,0.0798228939899543,"Control","Control"
"1371","SRR1999213",0.156331573140357,0.188142214349587,0.299605255030024,0.355920957480032,"PD","ASD"
"1372","SRR1999214",0.103332137984904,0.104954615497559,0.160691470061792,0.631021776455745,"PD","Control"
"1373","SRR1999215",0.0112078213345267,0.425234656924478,0.492463094851411,0.0710944268895849,"Control","Control"
"1374","SRR1999216",0.122804032486863,0.597561299722261,0.200666062644643,0.0789686051462332,"ASD","ASD"
"1375","SRR1999217",0.155288637446413,0.467217783077804,0.0629580860301552,0.314535493445628,"ASD","ASD"
"1376","SRR1999218",0.206500009191148,0.516087082480418,0.0404973916407205,0.236915516687714,"ASD","ASD"
"1377","SRR1999219",0.275011582024805,0.108036521657403,0.42389915827498,0.193052738042812,"Control","Control"
"1378","SRR5057576",0.125342186266987,0.350249220498693,0.308927408217883,0.215481185016437,"ASD","ASD"
"1379","SRR5057577",0.262560928705234,0.0418216106143738,0.432579995986306,0.263037464694086,"Control","Control"
"1380","SRR5057578",0.370885531956055,0.0539394486783448,0.518549111363658,0.0566259080019425,"Control","Control"
"1381","SRR5057579",0.317538368111596,0.488442340336599,0.128529376621323,0.0654899149304816,"ASD","ASD"
"1382","SRR5057582",0.129612111112504,0.650342145947461,0.137918466425762,0.0821272765142731,"ASD","Control"
"1383","SRR5057583",0.17126415871011,0.188254869407419,0.376282458755252,0.264198513127219,"Control","Control"
"1384","SRR5057584",0.365236888421044,0.123565035214959,0.411083341746587,0.10011473461741,"Control","Control"
"1385","SRR5057586",0.0479281964809973,0.0602399116158702,0.482114790141476,0.409717101761657,"Control","Control"
"1386","SRR5057587",0.391802116609274,0.100242459498046,0.166267354687316,0.341688069205364,"AD","ASD"
"1387","SRR5057589",0.249314890610727,0.25752332305394,0.295924291977335,0.197237494357998,"Control","ASD"
"1388","SRR5057591",0.0132824652775872,0.0850875542655752,0.797999237990253,0.103630742466585,"Control","ASD"
"1389","SRR5057594",0.240185966094284,0.545962266516661,0.0434350107754806,0.170416756613574,"ASD","ASD"
"1390","SRR5057595",0.0538046869714728,0.019645278283274,0.0285259049065218,0.898024129838731,"PD","Control"
"1391","SRR5057596",0.133821847180022,0.509444307361386,0.168688577304088,0.188045268154504,"ASD","Control"
"1392","SRR5057597",0.13805774128831,0.405747609802469,0.115112029317108,0.341082619592114,"ASD","ASD"
"1393","SRR5057599",0.284364811431116,0.0530410122223615,0.542060712843211,0.120533463503312,"Control","ASD"
"1394","SRR5057600",0.176863879540539,0.710992424089586,0.0645091125912057,0.0476345837786699,"ASD","ASD"
"1395","SRR5057602",0.00500430220210604,0.543939049102177,0.0698958156981033,0.381160832997614,"ASD","ASD"
"1396","SRR5057603",0.100950201206516,0.0559416476120455,0.519595028200543,0.323513122980895,"Control","Control"
"1397","SRR5057604",0.0776080097003391,0.640590276165224,0.2021375105256,0.0796642036088375,"ASD","Control"
"1398","SRR5057605",0.222624393151699,0.309037272244604,0.360166817345608,0.10817151725809,"Control","Control"
"1399","SRR5057607",0.100666249801617,0.0266778565433463,0.330950407301812,0.541705486353225,"PD","Control"
"1400","SRR5057608",0.386347507903263,0.0425359382616561,0.260290041230922,0.310826512604159,"AD","Control"
"1401","SRR5057609",0.120142498946403,0.649836840395151,0.171004827588864,0.0590158330695824,"ASD","ASD"
"1402","SRR5057611",0.361337590203845,0.0511336852222587,0.158181134351617,0.42934759022228,"PD","Control"
"1403","SRR5057614",0.0648509611426077,0.183614935699314,0.716868391164234,0.0346657119938443,"Control","Control"
"1404","SRR5057615",0.106287988000329,0.52132049713716,0.136663128814737,0.235728386047775,"ASD","ASD"
"1405","SRR5057617",0.084350834238475,0.752260219529103,0.0596815811143245,0.103707365118098,"ASD","ASD"
"1406","SRR5057619",0.104132438390534,0.447241738271674,0.396674378051186,0.051951445286606,"ASD","ASD"
"1407","SRR5057621",0.0396463985006329,0.868649687125907,0.014595985726224,0.0771079286472362,"ASD","Control"
"1408","SRR5057622",0.126568093036094,0.16277279175257,0.615477443956087,0.0951816712552482,"Control","Control"
"1409","SRR5057623",0.299182517115524,0.0749841374778545,0.284569357117254,0.341263988289368,"PD","Control"
"1410","SRR5057624",0.200858146915723,0.690068525883627,0.0658411870722254,0.0432321401284251,"ASD","ASD"
"1411","SRR5057625",0.177026006079393,0.270899178993251,0.398632179654667,0.153442635272689,"Control","Control"
"1412","SRR5057626",0.0842661028076551,0.417542604851642,0.331254282821901,0.166937009518801,"ASD","ASD"
"1413","SRR5057627",0.0333829664549425,0.0800687952007277,0.235857130716762,0.650691107627568,"PD","ASD"
"1414","SRR639024",0.11452944440804,0.0257061124186331,0.212028062387989,0.647736380785337,"PD","Control"
"1415","SRR639086",0.210284148068853,0.33626702201828,0.384089645969741,0.0693591839431271,"Control","Control"
"1416","SRR639100",0.290001710534998,0.377373958416788,0.19644131454223,0.136183016505984,"ASD","Control"
"1417","SRR639154",0.226279813290762,0.205509795981835,0.370458967923757,0.197751422803645,"Control","Control"
"1418","SRR639155",0.163071286984033,0.21233596924582,0.590846203299712,0.0337465404704348,"Control","Control"
"1419","SRR639157",0.156249633583069,0.578800179871697,0.119725825693651,0.145224360851583,"ASD","Control"
"1420","SRR639158",0.230468667925595,0.124734331456825,0.292066215869054,0.352730784748526,"PD","Control"
"1421","SRR639159",0.00949550075594596,0.653244651343502,0.133792896735996,0.203466951164556,"ASD","Control"
"1422","SRR639160",0.255317361919212,0.152271108986207,0.327853873451405,0.264557655643176,"Control","Control"
"1423","SRR639161",0.0670414394341864,0.0459015026986193,0.769736330646891,0.117320727220303,"Control","Control"
"1424","SRR639294",0.455701755020925,0.0744565160405021,0.343061133212283,0.12678059572629,"AD","Control"
"1425","SRR639296",0.0688599883886176,0.26525001351773,0.516012758788608,0.149877239305044,"Control","Control"
"1426","SRR639298",0.0956460954319473,0.284408359823425,0.452697668015393,0.167247876729235,"Control","Control"
"1427","SRR639299",0.148388109367208,0.395960532994903,0.332574862490307,0.123076495147581,"ASD","Control"
"1428","SRR639300",0.105848459557261,0.192176111531618,0.613212231838493,0.0887631970726279,"Control","Control"
"1429","SRR639304",0.0478413072854875,0.319359047800081,0.252807497170051,0.379992147744381,"PD","Control"
"1430","SRR639305",0.114575901216339,0.24250962573609,0.388357310825488,0.254557162222083,"Control","Control"
"1431","SRR639306",0.284810220011264,0.462739224440118,0.0944052395551337,0.158045315993485,"ASD","Control"
"1432","SRR639307",0.306027503788058,0.0722667189516186,0.552447272160293,0.0692585051000305,"Control","Control"
"1433","SRR639308",0.281947340590544,0.109030322744928,0.349092284700666,0.259930051963862,"Control","Control"
"1434","SRR639382",0.205008197831459,0.361229070966655,0.230893875472826,0.20286885572906,"ASD","ASD"
"1435","SRR639383",0.261985543809639,0.33106581413342,0.231507604025016,0.175441038031925,"ASD","ASD"
"1436","SRR639384",0.145134308327934,0.339466734359267,0.251625244117453,0.263773713195347,"ASD","ASD"
"1437","SRR639385",0.130257020951163,0.205749908744586,0.4243730886576,0.239619981646652,"Control","ASD"
"1438","SRR639386",0.172140678419956,0.494982950159937,0.271564045487744,0.0613123259323627,"ASD","ASD"
"1439","SRR639387",0.240071818258782,0.514532728102312,0.207561691652039,0.0378337619868665,"ASD","ASD"
"1440","SRR639388",0.161776685575649,0.631760334683035,0.167622820643792,0.0388401590975244,"ASD","ASD"
"1441","SRR639389",0.31288618345139,0.021640850232232,0.354356896202749,0.311116070113629,"Control","ASD"
"1442","SRR639390",0.0175084858000423,0.7680748167177,0.0305380167442429,0.183878680738014,"ASD","ASD"
"1443","SRR639391",0.112338739215858,0.455230764929125,0.253807938902876,0.178622556952142,"ASD","ASD"
"1444","SRR639392",0.135160378890418,0.057833827757833,0.750129332034603,0.0568764613171458,"Control","ASD"
"1445","SRR639393",0.0907319414108243,0.128218721630304,0.30478542975655,0.476263907202322,"PD","ASD"
"1446","SRR639394",0.384104154339654,0.141196172194626,0.0189187228255341,0.455780950640186,"PD","ASD"
"1447","SRR639395",0.400820803393836,0.464752403720152,0.0555311040709294,0.0788956888150816,"ASD","ASD"
"1448","SRR639396",0.259492891786073,0.298141007743773,0.268786194362753,0.173579906107401,"ASD","ASD"
"1449","SRR639397",0.0212115330094794,0.697313903818016,0.212907231150923,0.0685673320215821,"ASD","ASD"
"1450","SRR639398",0.295809650093152,0.246449869562056,0.409544451973234,0.0481960283715575,"Control","ASD"
"1451","SRR639399",0.0767078778849484,0.543451565696694,0.193854004268262,0.185986552150095,"ASD","ASD"
"1452","SRR639400",0.171806976476567,0.256377822982224,0.431311606214081,0.140503594327128,"Control","ASD"
"1453","SRR639401",0.245501179373861,0.309866799452055,0.396795387584018,0.0478366335900655,"Control","ASD"
"1454","SRR8924726",0.175465947004347,0.568022922716702,0.211088059481135,0.0454230707978161,"ASD","Control"
"1455","SRR8924727",0.0834941865496786,0.219219766747929,0.593721683353099,0.103564363349294,"Control","Control"
"1456","SRR8924728",0.59720564895045,0.077173337036867,0.201801448500471,0.123819565512213,"AD","Control"
"1457","SRR8924729",0.190273047687889,0.155355883559043,0.0586318056497761,0.595739263103292,"PD","ASD"
"1458","SRR8924730",0.260950974884901,0.385288262270935,0.0725072480123266,0.281253514831837,"ASD","Control"
"1459","SRR8924731",0.0841357509316893,0.517221869407085,0.142176997782322,0.256465381878903,"ASD","ASD"
"1460","SRR8924732",0.293452053349325,0.0399831656981723,0.391941303941429,0.274623477011074,"Control","Control"
"1461","SRR8924733",0.0688357050980123,0.288533007391494,0.515256955093033,0.127374332417461,"Control","Control"
"1462","SRR8924734",0.172848890038457,0.197401449329817,0.442001407866287,0.187748252765439,"Control","Control"
"1463","SRR8924735",0.148394164858288,0.187425295891077,0.519218395338524,0.144962143912111,"Control","Control"
"1464","SRR8924736",0.0819744768682959,0.116749096564443,0.188051862677417,0.613224563889844,"PD","Control"
"1465","SRR8924737",0.0413416146682848,0.0453521566361949,0.857972268278369,0.0553339604171517,"Control","Control"
"1466","SRR8924738",0.0979713723188051,0.166457105627402,0.711103696750423,0.024467825303369,"Control","Control"
"1467","SRR8924739",0.116476610134502,0.0519332344620959,0.783153350865482,0.0484368045379197,"Control","Control"
"1468","SRR8924740",0.0371624945130036,0.219844249305769,0.490912032675027,0.2520812235062,"Control","Control"
"1469","SRR8924741",0.196470826845955,0.514329998742355,0.265608101317421,0.0235910730942692,"ASD","Control"
"1470","SRR8924742",0.261723923144619,0.170035163166789,0.186401522305552,0.38183939138304,"PD","Control"
"1471","SRR8924743",0.107822126983219,0.012218985226924,0.727261152632345,0.152697735157512,"Control","Control"
"1472","SRR8924744",0.150154775905029,0.0966618061062438,0.622783864542213,0.130399553446514,"Control","Control"
"1473","SRR8924745",0.233941460999182,0.191905384038813,0.266708849129413,0.307444305832592,"PD","Control"
"1474","SRR8924746",0.229966960992968,0.159387174576157,0.364549562975492,0.246096301455383,"Control","Control"
"1475","SRR8924747",0.2645281098219,0.121972727365318,0.0228221400941661,0.590677022718616,"PD","Control"
"1476","SRR8924748",0.0707015230003139,0.242977035053565,0.42495152666734,0.261369915278781,"Control","Control"
"1477","SRR8924749",0.105492696716892,0.00747520718773788,0.208982631492554,0.678049464602816,"PD","Control"
"1478","SRR8924750",0.273185106688458,0.0845287235754637,0.377474456148523,0.264811713587555,"Control","Control"
"1479","SRR8924751",0.19784306979921,0.539684113198809,0.126890820812827,0.135581996189153,"ASD","Control"
"1480","SRR8924752",0.389674648334428,0.0610245910083491,0.441432153136404,0.107868607520819,"Control","Control"
"1481","SRR8924753",0.113700373169335,0.104619993164115,0.276095292567505,0.505584341099045,"PD","Control"
"1482","SRR8924754",0.119830925581855,0.051141482355929,0.759253245155973,0.0697743469062433,"Control","Control"
"1483","SRR8924755",0.32252132445235,0.465671957600503,0.146994038898759,0.0648126790483877,"ASD","Control"
"1484","SRR8924756",0.270936995949766,0.0385419227901111,0.578053888217047,0.112467193043076,"Control","ASD"
"1485","SRR8924757",0.229111435185038,0.377994477350443,0.0829240733735347,0.309970014090983,"ASD","ASD"
"1486","SRR8924758",0.135785192122256,0.624972676680059,0.117708821895354,0.12153330930233,"ASD","ASD"
"1487","SRR8924759",0.285517832867223,0.519383673579853,0.121620675975577,0.0734778175773473,"ASD","ASD"
"1488","SRR8924760",0.175565552695512,0.112391747849109,0.653855968522761,0.0581867309326177,"Control","ASD"
"1489","SRR8924761",0.165116062658446,0.613474227085026,0.128280628419675,0.0931290818368525,"ASD","ASD"
"1490","SRR8924762",0.157127384762332,0.0500105523804767,0.132022249920843,0.660839812936349,"PD","ASD"
"1491","SRR8924763",0.121536750032238,0.408624997195426,0.189862581712874,0.279975671059461,"ASD","ASD"
"1492","SRR8924764",0.363990369375609,0.493746950434683,0.0631396260061745,0.0791230541835337,"ASD","ASD"
"1493","SRR8924765",0.0813041533385936,0.497378127448483,0.1606528788041,0.260664840408823,"ASD","ASD"
"1494","SRR8924766",0.127166347977284,0.504513809629385,0.078979979755743,0.289339862637588,"ASD","ASD"
"1495","SRR8924767",0.0501337886028436,0.899379225339578,0.0225979112843486,0.0278890747732296,"ASD","ASD"
"1496","SRR8924768",0.281300652035639,0.530014571299976,0.0598050266305771,0.128879750033808,"ASD","ASD"
"1497","SRR8924769",0.0919455984720308,0.474629573368361,0.278327299991994,0.155097528167614,"ASD","ASD"
"1498","SRR8924770",0.230230399074102,0.117142042270784,0.379936971489396,0.272690587165718,"Control","Control"
"1499","SRR8924771",0.160152110317385,0.428427165728354,0.314765396889891,0.0966553270643697,"ASD","ASD"
"1500","SRR8924772",0.303732889421049,0.256399763460946,0.409316778769722,0.030550568348283,"Control","ASD"
"1501","SRR8924773",0.197049594391605,0.415564838235189,0.279584987569785,0.107800579803421,"ASD","ASD"
"1502","SRR8924774",0.0337987212956956,0.06917010859421,0.645088886975919,0.251942283134176,"Control","Control"
"1503","SRR8924775",0.0999481140220947,0.395677901900393,0.15657505713899,0.347798926938523,"ASD","Control"
"1504","SRR8924776",0.250091429840531,0.215260682242704,0.436082364997755,0.0985655229190097,"Control","Control"
"1505","SRR8924777",0.10008018512089,0.175981397890841,0.612800349115607,0.111138067872662,"Control","Control"
"1506","SRR8924778",0.063437616671081,0.112789690560386,0.627229535141572,0.19654315762696,"Control","ASD"
"1507","SRR8924779",0.105571970940264,0.194034401151985,0.421308757048797,0.279084870858954,"Control","Control"
"1508","SRR8924780",0.368683475459901,0.472346285114224,0.138761826646846,0.020208412779028,"ASD","ASD"
"1509","SRR8924781",0.168169926948351,0.42172401468957,0.190800281705515,0.219305776656563,"ASD","ASD"
"1510","SRR8924782",0.142058589169478,0.405965494930703,0.347029068952205,0.104946846947614,"ASD","ASD"
"1511","SRR8924783",0.304022741005216,0.340033259525359,0.290805854644927,0.0651381448244981,"ASD","ASD"
"1512","SRR8924784",0.101207476664222,0.275337395917687,0.294880392129058,0.328574735289033,"PD","ASD"
"1513","SRR8924786",0.147611709879302,0.338464893096949,0.485950224445741,0.027973172578008,"Control","ASD"
"1514","SRR8924787",0.33306601086573,0.392189049875957,0.121256766874763,0.15348817238355,"ASD","ASD"
"1515","SRR8924788",0.133364561325391,0.0471309842112558,0.804957053661858,0.014547400801495,"Control","Control"
"1516","SRR8924789",0.101819379475598,0.10247100482838,0.676673442079792,0.11903617361623,"Control","Control"
"1517","SRR8924790",0.163924049361034,0.257357913866143,0.502939532210208,0.0757785045626146,"Control","Control"
"1518","SRR8924791",0.115734775726149,0.201720443671143,0.40811805968885,0.274426720913858,"Control","Control"
"1519","SRR8924792",0.0665747729519122,0.134001291571789,0.210610369484343,0.588813565991955,"PD","ASD"
"1520","SRR8924793",0.138014377367669,0.506545951880042,0.0475411226268527,0.307898548125436,"ASD","ASD"
"1521","SRR8924794",0.277927042729064,0.213232447974744,0.400428322081335,0.108412187214856,"Control","Control"
"1522","SRR8924795",0.255502817081779,0.202963389552087,0.462878905438484,0.07865488792765,"Control","Control"
"1523","SRR8924796",0.216565784786525,0.351527973019867,0.282062889719498,0.14984335247411,"ASD","ASD"
"1524","SRR8924797",0.0576198256577446,0.191668772788256,0.267697186379415,0.483014215174584,"PD","ASD"
"1525","SRR8924798",0.0334169300103286,0.626735236970663,0.234124413203304,0.105723419815705,"ASD","ASD"
"1526","SRR8924799",0.220630469889718,0.477548599296582,0.133189622664696,0.168631308149003,"ASD","ASD"
"1527","SRR8924800",0.192862304757455,0.461077857067505,0.18083252806073,0.16522731011431,"ASD","ASD"
"1528","SRR8924801",0.215883054188699,0.314389381277538,0.446621653683054,0.0231059108507092,"Control","ASD"
"1529","SRR8924802",0.109159894569319,0.557029468083061,0.299590615548022,0.0342200217995974,"ASD","ASD"
"1530","SRR8924803",0.311820627212835,0.49408198690434,0.0985471990778479,0.0955501868049769,"ASD","ASD"
"1531","SRR8924804",0.0241770103372128,0.929947580396092,0.0194678860363935,0.0264075232303019,"ASD","ASD"
"1532","SRR8924805",0.109865552233591,0.378137566564663,0.195921061766473,0.316075819435273,"ASD","ASD"
"1533","SRR8924806",0.153569635935409,0.209047577816179,0.442195703949711,0.1951870822987,"Control","ASD"
"1534","SRR8924807",0.162827426089777,0.0305634077907829,0.69275201891806,0.113857147201379,"Control","Control"
"1535","SRR9021250",0.172457341011023,0.389530324934037,0.162094025884489,0.275918308170452,"ASD","ASD"
"1536","SRR9021251",0.0502618623082669,0.581863285552933,0.0741286750369649,0.293746177101836,"ASD","ASD"
"1537","SRR9021252",0.180500964906205,0.646251439121278,0.0638259720308453,0.109421623941672,"ASD","ASD"
"1538","SRR9021253",0.214487464667637,0.226312474737756,0.175054851588072,0.384145209006535,"PD","ASD"
"1539","SRR9021254",0.217536401709632,0.656418861804219,0.089567163134701,0.0364775733514482,"ASD","ASD"
"1540","SRR9021255",0.152644865134339,0.663939341953137,0.0680534654448309,0.115362327467693,"ASD","ASD"
"1541","SRR9021256",0.135971906750184,0.654041860558353,0.0904660304706529,0.119520202220809,"ASD","ASD"
"1542","SRR9021257",0.230925883674406,0.0815967841587715,0.325826489616327,0.361650842550495,"PD","ASD"
"1543","SRR9021258",0.0594408934970624,0.766308690139522,0.0605376273746235,0.113712788988792,"ASD","ASD"
"1544","SRR9021259",0.229408366806312,0.435798426496461,0.213879732692092,0.120913474005135,"ASD","ASD"
"1545","SRR9021260",0.244268249984382,0.0830915011612746,0.225987905730959,0.446652343123384,"PD","ASD"
"1546","SRR9021261",0.239419857802848,0.342717683190708,0.25630622001685,0.161556238989593,"ASD","ASD"
"1547","SRR9021262",0.271483381585993,0.46383477043715,0.127450265768477,0.13723158220838,"ASD","ASD"
"1548","SRR9021263",0.0486392362196701,0.845460236637762,0.0458054767829586,0.0600950503596091,"ASD","ASD"
"1549","SRR9021264",0.162074907401617,0.380292238477405,0.291220854542987,0.166411999577992,"ASD","ASD"
"1550","SRR9021265",0.246875384470976,0.0726052878186879,0.513986309744074,0.166533017966263,"Control","Control"
"1551","SRR9021266",0.218992349857142,0.54422063137591,0.142546693873866,0.0942403248930817,"ASD","Control"
"1552","SRR9021267",0.264132560671237,0.0455590638960171,0.447299828907106,0.24300854652564,"Control","Control"
"1553","SRR9021268",0.692490672925875,0.113164229531593,0.150203356694823,0.0441417408477081,"AD","Control"
"1554","SRR9021269",0.276575766929269,0.0516553762586769,0.445462529110398,0.226306327701656,"Control","Control"
"1555","SRR9666721",0.095463430342507,0.311687440743814,0.499679411811013,0.0931697171026668,"Control","Control"
"1556","SRR9666722",0.142550394753491,0.0803137607751297,0.50944380251024,0.267692041961139,"Control","Control"
"1557","SRR9666723",0.137396890632992,0.264243998173847,0.381997099244513,0.216362011948648,"Control","Control"
"1558","SRR9666724",0.079693323999025,0.0529772907403069,0.115704008296033,0.751625376964635,"PD","Control"
"1559","SRR9666725",0.33999412060234,0.0610933360147452,0.426419943700975,0.17249259968194,"Control","Control"
"1560","SRR9666726",0.102149135464697,0.107476751577252,0.463673231027368,0.326700881930683,"Control","Control"
"1561","SRR9666727",0.121151520854152,0.0840361288758328,0.349566572562024,0.445245777707991,"PD","Control"
"1562","SRR9666728",0.0981673721043097,0.143483152478836,0.628922732164911,0.129426743251943,"Control","Control"
"1563","SRR9666729",0.130943729738459,0.236768894481731,0.528809318884444,0.103478056895366,"Control","Control"
"1564","SRR9666730",0.149824828171381,0.789301297797687,0.0544898447941474,0.00638402923678419,"ASD","Control"
"1565","SRR9666731",0.0885023798961571,0.0538129647462229,0.832483737932387,0.0252009174252335,"Control","Control"
"1566","SRR9666732",0.055120084244324,0.296662790178962,0.426017595006512,0.222199530570202,"Control","Control"
"1567","SRR9666733",0.252919571965695,0.108095239951105,0.365704415758213,0.273280772324987,"Control","Control"
"1568","SRR9666734",0.067616749216561,0.742197087352531,0.0539468126326534,0.136239350798255,"ASD","Control"
"1569","SRR9666735",0.128076863537503,0.272346642848476,0.0340308610543932,0.565545632559628,"PD","Control"
"1570","SRR9666736",0.299530134075343,0.039807289469119,0.508656631467425,0.152005944988113,"Control","Control"
"1571","SRR9666737",0.14723690786063,0.291041353564769,0.166139702134844,0.395582036439757,"PD","Control"
"1572","SRR9666738",0.344250823616851,0.0255096355427226,0.453241511069821,0.176998029770605,"Control","Control"
"1573","SRR9666739",0.0578529963443392,0.0952798946789817,0.719744912570456,0.127122196406223,"Control","Control"
"1574","SRR9666740",0.195949811602586,0.215333366279775,0.351447222240309,0.23726959987733,"Control","Control"
"1575","SRR9666741",0.153696632916385,0.19033726522548,0.620551044685297,0.0354150571728384,"Control","Control"
"1576","SRR9666742",0.0349473312052679,0.188960441015369,0.628885665841375,0.147206561937988,"Control","Control"
"1577","SRR9666743",0.279554978465015,0.0925038852565514,0.534237419646292,0.0937037166321412,"Control","Control"
"1578","SRR9666744",0.117484653078823,0.245219578612173,0.540287443996973,0.0970083243120302,"Control","Control"
"1579","SRR9666745",0.184798352044749,0.400742085514831,0.34723023744239,0.0672293249980298,"ASD","Control"
"1580","SRR9666746",0.247290847044715,0.594515977123009,0.0858052854031772,0.0723878904290987,"ASD","Control"
"1581","SRR9666747",0.0882424595702458,0.502054740135828,0.143309758594184,0.266393041699742,"ASD","Control"
"1582","SRR9666748",0.255742596745188,0.0290515312387107,0.485895148508799,0.229310723507302,"Control","Control"
"1583","SRR9666749",0.041946548670845,0.0158609499401225,0.788480097885462,0.15371240350357,"Control","Control"
"1584","SRR9666750",0.0503995804138769,0.0809533659812066,0.458535853575647,0.41011120002927,"Control","Control"
"1585","SRR9666751",0.363404288927062,0.127555414543619,0.439129160322948,0.0699111362063712,"Control","Control"
"1586","SRR9666752",0.0404684569175997,0.524658245880667,0.209371070679747,0.225502226521986,"ASD","Control"
"1587","SRR9666753",0.0827145493357988,0.117387084968903,0.747675100186782,0.0522232655085155,"Control","Control"
"1588","SRR9666754",0.432988375007858,0.390465710479706,0.0509495288473255,0.12559638566511,"AD","Control"
"1589","SRR9666755",0.122135215761108,0.224254971427826,0.637254353335662,0.0163554594754038,"Control","Control"
"1590","SRR9666756",0.0963339554267268,0.0604904519570869,0.737850663816216,0.105324928799971,"Control","Control"
"1591","SRR9666757",0.350202851390708,0.0638672979459812,0.0727490606451495,0.513180790018161,"PD","Control"
"1592","SRR9666758",0.20913351428675,0.467729413417397,0.0676769730561566,0.255460099239697,"ASD","Control"
"1593","SRR9666759",0.244006865213534,0.0960692026613472,0.483347767314979,0.17657616481014,"Control","Control"
"1594","SRR9666760",0.154867124395249,0.0658294166464039,0.550442882880907,0.22886057607744,"Control","Control"
"1595","SRR9666761",0.112788436785674,0.142967943247865,0.666236013252918,0.078007606713543,"Control","Control"
"1596","SRR9666762",0.0460566623642384,0.677617175676028,0.147668945971991,0.128657215987742,"ASD","Control"
"1597","SRR9666763",0.181326831603975,0.155156522140354,0.536351176614567,0.127165469641103,"Control","Control"
"1598","SRR9666764",0.232915705420612,0.548437573503783,0.0457493382836349,0.172897382791969,"ASD","Control"
"1599","SRR9666765",0.235803311096714,0.135641991116924,0.387704742476868,0.240849955309494,"Control","Control"
"1600","SRR9666766",0.22189337112476,0.0446373761300961,0.669167777611461,0.0643014751336826,"Control","Control"
"1601","SRR9666767",0.203231540751548,0.0842163909225156,0.473065568673239,0.239486499652698,"Control","Control"
"1602","SRR9666768",0.0771331803003625,0.0697770814083853,0.798740951249674,0.0543487870415779,"Control","Control"
"1603","SRR9666769",0.132302056472937,0.233615973369401,0.51939557276466,0.114686397393002,"Control","Control"
"1604","SRR9666770",0.251819712545241,0.0798421627074151,0.281227892984519,0.387110231762824,"PD","Control"
"1605","SRR9666771",0.0980544022823477,0.149741057637094,0.641042069767479,0.111162470313079,"Control","Control"
"1606","SRR9666772",0.236792502123285,0.145293094940788,0.476191300212633,0.141723102723294,"Control","Control"
"1607","SRR9666773",0.131892364242123,0.0138658303868478,0.624977256703482,0.229264548667547,"Control","Control"
"1608","SRR9666774",0.321283593687749,0.0185419367159978,0.254279655253596,0.405894814342657,"PD","Control"
"1609","SRR9666775",0.0925606643802377,0.18844523317299,0.32931608775903,0.389678014687743,"PD","Control"
"1610","SRR9666776",0.118678060569229,0.30619100302642,0.344211433825309,0.230919502579042,"Control","Control"
"1611","SRR9666777",0.261646080662754,0.617022793237305,0.107590596845911,0.0137405292540302,"ASD","Control"
"1612","SRR9666778",0.0494155527828666,0.17197274191585,0.410388058644708,0.368223646656576,"Control","Control"
"1613","SRR9666779",0.286518136225844,0.143309333681237,0.401469896297058,0.168702633795862,"Control","Control"
"1614","SRR9666780",0.173036965308024,0.0970220878422812,0.609254557015262,0.120686389834433,"Control","Control"
"1615","SRR9666781",0.0893179052789775,0.264587574234065,0.518523525182078,0.12757099530488,"Control","Control"
"1616","SRR9666782",0.306505385338732,0.0629443267318529,0.548740388950884,0.0818098989785311,"Control","Control"
"1617","SRR9666783",0.11254506830164,0.128374055496219,0.709519712027071,0.0495611641750696,"Control","Control"
"1618","SRR9666784",0.233382177725118,0.103813769330169,0.52308302238268,0.139721030562033,"Control","Control"
"1619","SRR9666785",0.0297453036995168,0.0369406775976923,0.0813149605675751,0.851999058135216,"PD","Control"
"1620","SRR9666786",0.0893443171943151,0.381453588787477,0.0676480111911065,0.461554082827102,"PD","Control"
"1621","SRR9666787",0.316292189785582,0.144713899114337,0.518728130087865,0.0202657810122153,"Control","Control"
"1622","SRR9666788",0.0713339470956547,0.160612345538541,0.678445575231777,0.0896081321340264,"Control","Control"
"1623","SRR9666789",0.0928435828924033,0.694704389881487,0.100558052573204,0.111893974652906,"ASD","Control"
"1624","SRR9666790",0.0251771614936956,0.187845229117873,0.753798261032513,0.0331793483559182,"Control","Control"
"1625","SRR9666791",0.134039229563526,0.191805688532732,0.439806101981808,0.234348979921933,"Control","Control"
"1626","SRR9666792",0.222777481773751,0.302848575907283,0.342607216873899,0.131766725445067,"Control","Control"
"1627","SRR9666793",0.114094550743334,0.426892944019481,0.148912951600098,0.310099553637086,"ASD","Control"
"1628","SRR9666794",0.250940003060242,0.574906667362773,0.0646441528938165,0.109509176683169,"ASD","Control"
"1629","SRR9666795",0.258217740000484,0.0778017902221462,0.351989344805594,0.311991124971776,"Control","Control"
"1630","SRR9666796",0.0581372139041647,0.103001775951265,0.779474681824916,0.0593863283196542,"Control","Control"
"1631","SRR9666797",0.214990671931823,0.247626179692748,0.235931583908372,0.301451564467056,"PD","Control"
"1632","SRR9666798",0.496081531720637,0.383208501796328,0.0741139672232534,0.0465959992597808,"AD","Control"
"1633","SRR9666799",0.253054940798872,0.337152997642568,0.028124854973705,0.381667206584855,"PD","Control"
"1634","SRR9666800",0.152492972504009,0.276479878230124,0.378280937445295,0.192746211820571,"Control","Control"
"1635","SRR9666801",0.112069690568936,0.331308003602381,0.464025514323991,0.0925967915046923,"Control","Control"
"1636","SRR9666802",0.0775584730532575,0.241423880728511,0.404480301132671,0.276537345085561,"Control","Control"
"1637","SRR9666803",0.251168308920931,0.0485191409826865,0.39876885242033,0.301543697676053,"Control","Control"
"1638","SRR9666804",0.306025734238379,0.493554811676578,0.15173974409549,0.048679709989553,"ASD","Control"
"1639","SRR9666805",0.0710422911529725,0.256984953883926,0.0673025995303722,0.604670155432729,"PD","Control"
"1640","SRR9666806",0.230120283200184,0.149953742752885,0.564184922874092,0.0557410511728394,"Control","Control"
"1641","SRR9666807",0.006451938188032,0.101252691486757,0.128962725235227,0.763332645089984,"PD","Control"
"1642","SRR9666808",0.110191135199818,0.234400707556037,0.0755600901651641,0.57984806707898,"PD","Control"
"1643","SRR9666809",0.255809127122672,0.58352200796134,0.130092798394483,0.0305760665215047,"ASD","Control"
"1644","SRR9666810",0.100780795603681,0.4494951666157,0.0494875633212368,0.400236474459381,"ASD","Control"
"1645","SRR9666811",0.0883184225946139,0.109930483910222,0.472901969434672,0.328849124060492,"Control","Control"
"1646","SRR9666812",0.0377603103726095,0.10887170443238,0.727933537057412,0.125434448137598,"Control","Control"
"1647","SRR9666813",0.342350429814212,0.16645986978665,0.382525946113357,0.108663754285781,"Control","Control"
"1648","SRR9666814",0.234997051968145,0.516927853901961,0.0387316753933893,0.209343418736504,"ASD","Control"
"1649","SRR9666815",0.057075848603301,0.308127796902738,0.573494158162072,0.0613021963318896,"Control","Control"
"1650","SRR9666816",0.151461516529944,0.147412409528025,0.120515234808643,0.580610839133388,"PD","Control"
"1651","SRR9666817",0.200129283167325,0.148245411742829,0.348129027635319,0.303496277454527,"Control","Control"
"1652","SRR9666818",0.037603222959209,0.137132035824555,0.47072848241813,0.354536258798105,"Control","Control"
"1653","SRR9666819",0.0686586771319743,0.127549653291428,0.476952388150595,0.326839281426002,"Control","Control"
"1654","SRR9666820",0.0494293852436184,0.839852365664533,0.0465577816294152,0.0641604674624331,"ASD","Control"
"1655","SRR9666821",0.137096622107199,0.303308449851781,0.409063185619742,0.150531742421278,"Control","Control"
"1656","SRR9666822",0.0600284480789369,0.271995122822151,0.22840833063384,0.439568098465072,"PD","Control"
"1657","SRR9666823",0.238335574883713,0.0929285759131407,0.591054638738959,0.0776812104641872,"Control","Control"
"1658","SRR9666824",0.16791765575775,0.251548050440664,0.254168071802498,0.326366221999088,"PD","Control"
"1659","SRR9666825",0.0995944265947942,0.162505499494071,0.476878053061657,0.261022020849478,"Control","Control"
"1660","SRR9666826",0.426639653591409,0.301481190944641,0.0346125469335819,0.237266608530368,"AD","Control"
"1661","SRR9666827",0.707814948741934,0.09360130932609,0.168384269513897,0.0301994724180795,"AD","Control"
"1662","SRR9666828",0.196759213477987,0.115334854956114,0.406186725952691,0.281719205613207,"Control","Control"
"1663","SRR9666829",0.0106445843986311,0.0309046824924738,0.849808973576734,0.108641759532161,"Control","Control"
"1664","SRR9666830",0.230245187504464,0.587090711039514,0.0964725849384432,0.086191516517579,"ASD","Control"
"1665","SRR9666831",0.392528368539673,0.0672959681680996,0.46915328317144,0.0710223801207881,"Control","Control"
"1666","SRR9666832",0.297210605799616,0.0440105119077298,0.527523030597552,0.131255851695103,"Control","Control"
"1667","SRR9666833",0.0224534658027118,0.0367874173976217,0.922649267290134,0.0181098495095329,"Control","Control"
"1668","SRR9666834",0.0490785945870002,0.156487096874103,0.334436229947623,0.459998078591274,"PD","Control"
"1669","SRR9666835",0.100569419809006,0.250946096001592,0.57187051680266,0.0766139673867412,"Control","Control"
"1670","SRR9666836",0.0950569088716008,0.289690782167872,0.187584533163914,0.427667775796614,"PD","Control"
"1671","SRR9666837",0.0532807366336927,0.0239654374175102,0.0341993731059149,0.888554452842882,"PD","Control"
"1672","SRR9666838",0.241678724774996,0.384501830883531,0.0325427030595274,0.341276741281946,"ASD","Control"
"1673","SRR9666839",0.172926551801994,0.410064990704956,0.182709291798117,0.234299165694932,"ASD","Control"
"1674","SRR9666840",0.368800719645942,0.0886352467521776,0.408434155114845,0.134129878487036,"Control","Control"
"1675","SRR9666841",0.118202388748956,0.14101571756063,0.459059175425892,0.281722718264523,"Control","Control"
"1676","SRR9666842",0.0413273761054652,0.225066913944608,0.594006234806513,0.139599475143414,"Control","Control"
"1677","SRR9666843",0.345667629998312,0.148989105941553,0.385052006028416,0.120291258031719,"Control","Control"
"1678","SRR9666844",0.00487632344207377,0.963527200785814,0.0247349988334479,0.00686147693866447,"ASD","Control"
"1679","SRR9666845",0.328330672028904,0.0837872395075649,0.174382876324962,0.413499212138568,"PD","Control"
"1680","SRR9666846",0.0456056179348479,0.102080428800093,0.659024495766003,0.193289457499057,"Control","Control"
"1681","SRR9666847",0.125237977840414,0.276182126764798,0.175010787350464,0.423569108044324,"PD","Control"
"1682","SRR9666848",0.279768183309358,0.159337310093307,0.346097765610631,0.214796740986704,"Control","Control"
"1683","SRR9666849",0.0823470180579979,0.119797662662062,0.717783942386636,0.0800713768933041,"Control","Control"
"1684","SRR9666850",0.0270048011899018,0.269252996153045,0.322716196897272,0.381026005759781,"PD","Control"
"1685","SRR9666851",0.165778849159128,0.243738757392209,0.328022494949768,0.262459898498895,"Control","Control"
"1686","SRR9666852",0.0733077870661758,0.427718641463973,0.484104370476803,0.0148692009930488,"Control","Control"
"1687","SRR9666853",0.173683705982139,0.268666515854993,0.34764637556384,0.210003402599029,"Control","Control"
"1688","SRR9666854",0.538887290058983,0.163465102146988,0.208147739423717,0.0894998683703127,"AD","Control"
"1689","SRR9666855",0.121526020448844,0.289352261228952,0.462657268051373,0.126464450270831,"Control","Control"
"1690","SRR9666856",0.244155207549325,0.663632326495183,0.0431397166685113,0.0490727492869811,"ASD","Control"
"1691","SRR9666857",0.15324488079254,0.106932671386407,0.71253300945423,0.0272894383668231,"Control","Control"
"1692","SRR9666858",0.121603040317296,0.220404686539905,0.399972939693635,0.258019333449163,"Control","Control"
"1693","SRR9666859",0.37783856154684,0.28810478307327,0.231612353081128,0.102444302298761,"AD","Control"
"1694","SRR9666860",0.412278733374788,0.02083942433537,0.497191539851545,0.0696903024382972,"Control","Control"
"1695","SRR9666861",0.0702853277897558,0.331983780906848,0.131576839830607,0.46615405147279,"PD","Control"
"1696","SRR9666862",0.814817565443114,0.0439525698601753,0.0931903129815185,0.0480395517151927,"AD","Control"
"1697","SRR9666863",0.305111635139986,0.19506141355434,0.346318306910108,0.153508644395567,"Control","Control"
"1698","SRR9666864",0.328179768865417,0.394638087490356,0.15697915186025,0.120202991783977,"ASD","ASD"
"1699","SRR9666865",0.14897622653343,0.340735118537415,0.413773802482081,0.0965148524470732,"Control","ASD"
"1700","SRR9666866",0.154066310668909,0.543378625677864,0.195336364212534,0.107218699440693,"ASD","ASD"
"1701","SRR9666867",0.178485454949034,0.206840662755112,0.54046577404408,0.0742081082517743,"Control","ASD"
"1702","SRR9666868",0.172981461368925,0.344998847057623,0.179376866614744,0.302642824958708,"ASD","ASD"
"1703","SRR9666869",0.20053819892988,0.669598535969491,0.105511139921536,0.0243521251790931,"ASD","ASD"
"1704","SRR9666870",0.137985434539753,0.629314110954888,0.102713947123442,0.129986507381916,"ASD","ASD"
"1705","SRR9666871",0.0542552555148152,0.639320644435916,0.0323195069113991,0.27410459313787,"ASD","ASD"
"1706","SRR9666872",0.0583543918140124,0.756322625395544,0.0950493831497661,0.0902735996406771,"ASD","ASD"
"1707","SRR9666873",0.0143101210903791,0.725310008349164,0.0217232373489976,0.238656633211459,"ASD","ASD"
"1708","SRR9666874",0.190077770209989,0.358040417721961,0.184954455098629,0.266927356969422,"ASD","ASD"
"1709","SRR9666875",0.276201929314287,0.579259296726338,0.036036289315837,0.108502484643538,"ASD","ASD"
"1710","SRR9666876",0.121637158737419,0.514436051055663,0.27246555314271,0.0914612370642072,"ASD","ASD"
"1711","SRR9666877",0.239652518890536,0.303487025735555,0.224919920847828,0.231940534526081,"ASD","ASD"
"1712","SRR9666878",0.138954174762562,0.398072601598697,0.272992690432838,0.189980533205903,"ASD","ASD"
"1713","SRR9666879",0.295720350989935,0.446253961165812,0.164271703505414,0.0937539843388382,"ASD","ASD"
"1714","SRR9666880",0.203802819951313,0.600552136586298,0.185921015272552,0.00972402818983637,"ASD","ASD"
"1715","SRR9666881",0.163785349209292,0.384946899273728,0.149183796625223,0.302083954891757,"ASD","ASD"
"1716","SRR9666882",0.0921138645083,0.801082984744612,0.0655650890147746,0.0412380617323139,"ASD","ASD"
"1717","SRR9666883",0.215723712508062,0.415977918407405,0.0263269733974711,0.341971395687062,"ASD","ASD"
"1718","SRR9666884",0.316658741370213,0.542436896807811,0.030343091083407,0.110561270738569,"ASD","ASD"
"1719","SRR9666885",0.262357136066457,0.310826040332969,0.215757269356283,0.211059554244292,"ASD","ASD"
"1720","SRR9666886",0.0113382081530916,0.290345756554734,0.45527258049082,0.243043454801354,"Control","ASD"
"1721","SRR9666887",0.174712400675482,0.632794669708206,0.070117964770856,0.122374964845456,"ASD","ASD"
"1722","SRR9666888",0.0741072021371886,0.464661908373378,0.389398544951754,0.0718323445376797,"ASD","ASD"
"1723","SRR9666889",0.108392809339812,0.448713622487744,0.161462039993303,0.281431528179142,"ASD","ASD"
"1724","SRR9666890",0.344409479031309,0.436130400535362,0.0253791789651261,0.194080941468203,"ASD","ASD"
"1725","SRR9666891",0.222779592911559,0.233675916880182,0.308543645164881,0.235000845043378,"Control","ASD"
"1726","SRR9666892",0.0954713578892792,0.44675742169001,0.159190776324881,0.298580444095829,"ASD","ASD"
"1727","SRR9666893",0.0584906589372883,0.27838305124501,0.170324745304831,0.492801544512871,"PD","ASD"
"1728","SRR9666894",0.371061496313271,0.0714246368880026,0.0475176386518147,0.509996228146911,"PD","ASD"
"1729","SRR9666895",0.248377926514765,0.476829053898463,0.0871740639271535,0.187618955659618,"ASD","ASD"
"1730","SRR9666896",0.277310096059911,0.601368247532017,0.0596224030108583,0.0616992533972135,"ASD","ASD"
"1731","SRR9666897",0.147000834407502,0.199861707885287,0.450537715012454,0.202599742694757,"Control","ASD"
"1732","SRR9666898",0.0476446784533403,0.57776394917979,0.330586809546892,0.0440045628199775,"ASD","ASD"
"1733","SRR9666899",0.0675522237518042,0.474304371279585,0.221092639756341,0.237050765212269,"ASD","ASD"
"1734","SRR9666900",0.141024935042776,0.797114690822201,0.0281897237327096,0.0336706504023137,"ASD","ASD"
"1735","SRR9666901",0.0591303801849051,0.769272541438065,0.02162666298073,0.1499704153963,"ASD","ASD"
"1736","SRR9666902",0.0702109378581128,0.783508949863091,0.0727001743839497,0.0735799378948466,"ASD","ASD"
"1737","SRR9666903",0.0914615480427899,0.709629260738374,0.13016770349419,0.0687414877246458,"ASD","ASD"
"1738","SRR9666904",0.368412250982312,0.431401341652236,0.0638794305811762,0.136306976784276,"ASD","ASD"
"1739","SRR9666905",0.30688165426694,0.501650729192059,0.0667316050964354,0.124736011444565,"ASD","ASD"
"1740","SRR9666906",0.179943188605005,0.464447309611775,0.293242678461849,0.0623668233213708,"ASD","ASD"
"1741","SRR9666907",0.232578420887609,0.530255175812564,0.115410913804427,0.1217554894954,"ASD","ASD"
"1742","SRR9666908",0.11195671287776,0.62797527117083,0.0356311428530335,0.224436873098376,"ASD","ASD"
"1743","SRR9666909",0.0504682654899745,0.133544627650298,0.191210729874158,0.62477637698557,"PD","ASD"
"1744","SRR9666910",0.0658188536665552,0.556082926100053,0.210632844433181,0.167465375800211,"ASD","ASD"
"1745","SRR9666911",0.320553638639604,0.080948765351127,0.569481200944657,0.0290163950646113,"Control","ASD"
"1746","SRR9666912",0.149983492535778,0.405056540586437,0.194964050852837,0.249995916024947,"ASD","ASD"
"1747","SRR9666913",0.275278589369528,0.586329135955243,0.0618562361688533,0.076536038506376,"ASD","ASD"
"1748","SRR9666914",0.0395007187923309,0.483669679984329,0.181481124748958,0.295348476474382,"ASD","ASD"
"1749","SRR9666915",0.0806032223013862,0.356954468790094,0.321471559450867,0.240970749457653,"ASD","ASD"
"1750","SRR9666916",0.402013705801625,0.47589181087565,0.0195946668662745,0.10249981645645,"ASD","ASD"
"1751","SRR9666917",0.195899661996802,0.455145708477506,0.277978513766084,0.0709761157596071,"ASD","ASD"
"1752","SRR9666918",0.064234279975769,0.762891075393897,0.0671051542297373,0.105769490400597,"ASD","ASD"
"1753","SRR9666919",0.18073512647895,0.189366020736487,0.256282719790685,0.373616132993878,"PD","ASD"
"1754","SRR9666920",0.254650882367163,0.568847036721723,0.0830336996287372,0.0934683812823767,"ASD","ASD"
"1755","SRR9666921",0.0592368026408996,0.649357286195063,0.229415170277543,0.0619907408864946,"ASD","ASD"
"1756","SRR9666922",0.0421280973755826,0.801915621002714,0.130597595967628,0.0253586856540753,"ASD","ASD"
"1757","SRR9666923",0.0589076491941512,0.115023874345695,0.307917654731475,0.51815082172868,"PD","ASD"
"1758","SRR9666924",0.282572308256941,0.506087879952243,0.0370867587394058,0.174253053051411,"ASD","ASD"
"1759","SRR9666925",0.196611159230504,0.157751776796363,0.0903430741616069,0.555293989811526,"PD","ASD"
"1760","SRR9666926",0.148160092010723,0.0508984059513294,0.0612967304343986,0.739644771603549,"PD","ASD"
"1761","SRR9666927",0.0711075733431228,0.153355803659159,0.449958337727141,0.325578285270578,"Control","ASD"
"1762","SRR9666928",0.105438665932888,0.42004413190969,0.288587800959047,0.185929401198375,"ASD","ASD"
"1763","SRR9666929",0.0476173754886874,0.76736313860332,0.121511986703863,0.06350749920413,"ASD","ASD"
"1764","SRR9666930",0.16196401626127,0.335567495034905,0.282257007341998,0.220211481361827,"ASD","ASD"
"1765","SRR9666931",0.165610848548385,0.109869053805244,0.428090940137117,0.296429157509254,"Control","ASD"
"1766","SRR9666932",0.0201643473566029,0.087611923629935,0.261247900399303,0.630975828614159,"PD","ASD"
"1767","SRR9666933",0.0695375134906924,0.802665467395773,0.0338209314453115,0.0939760876682235,"ASD","ASD"
"1768","SRR9666934",0.539181367773334,0.207895642364585,0.179331423152899,0.0735915667091809,"AD","ASD"
"1769","SRR9666935",0.120472727528528,0.293852862005886,0.150849118949001,0.434825291516586,"PD","ASD"
"1770","SRR9666936",0.134937189405228,0.518788905703069,0.0570711289238372,0.289202775967866,"ASD","ASD"
"1771","SRR9666937",0.301832082187818,0.539277879516702,0.0765527199571561,0.0823373183383234,"ASD","ASD"
"1772","SRR9666938",0.217699865965646,0.400761984610816,0.0604150311207904,0.321123118302747,"ASD","ASD"
"1773","SRR9666939",0.328453816230665,0.366737793868604,0.071911510187656,0.232896879713076,"ASD","ASD"
"1774","SRR9666940",0.182549583122291,0.374337796855908,0.108398362009094,0.334714258012707,"ASD","ASD"
"1775","SRR9666941",0.274015299459654,0.359829924958719,0.101022137219257,0.26513263836237,"ASD","ASD"
"1776","SRR9666942",0.13458559573662,0.0261122709842843,0.376644449296051,0.462657683983044,"PD","ASD"
"1777","SRR9666943",0.125433875595359,0.348155629087823,0.314382814069202,0.212027681247616,"ASD","ASD"
"1778","SRR9666944",0.144102557471305,0.407881655641007,0.171571427144089,0.276444359743599,"ASD","ASD"
"1779","SRR9666945",0.254095123589505,0.433040080410599,0.269449907120696,0.0434148888792001,"ASD","ASD"
"1780","SRR9666946",0.104130332803069,0.265603235437825,0.230702788506845,0.399563643252261,"PD","ASD"
"1781","SRR9666947",0.0937367309149263,0.55666652914479,0.199528598086775,0.150068141853509,"ASD","ASD"
"1782","SRR9666948",0.121284820226898,0.623997549721957,0.0880868151450756,0.16663081490607,"ASD","ASD"
"1783","SRR9666949",0.126787507807264,0.0771261718776937,0.181797459021162,0.61428886129388,"PD","ASD"
"1784","SRR9666950",0.0428762920277741,0.470380487944403,0.228271304746614,0.258471915281208,"ASD","ASD"
"1785","SRR9666951",0.0710673342472753,0.608737095694508,0.221237724839257,0.0989578452189597,"ASD","ASD"
"1786","SRR9666952",0.0972117187602203,0.540696420945951,0.0155507366537174,0.346541123640112,"ASD","ASD"
"1787","SRR9666953",0.0895225177799364,0.148682972805493,0.41808686751865,0.343707641895921,"Control","ASD"
"1788","SRR9666954",0.219267407412313,0.347730705832741,0.291070646143512,0.141931240611434,"ASD","ASD"
"1789","SRR9666955",0.257604583498023,0.496386290630795,0.0721124432754662,0.173896682595716,"ASD","ASD"
"1790","SRR9666956",0.296913686462519,0.418280547442229,0.0981393141737575,0.186666451921495,"ASD","ASD"
"1791","SRR9666957",0.151090601962812,0.779111306157246,0.032349601637496,0.0374484902424458,"ASD","ASD"
"1792","SRR9666958",0.416837415466329,0.484685771192589,0.0564981219375575,0.0419786914035253,"ASD","ASD"
"1793","SRR9666959",0.299403247245179,0.170624719498038,0.152868253893298,0.377103779363485,"PD","ASD"
"1794","SRR9666960",0.138941011316435,0.510040555043815,0.286158843343681,0.0648595902960697,"ASD","ASD"
"1795","SRR9666961",0.272238671832092,0.330661525905854,0.14716107230016,0.249938729961894,"ASD","ASD"
"1796","SRR9666962",0.426580793952254,0.491818441755865,0.0346580342553591,0.0469427300365222,"ASD","ASD"
"1797","SRR9666963",0.18128932049079,0.0473619114777534,0.527918574219857,0.2434301938116,"Control","ASD"
"1798","SRR9666964",0.356626195424354,0.405593925095899,0.00873494181841311,0.229044937661333,"ASD","ASD"
"1799","SRR9666965",0.084813117864115,0.458549671015678,0.0461907413689644,0.410446469751243,"ASD","ASD"
"1800","SRR9666966",0.242845262776281,0.363208792346445,0.317769359498112,0.0761765853791623,"ASD","ASD"
"1801","SRR9666967",0.153439139366256,0.404540882144538,0.348789357591037,0.0932306208981681,"ASD","ASD"
"1802","SRR9666968",0.129530521470791,0.514712849659012,0.0991808263433084,0.256575802526888,"ASD","ASD"
"1803","SRR9666969",0.373836139331646,0.452950277175163,0.130617263072876,0.0425963204203153,"ASD","ASD"
"1804","SRR9666970",0.075581152912186,0.753153056202661,0.0594670095839124,0.11179878130124,"ASD","ASD"
"1805","SRR9666971",0.0352170901582972,0.808530256805842,0.0677747972823496,0.0884778557535114,"ASD","ASD"
"1806","SRR9666972",0.0932657369835135,0.565315149725294,0.155301159163719,0.186117954127473,"ASD","ASD"
"1807","SRR9666973",0.160067655834364,0.536986968942012,0.10067851790193,0.202266857321694,"ASD","ASD"
"1808","SRR9666974",0.287212637512078,0.424435464249166,0.114727546169374,0.173624352069382,"ASD","ASD"
"1809","SRR9666975",0.133633145021775,0.681717724106067,0.102612580273151,0.0820365505990076,"ASD","ASD"
"1810","SRR9666976",0.31221882014326,0.0381806644250099,0.367994376279611,0.281606139152119,"Control","ASD"
"1811","SRR9666977",0.292568062398965,0.630922027894987,0.0339987570448439,0.0425111526612041,"ASD","ASD"
"1812","SRR9666978",0.10766578167305,0.141363266878901,0.517538730660231,0.233432220787818,"Control","ASD"
"1813","SRR9666979",0.0432924708574183,0.448202495204757,0.239061912416532,0.269443121521292,"ASD","ASD"
"1814","SRR9666980",0.0750367256289978,0.609274163613466,0.265644260549448,0.0500448502080884,"ASD","ASD"
"1815","SRR9666981",0.163241250285574,0.729853438571086,0.094005301414675,0.0129000097286656,"ASD","ASD"
"1816","SRR9666982",0.103061872728705,0.711865774346586,0.117783612084287,0.0672887408404214,"ASD","ASD"
"1817","SRR9666983",0.368253984031746,0.0672159026864753,0.411740817852353,0.152789295429426,"Control","ASD"
"1818","SRR9666984",0.220801705756045,0.0470953442344944,0.324190771384888,0.407912178624573,"PD","ASD"
"1819","SRR9666985",0.0903019868779618,0.0184773731976058,0.25376146087008,0.637459179054352,"PD","ASD"
"1820","SRR9666986",0.132781971042992,0.451008683646349,0.167094730029363,0.249114615281296,"ASD","ASD"
"1821","SRR9666987",0.200718274608789,0.561191203421475,0.173972565111502,0.0641179568582335,"ASD","ASD"
"1822","SRR9666988",0.0436320622221354,0.263298633694041,0.399365180333073,0.293704123750751,"Control","ASD"
"1823","SRR9666989",0.143175132777057,0.242623625834031,0.329319616124244,0.284881625264667,"Control","ASD"
"1824","SRR9666990",0.0693338419874082,0.477370521071519,0.112163155682712,0.34113248125836,"ASD","ASD"
"1825","SRR9666991",0.0464222160537769,0.451164681103027,0.337419213744279,0.164993889098917,"ASD","ASD"
"1826","SRR9666992",0.125639628696916,0.345822186863017,0.311190765155477,0.21734741928459,"ASD","ASD"
"1827","SRR9666993",0.0948795596160933,0.183457099587097,0.0983368294946591,0.62332651130215,"PD","ASD"
"1828","SRR9666994",0.256851508174928,0.101189331950994,0.547141230146941,0.0948179297271373,"Control","ASD"
"1829","SRR9666995",0.0578824689541112,0.591665701871491,0.2973803944358,0.0530714347385979,"ASD","ASD"
"1830","SRR9666996",0.272085723622285,0.225456442539863,0.30519310394214,0.197264729895713,"Control","ASD"
"1831","SRR9666997",0.0677391330384715,0.519079156458562,0.00823151286967195,0.404950197633294,"ASD","ASD"
"1832","SRR9666998",0.282744745373717,0.336248876086519,0.216665925088109,0.164340453451655,"ASD","ASD"
"1833","SRR9666999",0.258685526855508,0.442000219031076,0.119488967840752,0.179825286272663,"ASD","ASD"
"1834","SRR9667000",0.186078122634353,0.298429278747066,0.472337222842194,0.0431553757763876,"Control","ASD"
"1835","SRR9667001",0.111727052461791,0.455776223222507,0.401619548030649,0.0308771762850521,"ASD","ASD"
"1836","SRR9667002",0.346285612445747,0.0639524866168911,0.558810469055986,0.0309514318813767,"Control","ASD"
"1837","SRR9667003",0.118320633182978,0.717314003605758,0.0953080686182994,0.0690572945929644,"ASD","ASD"
"1838","SRR9667004",0.194722838404995,0.190527138847061,0.418073575676761,0.196676447071182,"Control","ASD"
"1839","SRR9667005",0.0906728384373757,0.426324378753042,0.106355645735907,0.376647137073676,"ASD","ASD"
"1840","SRR9667006",0.273047083088733,0.348375167771796,0.297049632936119,0.0815281162033515,"ASD","ASD"
"1841","ERR2730148",0.208314003662016,0.260580566901233,0.429164887108043,0.101940542328707,"Control","Control"
"1842","ERR2730149",0.0393964819254586,0.0951709856483928,0.030723530060841,0.834709002365308,"PD","Control"
"1843","ERR2730150",0.358595611872581,0.0256290721319704,0.518940711201434,0.0968346047940145,"Control","Control"
"1844","ERR2730151",0.209625412125482,0.069387644399156,0.380774396858773,0.340212546616589,"Control","Control"
"1845","ERR2730152",0.138193835352271,0.265715281655117,0.42398164078766,0.172109242204952,"Control","Control"
"1846","ERR2730153",0.170851650664083,0.0713475270530445,0.446452927593816,0.311347894689057,"Control","Control"
"1847","ERR2730154",0.28086416281189,0.128507408161063,0.333647673593161,0.256980755433886,"Control","Control"
"1848","ERR2730155",0.132066348550991,0.0646305691419969,0.171644702536047,0.631658379770965,"PD","Control"
"1849","ERR2730156",0.223720282050199,0.154342139313202,0.347013153751709,0.274924424884889,"Control","Control"
"1850","ERR2730157",0.08136359981023,0.0609188242808996,0.328792329894996,0.528925246013875,"PD","Control"
"1851","ERR2730158",0.0862862637564796,0.151002076724653,0.489645294243818,0.27306636527505,"Control","Control"
"1852","ERR2730159",0.321087059078266,0.0919449255154145,0.156425419711678,0.430542595694641,"PD","Control"
"1853","ERR2730160",0.2323396073016,0.108692688915536,0.387508778696043,0.271458925086822,"Control","Control"
"1854","ERR2730161",0.250044696837922,0.211082840305699,0.49354723161214,0.0453252312442396,"Control","Control"
"1855","ERR2730162",0.299104570663121,0.149475796660353,0.52355539296787,0.0278642397086556,"Control","Control"
"1856","ERR2730163",0.256996876951848,0.507948548860064,0.0469005906091193,0.188153983578969,"ASD","Control"
"1857","ERR2730164",0.273998616711652,0.0971164964565396,0.508955702385591,0.119929184446217,"Control","Control"
"1858","ERR2730165",0.0523676628115499,0.376999463136938,0.484781475012581,0.085851399038931,"Control","Control"
"1859","ERR2730166",0.0730357828009498,0.230478323694445,0.372740519343897,0.323745374160708,"Control","Control"
"1860","ERR2730167",0.115991858477983,0.274546274267708,0.328235776573401,0.281226090680907,"Control","Control"
"1861","ERR2730168",0.0344571736583968,0.261182225275842,0.392350403634376,0.312010197431385,"Control","Control"
"1862","ERR2730169",0.162966904080287,0.177049247508523,0.354359348018903,0.305624500392288,"Control","Control"
"1863","ERR2730170",0.322681898469423,0.207707781300235,0.405996387635993,0.0636139325943484,"Control","Control"
"1864","ERR2730171",0.0918193622759206,0.200582281328653,0.23644083241513,0.471157523980297,"PD","Control"
"1865","ERR2730172",0.124626147445408,0.316745967752361,0.362062180528549,0.196565704273682,"Control","Control"
"1866","ERR2730173",0.0452919198733013,0.298900054111659,0.372210286139319,0.283597739875721,"Control","Control"
"1867","ERR2730174",0.0942228076601609,0.144057120322368,0.355514285156237,0.406205786861235,"PD","Control"
"1868","ERR2730175",0.0235427058581011,0.412330801203336,0.490534159939839,0.0735923329987237,"Control","Control"
"1869","ERR2730176",0.0367885144869273,0.3126884535447,0.607673495091151,0.042849536877221,"Control","Control"
"1870","ERR2730177",0.0827140953336218,0.0569330842397313,0.708531629587337,0.15182119083931,"Control","Control"
"1871","ERR2730178",0.23104794972151,0.205342863436827,0.151406481286051,0.412202705555612,"PD","Control"
"1872","ERR2730179",0.0511124472613859,0.0723986013746911,0.132495241614956,0.743993709748967,"PD","Control"
"1873","ERR2730180",0.0452471177456465,0.797850321728758,0.0726639027098569,0.0842386578157389,"ASD","Control"
"1874","ERR2730181",0.0841588706890585,0.149569201476099,0.205778748755761,0.560493179079082,"PD","Control"
"1875","ERR2730182",0.067776653192167,0.293813181164014,0.479192144255696,0.159218021388123,"Control","Control"
"1876","ERR2730183",0.181659565298128,0.558444244712795,0.228848822075242,0.0310473679138353,"ASD","Control"
"1877","ERR2730184",0.0196809822523802,0.180654596521915,0.500899874578512,0.298764546647193,"Control","Control"
"1878","ERR2730185",0.11490745903286,0.126355937630798,0.405595863804692,0.35314073953165,"Control","Control"
"1879","ERR2730186",0.204926255625312,0.0690609413649422,0.554313405070417,0.171699397939329,"Control","Control"
"1880","ERR2730187",0.372692402099179,0.172523407517875,0.0319772420147476,0.422806948368198,"PD","Control"
"1881","ERR2730188",0.0509333758117239,0.131173542187631,0.566946829720664,0.250946252279981,"Control","Control"
"1882","ERR2730189",0.0486923672530012,0.459052069606302,0.253571313730827,0.23868424940987,"ASD","Control"
"1883","ERR2730190",0.126212022537926,0.0709682357470762,0.774330557026396,0.0284891846886018,"Control","Control"
"1884","ERR2730191",0.117676846349145,0.124009609668617,0.126758857257956,0.631554686724281,"PD","Control"
"1885","ERR2730192",0.18743991759018,0.16199941515555,0.404151273531757,0.246409393722513,"Control","Control"
"1886","ERR2730193",0.131176473878629,0.275704340097482,0.393895289876238,0.199223896147652,"Control","Control"
"1887","ERR2730194",0.0361884799487189,0.0648911702907561,0.633838808910091,0.265081540850434,"Control","Control"
"1888","ERR2730195",0.0111495533108206,0.0671570933139587,0.592378106331916,0.329315247043305,"Control","Control"
"1889","ERR2730196",0.13287754423851,0.573829805993075,0.16230874564298,0.130983904125435,"ASD","Control"
"1890","ERR2730197",0.216353991710712,0.523719172284843,0.209306134556775,0.0506207014476706,"ASD","Control"
"1891","ERR2730198",0.243826306841281,0.182578633898175,0.382451367646415,0.191143691614129,"Control","Control"
"1892","ERR2730199",0.173686979627498,0.0272177630802172,0.557479250631968,0.241616006660317,"Control","Control"
"1893","ERR2730201",0.290987740675412,0.279349448899093,0.107545816094635,0.322116994330859,"PD","Control"
"1894","ERR2730202",0.0579182998257653,0.328593462826757,0.527645062016061,0.0858431753314169,"Control","Control"
"1895","ERR2730203",0.332441203902639,0.558806950771922,0.0481501477770751,0.0606016975483642,"ASD","Control"
"1896","ERR2730204",0.172416767862061,0.0530700119366532,0.686459434842098,0.0880537853591879,"Control","Control"
"1897","ERR2730205",0.13500497555442,0.226641592801518,0.400176579450924,0.238176852193138,"Control","Control"
"1898","ERR2730206",0.167293604799713,0.107020629587555,0.209135947414297,0.516549818198435,"PD","Control"
"1899","ERR2730207",0.217880146553328,0.107608906386275,0.562861753639303,0.111649193421095,"Control","Control"
"1900","ERR2730208",0.121131393666599,0.354209791365161,0.0391841512722778,0.485474663695963,"PD","Control"
"1901","ERR2730209",0.117471630194027,0.0627776655321916,0.300540200011731,0.51921050426205,"PD","Control"
"1902","ERR2730210",0.096988964150393,0.298125777852128,0.408193188912864,0.196692069084615,"Control","Control"
"1903","ERR2730211",0.0380374211310538,0.119562567940706,0.695690090676178,0.146709920252062,"Control","Control"
"1904","ERR2730212",0.0844220269794896,0.339085919846566,0.110378349012473,0.466113704161472,"PD","PD"
"1905","ERR2730213",0.212617947712995,0.201779984363495,0.174173938328113,0.411428129595397,"PD","PD"
"1906","ERR2730214",0.131377755611412,0.160751378994481,0.0445015854291579,0.663369279964949,"PD","PD"
"1907","ERR2730215",0.0910384322337807,0.111930049590878,0.724007267891486,0.0730242502838554,"Control","PD"
"1908","ERR2730216",0.0160598303102214,0.0772537828065529,0.0232730449177195,0.883413341965506,"PD","PD"
"1909","ERR2730217",0.431575140246471,0.212523869329655,0.106229071563018,0.249671918860856,"AD","PD"
"1910","ERR2730218",0.0313696432163849,0.16161560619699,0.763183412244164,0.0438313383424611,"Control","PD"
"1911","ERR2730219",0.145186475423038,0.226777453141071,0.0932870619616676,0.534749009474224,"PD","PD"
"1912","ERR2730220",0.0183293475067041,0.1540666740437,0.242109341343827,0.585494637105769,"PD","PD"
"1913","ERR2730221",0.0967262770454705,0.10214380890562,0.0781514053269161,0.722978508721993,"PD","PD"
"1914","ERR2730222",0.208811365516364,0.192294247090162,0.0830175946127701,0.515876792780704,"PD","PD"
"1915","ERR2730223",0.0564961807531483,0.432887867560152,0.0135769751706221,0.497038976516078,"PD","PD"
"1916","ERR2730224",0.0752294586554287,0.0366992030642117,0.286680982980899,0.601390355299461,"PD","PD"
"1917","ERR2730225",0.0213495022086085,0.354592229146382,0.132528533431025,0.491529735213984,"PD","PD"
"1918","ERR2730226",0.145097786644867,0.260629173137201,0.136001306468361,0.458271733749571,"PD","PD"
"1919","ERR2730227",0.176664620575604,0.0624330024460484,0.321150781685046,0.439751595293302,"PD","PD"
"1920","ERR2730229",0.134529457060556,0.215187823438099,0.0771585555349256,0.57312416396642,"PD","PD"
"1921","ERR2730231",0.107289005201219,0.244333125208953,0.302972758339167,0.345405111250661,"PD","PD"
"1922","ERR2730232",0.376152241323489,0.587621011041605,0.0166066018568015,0.0196201457781041,"ASD","PD"
"1923","ERR2730233",0.163522073211421,0.247519660899614,0.139218875822959,0.449739390066006,"PD","PD"
"1924","ERR2730234",0.190878028727166,0.257876293370014,0.247240592574179,0.30400508532864,"PD","PD"
"1925","ERR2730235",0.270157036546942,0.284494454060179,0.102886985092661,0.342461524300218,"PD","PD"
"1926","ERR2730236",0.152072246070005,0.102312277734001,0.334837405201415,0.410778070994579,"PD","PD"
"1927","ERR2730237",0.338751541818229,0.391354852762031,0.0960527729355021,0.173840832484237,"ASD","PD"
"1928","ERR2730238",0.153892998840942,0.143482934847867,0.322499254626732,0.380124811684459,"PD","PD"
"1929","ERR2730239",0.211585754552357,0.221062673914102,0.265771382482746,0.301580189050795,"PD","PD"
"1930","ERR2730241",0.0641391850532824,0.0675738832474269,0.145890724064022,0.722396207635269,"PD","PD"
"1931","ERR2730242",0.0897723901359845,0.289329932899183,0.0160407527533282,0.604856924211504,"PD","PD"
"1932","ERR2730243",0.286393606964397,0.111503243241057,0.216418803912327,0.38568434588222,"PD","PD"
"1933","ERR2730244",0.219672429158266,0.239203232556949,0.116230576604884,0.424893761679902,"PD","PD"
"1934","ERR2730245",0.0621477230302448,0.26009035053706,0.0493635018936282,0.628398424539067,"PD","PD"
"1935","ERR2730246",0.119313242029842,0.0312862865682838,0.116436111776246,0.732964359625628,"PD","PD"
"1936","ERR2730247",0.0602630610480893,0.315207579727546,0.0442064801979663,0.580322879026399,"PD","PD"
"1937","ERR2730248",0.331557591895271,0.152827772851624,0.43475863226832,0.0808560029847842,"Control","PD"
"1938","ERR2730249",0.152297115096412,0.161776973519572,0.322215009274101,0.363710902109915,"PD","PD"
"1939","ERR2730250",0.218688218144527,0.431184632437064,0.275681631255096,0.074445518163313,"ASD","PD"
"1940","ERR2730251",0.140711959952253,0.0450557825773453,0.181953372178025,0.632278885292376,"PD","PD"
"1941","ERR2730252",0.121607611076763,0.184535446070273,0.099645722216586,0.594211220636378,"PD","PD"
"1942","ERR2730253",0.0917963865043619,0.154982547849164,0.0793451427097903,0.673875922936684,"PD","PD"
"1943","ERR2730254",0.148612592447486,0.241286970778656,0.131945195031923,0.478155241741935,"PD","PD"
"1944","ERR2730255",0.317732697327751,0.217925204892414,0.0883857188553848,0.37595637892445,"PD","PD"
"1945","ERR2730256",0.0958705594365854,0.217203173893601,0.132994184936243,0.553932081733571,"PD","PD"
"1946","ERR2730257",0.0356563648070932,0.137455168126379,0.134869925879232,0.692018541187296,"PD","PD"
"1947","ERR2730258",0.321603036291414,0.0877711326001837,0.057414814661104,0.533211016447299,"PD","PD"
"1948","ERR2730259",0.178173867164038,0.176761024096191,0.104775317592191,0.54028979114758,"PD","PD"
"1949","ERR2730260",0.339750018962986,0.175324595509083,0.0849367377104586,0.399988647817473,"PD","PD"
"1950","ERR2730261",0.245062793332681,0.147384520265636,0.329906979354081,0.277645707047603,"Control","PD"
"1951","ERR2730262",0.198978025784797,0.0479963104759297,0.0746752488046559,0.678350414934618,"PD","PD"
"1952","ERR2730263",0.128909757967926,0.0551878679032196,0.513905755974855,0.301996618154,"Control","PD"
"1953","ERR2730264",0.147525162065834,0.0711587607300849,0.118366654261665,0.662949422942416,"PD","PD"
"1954","ERR2730265",0.101719708509867,0.0731919824808842,0.141621244521273,0.683467064487976,"PD","PD"
"1955","ERR2730266",0.213800515186114,0.114053774909216,0.0915171008306689,0.580628609074001,"PD","PD"
"1956","ERR2730267",0.127314600790436,0.0620233920116488,0.263184230511861,0.547477776686054,"PD","PD"
"1957","ERR2730268",0.4232816720634,0.256093251457303,0.106205217529995,0.214419858949302,"AD","PD"
"1958","ERR2730269",0.0239664789803164,0.264263057982383,0.388185817581992,0.323584645455309,"Control","PD"
"1959","ERR2730270",0.203299675306814,0.0232444038492445,0.448048059406077,0.325407861437865,"Control","PD"
"1960","ERR2730271",0.0373087630880433,0.156189250986235,0.111663042977275,0.694838942948447,"PD","PD"
"1961","ERR2730272",0.212775132376972,0.0283615099478285,0.172381785378861,0.586481572296339,"PD","PD"
"1962","ERR2730273",0.0927815752993834,0.152768633210356,0.0998616074809271,0.654588184009334,"PD","PD"
"1963","ERR2730274",0.401540126083906,0.0458088035496583,0.0734707695327309,0.479180300833705,"PD","PD"
"1964","ERR2730275",0.194902077902801,0.214785865338648,0.319048348581607,0.271263708176944,"Control","PD"
"1965","ERR2730276",0.225980720476707,0.0598375102266567,0.572600911381049,0.141580857915587,"Control","Control"
"1966","ERR2730277",0.243837731855783,0.164833221864334,0.319581678677648,0.271747367602234,"Control","Control"
"1967","ERR2730278",0.391133955999663,0.151649280856389,0.175183494999822,0.282033268144126,"AD","Control"
"1968","ERR2730279",0.0866142858267402,0.2974347655398,0.403086647523777,0.212864301109683,"Control","Control"
"1969","ERR2730280",0.151881663586677,0.0137057127913194,0.103653632641,0.730758990981003,"PD","Control"
"1970","ERR2730281",0.183515342077082,0.0397978154781347,0.677914819507027,0.0987720229377558,"Control","Control"
"1971","ERR2730282",0.145454360319528,0.529853489597725,0.0313246494329316,0.293367500649815,"ASD","Control"
"1972","ERR2730283",0.0422762100173355,0.369730576437561,0.506373382162874,0.0816198313822297,"Control","Control"
"1973","ERR2730284",0.108611423274473,0.0626786409833782,0.748898420809489,0.0798115149326605,"Control","Control"
"1974","ERR2730285",0.0116416971964216,0.446590962196208,0.259324232539778,0.282443108067593,"ASD","Control"
"1975","ERR2730286",0.273316156069916,0.104834244080607,0.587256036302991,0.0345935635464855,"Control","Control"
"1976","ERR2730287",0.199281769375239,0.0329412667071095,0.513728078689036,0.254048885228616,"Control","Control"
"1977","ERR2730288",0.0375573196311748,0.153541675667835,0.188781826092846,0.620119178608144,"PD","Control"
"1978","ERR2730289",0.26446503953724,0.043832117370484,0.456842762886366,0.23486008020591,"Control","Control"
"1979","ERR2730290",0.298978605357212,0.139668329303397,0.37907479942413,0.182278265915262,"Control","Control"
"1980","ERR2730291",0.146081755402381,0.312460358885958,0.504249979962786,0.0372079057488748,"Control","Control"
"1981","ERR2730292",0.312894359295666,0.115394745638455,0.411872255413306,0.159838639652574,"Control","Control"
"1982","ERR2730293",0.179034230018048,0.211625965463695,0.466465301813584,0.142874502704673,"Control","Control"
"1983","ERR2730294",0.222531460239098,0.254777533325788,0.285729317177729,0.236961689257386,"Control","Control"
"1984","ERR2730295",0.210804360301535,0.484962807107666,0.0698409638172963,0.234391868773502,"ASD","Control"
"1985","ERR2730296",0.0683468380508858,0.354373308798513,0.289738798784298,0.287541054366302,"ASD","Control"
"1986","ERR2730297",0.415885372787123,0.00447526720354349,0.570968266862658,0.00867109314667619,"Control","Control"
"1987","ERR2730298",0.079136878036867,0.366541219188083,0.440852229803049,0.113469672972001,"Control","Control"
"1988","ERR2730299",0.190543538950991,0.142003435680509,0.429601417094027,0.237851608274473,"Control","Control"
"1989","ERR2730300",0.114526257857359,0.125726891959734,0.572984755538063,0.186762094644844,"Control","Control"
"1990","ERR2730301",0.336711686912882,0.108779360288711,0.398807477030247,0.15570147576816,"Control","Control"
"1991","ERR2730302",0.0617998448699421,0.303581431646348,0.271333928740498,0.363284794743212,"PD","Control"
"1992","ERR2730303",0.0858158799560081,0.161403388237505,0.632431253484026,0.120349478322461,"Control","Control"
"1993","ERR2730304",0.21179150140112,0.233190700997254,0.420883807103355,0.134133990498271,"Control","Control"
"1994","ERR2730305",0.0817790112411792,0.721302904895534,0.0415833133452034,0.155334770518084,"ASD","Control"
"1995","ERR2730306",0.122570541503249,0.0889855308660888,0.243668373646715,0.544775553983948,"PD","Control"
"1996","ERR2730307",0.174719965236345,0.599417084650549,0.0519546618526356,0.17390828826047,"ASD","Control"
"1997","ERR2730308",0.079441104106329,0.239996678353525,0.380555571046114,0.300006646494032,"Control","Control"
"1998","ERR2730309",0.171936337814723,0.0328257558086889,0.454742682887669,0.340495223488919,"Control","Control"
"1999","ERR2730310",0.158633527041181,0.0378411354755122,0.297172424168326,0.506352913314981,"PD","Control"
"2000","ERR2730311",0.15072588681576,0.367362406104777,0.421124664714654,0.0607870423648093,"Control","Control"
"2001","ERR2730312",0.213850565124828,0.0722482584036916,0.564349876681488,0.149551299789992,"Control","Control"
"2002","ERR2730313",0.166263388661317,0.753528536617339,0.0569871461623069,0.0232209285590375,"ASD","Control"
"2003","ERR2730314",0.109208521833855,0.199499042755692,0.642252867935376,0.049039567475077,"Control","Control"
"2004","ERR2730315",0.0416442811756444,0.128135639054172,0.784284845241104,0.04593523452908,"Control","Control"
"2005","ERR2730316",0.0544218443591383,0.0734986839527326,0.516356557445492,0.355722914242638,"Control","Control"
"2006","ERR2730317",0.210819261255193,0.217706796342128,0.450876272278425,0.120597670124253,"Control","Control"
"2007","ERR2730318",0.104576456790761,0.102148423261002,0.742521751410126,0.0507533685381112,"Control","Control"
"2008","ERR2730319",0.0666334527756778,0.0662205231022257,0.28861555200576,0.578530472116336,"PD","Control"
"2009","ERR2730320",0.192450936233033,0.241806168498279,0.405269026352502,0.160473868916186,"Control","Control"
"2010","ERR2730321",0.319022159199095,0.0929787981518079,0.183426378631827,0.40457266401727,"PD","Control"
"2011","ERR2730322",0.0300257293006437,0.108776372910941,0.761407509438237,0.0997903883501776,"Control","Control"
"2012","ERR2730323",0.0241654296766096,0.430874662606024,0.499021364255945,0.0459385434614209,"Control","Control"
"2013","ERR2730324",0.135684601928746,0.111581053743761,0.678084064174199,0.0746502801532944,"Control","Control"
"2014","ERR2730325",0.532191562908878,0.267887809236291,0.0468857269701147,0.153034900884717,"AD","Control"
"2015","ERR2730326",0.175105170796348,0.0762152389261514,0.50133974284282,0.247339847434681,"Control","Control"
"2016","ERR2730327",0.402189605620182,0.325311036716818,0.230987207185793,0.0415121504772073,"AD","Control"
"2017","ERR2730328",0.134350260698993,0.0932796411065981,0.411751363625537,0.360618734568873,"Control","Control"
"2018","ERR2730329",0.191755904659657,0.301754892856897,0.33687673267848,0.169612469804966,"Control","Control"
"2019","ERR2730330",0.173317217978934,0.224336976814062,0.452334503525271,0.150011301681732,"Control","Control"
"2020","ERR2730331",0.494550537282533,0.180070998151085,0.0169048954209861,0.308473569145396,"AD","Control"
"2021","ERR2730332",0.0530006901874894,0.0781610228454272,0.746599385401889,0.122238901565195,"Control","Control"
"2022","ERR2730333",0.292890747779785,0.120209082824877,0.344462587307076,0.242437582088262,"Control","Control"
"2023","ERR2730334",0.147768946182885,0.531066475198271,0.243273576338451,0.0778910022803925,"ASD","Control"
"2024","ERR2730335",0.160642634487029,0.120719287210889,0.649678383366197,0.0689596949358847,"Control","Control"
"2025","ERR2730336",0.128814423289478,0.188118744322963,0.488756154065746,0.194310678321813,"Control","Control"
"2026","ERR2730337",0.0285426663051776,0.234695469979636,0.39666810321357,0.340093760501617,"Control","Control"
"2027","ERR2730338",0.176888844794657,0.0699027815305743,0.160888870960042,0.592319502714727,"PD","Control"
"2028","ERR2730339",0.386069697877722,0.234967950053758,0.102307639087032,0.276654712981488,"AD","Control"
"2029","ERR2730340",0.141644620512435,0.192547808255503,0.262950913079418,0.402856658152644,"PD","PD"
"2030","ERR2730341",0.134818691879178,0.110176209249108,0.661259326511686,0.0937457723600284,"Control","PD"
"2031","ERR2730342",0.204164597263124,0.105484120495178,0.424075039434635,0.266276242807063,"Control","PD"
"2032","ERR2730343",0.382045749416399,0.257946858804825,0.235515222582203,0.124492169196572,"AD","PD"
"2033","ERR2730344",0.427825107743155,0.0298643611993878,0.0397624491056577,0.5025480819518,"PD","PD"
"2034","ERR2730345",0.261208020405521,0.123570631315701,0.153389374440854,0.461831973837924,"PD","PD"
"2035","ERR2730346",0.149072466836409,0.313422265135351,0.0903834893552057,0.447121778673033,"PD","PD"
"2036","ERR2730347",0.149296663313504,0.234206569055263,0.197192694622645,0.419304073008587,"PD","PD"
"2037","ERR2730348",0.0578666020404508,0.0576453743633411,0.00485047586986552,0.879637547726343,"PD","PD"
"2038","ERR2730349",0.221103498702662,0.167495869045986,0.246286817110456,0.365113815140895,"PD","PD"
"2039","ERR2730350",0.148792467030555,0.340935553977808,0.129031993442229,0.381239985549408,"PD","PD"
"2040","ERR2730351",0.264685066107106,0.0799456691324664,0.103598743818313,0.551770520942115,"PD","PD"
"2041","ERR2730352",0.0996758743895561,0.304362164949935,0.089904458115295,0.506057502545214,"PD","PD"
"2042","ERR2730353",0.0835054272018846,0.309121597971601,0.093728128233906,0.513644846592608,"PD","PD"
"2043","ERR2730354",0.029637909503236,0.336944541872618,0.0202748384661527,0.613142710157994,"PD","PD"
"2044","ERR2730355",0.307186831419821,0.178104062101954,0.135910152748655,0.37879895372957,"PD","PD"
"2045","ERR2730356",0.125879382407468,0.200178889013,0.0991906882184827,0.574751040361049,"PD","PD"
"2046","ERR2730357",0.2046567836972,0.146446252760377,0.117230840489724,0.531666123052699,"PD","PD"
"2047","ERR2730358",0.142543116329062,0.162065665285402,0.100635038598477,0.594756179787059,"PD","PD"
"2048","ERR2730359",0.229649349642486,0.0939484296215111,0.185373574794477,0.491028645941526,"PD","PD"
"2049","ERR2730360",0.089411720780677,0.26959321479154,0.578267870519496,0.0627271939082869,"Control","PD"
"2050","ERR2730361",0.101064475279876,0.173665517535041,0.142422518163598,0.582847489021485,"PD","PD"
"2051","ERR2730362",0.0529995474066368,0.222860384800899,0.568680119063958,0.155459948728506,"Control","PD"
"2052","ERR2730363",0.132832009847606,0.119199691223438,0.641690665862351,0.106277633066605,"Control","PD"
"2053","ERR2730364",0.0664664041236597,0.25092516818033,0.265075411828784,0.417533015867226,"PD","PD"
"2054","ERR2730365",0.139873159453772,0.106939097949026,0.3525674109894,0.400620331607803,"PD","PD"
"2055","ERR2730366",0.313186353198941,0.0231820773214064,0.103939186727177,0.559692382752475,"PD","PD"
"2056","ERR2730367",0.0732712149714041,0.0245264862177789,0.154085328912816,0.748116969898001,"PD","PD"
"2057","ERR2730368",0.145438899158257,0.269810473359146,0.104242354729841,0.480508272752756,"PD","PD"
"2058","ERR2730369",0.110350641441737,0.271614970617266,0.0228540057165397,0.595180382224457,"PD","PD"
"2059","ERR2730370",0.245980749404764,0.0943758702540144,0.0394001593305132,0.620243221010709,"PD","PD"
"2060","ERR2730371",0.287769060014369,0.246732575989853,0.134789422352449,0.330708941643329,"PD","PD"
"2061","ERR2730372",0.0507955340976253,0.0723514280045415,0.787463114617651,0.0893899232801824,"Control","PD"
"2062","ERR2730373",0.0456553548203787,0.119016885889955,0.211416434000631,0.623911325289035,"PD","PD"
"2063","ERR2730374",0.113579934577322,0.0293623886796232,0.82790320038841,0.0291544763546455,"Control","PD"
"2064","ERR2730375",0.229856303189892,0.159038896565845,0.0879927968323026,0.52311200341196,"PD","PD"
"2065","ERR2730376",0.23092466961885,0.109168133790906,0.229557763982213,0.430349432608032,"PD","PD"
"2066","ERR2730377",0.0489599491493141,0.163927879272996,0.445747704402967,0.341364467174723,"Control","PD"
"2067","ERR2730378",0.0884747169137716,0.12770892865899,0.151158617330945,0.632657737096293,"PD","PD"
"2068","ERR2730379",0.280089701661939,0.277288661819918,0.379908266440833,0.0627133700773101,"Control","PD"
"2069","ERR2730380",0.150448042162266,0.241489711639205,0.145374614753344,0.462687631445184,"PD","PD"
"2070","ERR2730381",0.112840827483512,0.308202381060409,0.218001154055622,0.360955637400458,"PD","PD"
"2071","ERR2730382",0.143414384634798,0.053666869287295,0.169305100546073,0.633613645531835,"PD","PD"
"2072","ERR2730383",0.0369122291711639,0.686925554208701,0.0256402336447483,0.250521982975387,"ASD","PD"
"2073","ERR2730384",0.199501928840781,0.231359300586655,0.245221066250247,0.323917704322317,"PD","PD"
"2074","ERR2730385",0.0416499123396273,0.307400275420953,0.188213246915413,0.462736565324006,"PD","PD"
"2075","ERR2730386",0.280775221372489,0.243800445587304,0.0783343070136452,0.397090026026561,"PD","PD"
"2076","ERR2730387",0.18031674184267,0.0272602566642184,0.170857668467127,0.621565333025985,"PD","PD"
"2077","ERR2730388",0.111347689964911,0.207758978170563,0.124233398767171,0.556659933097355,"PD","PD"
"2078","ERR2730389",0.0455683954328973,0.171621234291246,0.307906286203239,0.474904084072618,"PD","PD"
"2079","ERR2730390",0.21129842963609,0.105859404342252,0.310253766746719,0.37258839927494,"PD","PD"
"2080","ERR2730391",0.037226208968148,0.0827930235120399,0.407581193109668,0.472399574410144,"PD","PD"
"2081","ERR2730392",0.294145509066186,0.313635064855115,0.350418035968917,0.0418013901097817,"Control","PD"
"2082","ERR2730393",0.190361338569602,0.0723212092313033,0.252501816615204,0.48481563558389,"PD","PD"
"2083","ERR2730394",0.276923426848846,0.166355811054993,0.0700758282720283,0.486644933824132,"PD","PD"
"2084","ERR2730395",0.159163837369149,0.145215645237256,0.320946074057737,0.374674443335859,"PD","PD"
"2085","ERR2730396",0.0396287352042028,0.154607462718111,0.781179460717115,0.0245843413605712,"Control","PD"
"2086","ERR2730397",0.105676349075373,0.108032086859445,0.0866540168912149,0.699637547173967,"PD","PD"
"2087","ERR2730398",0.0352328204192308,0.0625501881001606,0.0758272528582324,0.826389738622376,"PD","PD"
"2088","ERR2730399",0.0617703511512348,0.264581847895735,0.133696190346489,0.539951610606542,"PD","PD"
"2089","ERR2730400",0.0525269092475294,0.211400756450789,0.344584478886321,0.391487855415361,"PD","PD"
"2090","ERR2730401",0.211472435740399,0.269423817547151,0.190551770775872,0.328551975936577,"PD","PD"
"2091","ERR2730402",0.174794696542975,0.116961096724204,0.0614652705139699,0.646778936218851,"PD","PD"
"2092","ERR2730403",0.268029322511199,0.22787709938047,0.299108955611997,0.204984622496333,"Control","PD"
"2093","ERR3040009",0.204448087896315,0.183935215931588,0.550362581477481,0.0612541146946157,"Control","Control"
"2094","ERR3040011",0.251047526340962,0.0651719964537665,0.177622158419219,0.506158318786053,"PD","PD"
"2095","ERR3040012",0.0651399982490729,0.196186722036253,0.216407330057057,0.522265949657617,"PD","PD"
"2096","ERR3040013",0.164327800545737,0.143143561900949,0.0672958348518378,0.625232802701476,"PD","PD"
"2097","ERR3040014",0.293485619193042,0.271198367651391,0.108028032931997,0.32728798022357,"PD","PD"
"2098","ERR3040015",0.273959119149057,0.0681191515785709,0.161892449094685,0.496029280177687,"PD","PD"
"2099","ERR3040016",0.253753265785104,0.253524175917136,0.049541591146961,0.443180967150799,"PD","PD"
"2100","ERR3040017",0.117905124438161,0.246056706740567,0.250464026324301,0.385574142496971,"PD","PD"
"2101","ERR3040018",0.386405326821467,0.0562256848774014,0.101755067639764,0.455613920661368,"PD","PD"
"2102","ERR3046385",0.376422384678165,0.0572536541477914,0.122430200749007,0.443893760425037,"PD","PD"
"2103","ERR3046386",0.21019290815931,0.189863477191993,0.0444877794560342,0.555455835192663,"PD","PD"
"2104","ERR3046387",0.328030695507753,0.0815223162328116,0.393517920426797,0.196929067832639,"Control","PD"
"2105","ERR3046388",0.136953509265942,0.25684646664647,0.193182347686994,0.413017676400593,"PD","PD"
"2106","ERR3046389",0.12976749214949,0.205033076498394,0.544751800052139,0.120447631299976,"Control","PD"
"2107","ERR3046390",0.00785004022101233,0.0533180409744248,0.423216129721927,0.515615789082636,"PD","PD"
"2108","ERR3046391",0.0471939581446276,0.143755792486687,0.298576828399688,0.510473420968998,"PD","PD"
"2109","ERR3046392",0.08295583937264,0.111919287861317,0.0746332115063426,0.7304916612597,"PD","PD"
"2110","ERR3046393",0.114405806158949,0.265238663253126,0.237180961725707,0.383174568862217,"PD","PD"
"2111","ERR3046394",0.322461515116436,0.041798250436715,0.545673099580921,0.0900671348659282,"Control","PD"
"2112","ERR3046395",0.184357562753034,0.11975410394363,0.32048175203332,0.375406581270016,"PD","PD"
"2113","ERR3046396",0.0594807386173214,0.145773064948328,0.640560220248261,0.154185976186089,"Control","PD"
"2114","ERR3046397",0.019593627334445,0.774780152038245,0.155747819209348,0.0498784014179626,"ASD","PD"
"2115","ERR3046398",0.350317791862005,0.158808100367439,0.0821647131251254,0.408709394645431,"PD","PD"
"2116","ERR3046399",0.255667265663771,0.32366505381865,0.0296289839078642,0.391038696609715,"PD","PD"
"2117","ERR3046400",0.416699056787782,0.036591414093277,0.0744612127226659,0.472248316396275,"PD","PD"
"2118","ERR3046401",0.143034534960636,0.296845212922227,0.533892126299919,0.0262281258172177,"Control","PD"
"2119","ERR3046402",0.0457469835332544,0.0815027625808128,0.127045891718228,0.745704362167705,"PD","PD"
"2120","ERR3046403",0.162600693569207,0.134900339585601,0.293284881414324,0.409214085430868,"PD","PD"
"2121","ERR3046404",0.0851539197340657,0.276227133341406,0.0115257228035222,0.627093224121006,"PD","PD"
"2122","ERR3046405",0.0825959964271708,0.320479300324519,0.142417517447312,0.454507185800998,"PD","PD"
"2123","ERR3046406",0.0662368694438573,0.0434257931218567,0.0397355730935363,0.85060176434075,"PD","PD"
"2124","ERR3046407",0.073127372383265,0.222458305456254,0.191204345288966,0.513209976871515,"PD","PD"
"2125","ERR3046408",0.305301066394738,0.157033282040005,0.177459615995147,0.36020603557011,"PD","PD"
"2126","ERR3046409",0.274196374990898,0.0665864790272054,0.606033128478875,0.0531840175030212,"Control","PD"
"2127","ERR3046410",0.2945007392138,0.165457164312494,0.0327280983836683,0.507313998090038,"PD","PD"
"2128","ERR3046411",0.0988553131570098,0.195982972054911,0.2937347267301,0.411426988057979,"PD","PD"
"2129","ERR3046412",0.0557531652293686,0.083785666995468,0.0808226699678525,0.779638497807311,"PD","PD"
"2130","ERR3046413",0.0368623887035166,0.102768607631823,0.744450205209095,0.115918798455566,"Control","PD"
"2131","ERR3046414",0.314413224799349,0.179850296587202,0.142495085307364,0.363241393306086,"PD","PD"
"2132","ERR3046415",0.0265649903352025,0.181594331873842,0.711443829432936,0.0803968483580197,"Control","PD"
"2133","ERR3046416",0.159409660478544,0.159160672391034,0.0740856812623011,0.607343985868121,"PD","PD"
"2134","ERR3046417",0.115918099245175,0.0751866378149409,0.173704055806384,0.635191207133501,"PD","PD"
"2135","ERR3046418",0.160051146136115,0.305087603299731,0.0741795874264486,0.460681663137705,"PD","PD"
"2136","ERR3046419",0.216333631947282,0.262481876943149,0.420518949856593,0.100665541252975,"Control","PD"
"2137","ERR3046421",0.0593032438257198,0.319147078459554,0.367892903445487,0.253656774269239,"Control","PD"
"2138","ERR3046422",0.0403112014051376,0.0594971720289348,0.302639081793367,0.597552544772561,"PD","PD"
"2139","ERR3046423",0.312357129136763,0.163179400065026,0.0319857542099348,0.492477716588276,"PD","PD"
"2140","ERR3046424",0.220021913975015,0.532745769083627,0.122137121514494,0.125095195426864,"ASD","Control"
"2141","ERR3046425",0.0389564412571517,0.0626642549639447,0.861134348918641,0.0372449548602627,"Control","Control"
"2142","ERR3046426",0.167931111577661,0.306676742363059,0.342736445477383,0.182655700581897,"Control","Control"
"2143","ERR3046427",0.566359509144847,0.204526500443287,0.132373459366753,0.0967405310451122,"AD","Control"
"2144","ERR3046428",0.0464875428017025,0.16259830013533,0.686367614283195,0.104546542779773,"Control","Control"
"2145","ERR3046429",0.233646119379656,0.178254978230084,0.356098588655734,0.232000313734527,"Control","Control"
"2146","ERR3046430",0.0595822793190519,0.278431658505874,0.608870897973706,0.053115164201369,"Control","Control"
"2147","ERR3046431",0.208326025944523,0.0999910319428522,0.221345071694411,0.470337870418214,"PD","Control"
"2148","ERR3046432",0.252660394161945,0.122266308577822,0.602636083781186,0.0224372134790473,"Control","Control"
"2149","ERR3046433",0.340275330160467,0.0511364213336852,0.399969727695088,0.20861852081076,"Control","Control"
"2150","ERR3046434",0.0852752743254565,0.739368111568955,0.138651615808696,0.0367049982968925,"ASD","Control"
"2151","ERR3046435",0.273029400960216,0.112591556578268,0.52711295095052,0.0872660915109958,"Control","Control"
"2152","ERR3046436",0.0630870431603745,0.0317850430806556,0.783378749912106,0.121749163846864,"Control","Control"
"2153","ERR3046437",0.156497619125045,0.0652119547622836,0.506416089656299,0.271874336456372,"Control","Control"
"2154","ERR3046438",0.0888774467167765,0.133493978362472,0.501167742722518,0.276460832198233,"Control","Control"
"2155","ERR3046439",0.058062671790827,0.207114351270128,0.388053729872461,0.346769247066584,"Control","Control"
"2156","ERR3046440",0.211455216429052,0.0404515375649441,0.433387286406458,0.314705959599545,"Control","Control"
"2157","ERR3046441",0.183446058822624,0.111789728455505,0.478238252512073,0.226525960209797,"Control","Control"
"2158","ERR3046442",0.0989422334863359,0.327323455986949,0.395565070978662,0.178169239548054,"Control","Control"
"2159","ERR3046443",0.0322565754903696,0.217672122609456,0.491378154578691,0.258693147321484,"Control","Control"
"2160","ERR3046444",0.0285254281783052,0.247896153139041,0.575117167783752,0.148461250898902,"Control","Control"
"2161","ERR3046445",0.0861902715515993,0.166828056456873,0.0391401609097788,0.707841511081749,"PD","Control"
"2162","ERR3046446",0.07354238892864,0.112870855082836,0.116133786300079,0.697452969688445,"PD","Control"
"2163","ERR3046447",0.0758598703782578,0.119466510033609,0.697500573587779,0.107173046000354,"Control","Control"
"2164","ERR3046448",0.204197630101942,0.111770019876042,0.427737375322877,0.256294974699139,"Control","Control"
"2165","ERR3046449",0.28058794195104,0.0918633725130403,0.0906070669268142,0.536941618609106,"PD","PD"
"2166","ERR3046450",0.0982860988309165,0.342097227206005,0.436719124993736,0.122897548969343,"Control","PD"
"2167","ERR3046451",0.104123031184876,0.0477615423800902,0.252953304208659,0.595162122226376,"PD","PD"
"2168","ERR3046452",0.0483422985164573,0.330467265453239,0.141024609178633,0.480165826851671,"PD","PD"
"2169","ERR3046453",0.199620626672402,0.0936149254382218,0.194271202334977,0.512493245554399,"PD","PD"
"2170","ERR3046454",0.0289683404016192,0.144991630579571,0.233255171333829,0.592784857684981,"PD","PD"
"2171","ERR3046455",0.0527830490325099,0.123472472867361,0.155702225150726,0.668042252949402,"PD","PD"
"2172","ERR3046456",0.163889126891138,0.288032308796475,0.0999916118970474,0.44808695241534,"PD","PD"
"2173","ERR3046457",0.0817428866119793,0.235755782146333,0.0551015648439084,0.627399766397779,"PD","PD"
"2174","ERR3046458",0.118368538715911,0.27005155984952,0.059423786966773,0.552156114467797,"PD","PD"
"2175","ERR3046459",0.273605468537216,0.0881938596698617,0.170179739377287,0.468020932415636,"PD","PD"
"2176","ERR3046460",0.0483738950176736,0.346543208768605,0.220640498012864,0.384442398200857,"PD","PD"
"2177","ERR3046461",0.314902401746714,0.0121693225006736,0.575438199144901,0.0974900766077111,"Control","PD"
"2178","ERR3046462",0.0410395460232739,0.316428040229118,0.582538434212786,0.0599939795348212,"Control","PD"
"2179","ERR3046463",0.0189559679331762,0.0158871149207998,0.405403805568168,0.559753111577856,"PD","PD"
"2180","ERR3046464",0.09152738213768,0.120743181868666,0.315072743155568,0.472656692838086,"PD","PD"
"2181","ERR3046465",0.0715979539911912,0.156425993167852,0.305643814081631,0.466332238759326,"PD","PD"
"2182","ERR3046466",0.0632216958703962,0.100217239789682,0.762093324842527,0.0744677394973944,"Control","PD"
"2183","ERR3046467",0.0469570819594992,0.195899248407899,0.347493482135436,0.409650187497166,"PD","PD"
"2184","ERR3046468",0.351809714465957,0.0766106346233241,0.176106469573555,0.395473181337165,"PD","PD"
"2185","ERR3046469",0.349213555664171,0.0383606471770823,0.113857221666893,0.498568575491854,"PD","PD"
"2186","ERR3046470",0.195233321487232,0.165837451288388,0.234153574359459,0.404775652864921,"PD","PD"
"2187","ERR3046471",0.0391058363694484,0.757676865661346,0.0845965078172452,0.11862079015196,"ASD","PD"
"2188","ERR3046472",0.185189731002168,0.237904309057457,0.241524022685105,0.33538193725527,"PD","PD"
"2189","ERR3046473",0.21554744573348,0.32222933165558,0.0813623516291579,0.380860870981782,"PD","PD"
"2190","ERR3046474",0.171863568166412,0.0792501358301095,0.346560397871699,0.402325898131779,"PD","PD"
"2191","ERR3046475",0.157500675621347,0.126686735548822,0.594177127246984,0.121635461582847,"Control","PD"
"2192","ERR3046476",0.34166781754422,0.122797061236899,0.260643195437354,0.274891925781526,"AD","PD"
"2193","ERR3046477",0.338895741554847,0.146189831778739,0.0985415919136526,0.416372834752762,"PD","PD"
"2194","ERR3046478",0.243799323083662,0.140709341504862,0.256582827433656,0.358908507977821,"PD","PD"
"2195","ERR3046479",0.141127725017541,0.171538084293289,0.316768547097285,0.370565643591885,"PD","PD"
"2196","ERR3046480",0.536034863750616,0.240613491872167,0.169199473311618,0.0541521710655992,"AD","PD"
"2197","ERR3046481",0.0762489927048825,0.300770528141917,0.231759782391684,0.391220696761516,"PD","PD"
"2198","ERR3046482",0.384804746484948,0.0797731236550195,0.210993937009058,0.324428192850975,"AD","PD"
"2199","ERR3046483",0.0406700804970559,0.0218012702907986,0.402687078783467,0.534841570428678,"PD","PD"
"2200","ERR3046484",0.0832936661738693,0.117625616759344,0.257359605918869,0.541721111147917,"PD","PD"
"2201","ERR3046485",0.0993006451602621,0.208474564355756,0.474285526881696,0.217939263602287,"Control","PD"
"2202","ERR3046486",0.167768309009544,0.159469402299757,0.547316598877922,0.125445689812778,"Control","PD"
"2203","ERR3046487",0.183389986789292,0.261864981187854,0.242890289827077,0.311854742195777,"PD","PD"
"2204","ERR3046488",0.24195058258661,0.285771445615922,0.318996438316743,0.153281533480725,"Control","Control"
"2205","ERR3046489",0.137824932545067,0.181933569399151,0.366984403322588,0.313257094733194,"Control","Control"
"2206","ERR3046490",0.0361565110069438,0.210114679008822,0.479535637573449,0.274193172410785,"Control","Control"
"2207","ERR3046491",0.165930322633883,0.0948540479960641,0.391555239924195,0.347660389445858,"Control","Control"
"2208","ERR3046492",0.0734312501840218,0.0560674723705452,0.837765793732053,0.0327354837133802,"Control","Control"
"2209","ERR3046493",0.286848888657492,0.0326026290389352,0.673915688336712,0.00663279396686062,"Control","Control"
"2210","ERR3046494",0.261980684335513,0.21841835289238,0.332010301423445,0.187590661348662,"Control","Control"
"2211","ERR3046495",0.193101147042841,0.124721399257333,0.365503774865303,0.316673678834522,"Control","Control"
"2212","ERR3046496",0.175920367251426,0.0615128918106677,0.044087138028752,0.718479602909154,"PD","Control"
"2213","ERR3046497",0.275621560420809,0.441161506816624,0.0534438971414276,0.22977303562114,"ASD","Control"
"2214","ERR3046498",0.142019569333917,0.0695622540126662,0.466505809647839,0.321912367005578,"Control","Control"
"2215","ERR3046499",0.0704700862232661,0.267043018940007,0.151363324116222,0.511123570720505,"PD","Control"
"2216","ERR3046500",0.185147652974046,0.277319751295986,0.329202584777985,0.208330010951983,"Control","Control"
"2217","ERR3046501",0.15536817179126,0.0372095003571982,0.179456979275677,0.627965348575865,"PD","Control"
"2218","ERR3046502",0.275930251366395,0.226045049892446,0.169284113872534,0.328740584868625,"PD","Control"
"2219","ERR3046503",0.0976024121568222,0.107303765072766,0.658848320420897,0.136245502349515,"Control","Control"
"2220","ERR3046504",0.615595133414292,0.16457766776328,0.182886544631575,0.0369406541908531,"AD","Control"
"2221","ERR3046505",0.0550557714516322,0.20633060003261,0.696893164448475,0.0417204640672822,"Control","Control"
"2222","ERR3046506",0.193571824676685,0.114539797101929,0.14584259684146,0.546045781379926,"PD","Control"
"2223","ERR3046507",0.229489035903707,0.117828391148155,0.228672417134118,0.42401015581402,"PD","Control"
"2224","ERR3046508",0.365667220556409,0.0923270085343551,0.429871093824578,0.112134677084658,"Control","Control"
"2225","ERR3046509",0.0939021262374915,0.106320039410093,0.678694105321862,0.121083729030554,"Control","Control"
"2226","ERR3046510",0.242456623568316,0.232956166533668,0.34302595343429,0.181561256463726,"Control","Control"
"2227","ERR3046511",0.0284334519409163,0.249927866739534,0.647085161148532,0.0745535201710172,"Control","Control"
"2228","ERR3046512",0.213992926278787,0.260074608250878,0.397823749105874,0.128108716364461,"Control","Control"
"2229","ERR3046513",0.0533559202973342,0.114014916498544,0.0762334743078903,0.756395688896232,"PD","PD"
"2230","ERR3046514",0.0838350272485519,0.149156917289795,0.14608171506812,0.620926340393533,"PD","PD"
"2231","ERR3046515",0.0201976443418935,0.436050755579169,0.0297917163181107,0.513959883760827,"PD","PD"
"2232","ERR3046516",0.0220231612487731,0.0560491840494972,0.0605184146193642,0.861409240082366,"PD","PD"
"2233","ERR3046517",0.677666631248623,0.0980583950563238,0.0881835477352592,0.136091425959794,"AD","PD"
"2234","ERR3046518",0.17693125045425,0.0324964743823507,0.131162231047767,0.659410044115632,"PD","PD"
"2235","ERR3046519",0.234736731526169,0.179711760504742,0.36956687485789,0.2159846331112,"Control","PD"
"2236","ERR3046520",0.256818623238025,0.125847483613997,0.225007061880038,0.39232683126794,"PD","PD"
"2237","ERR3046521",0.124629298984461,0.174318188071243,0.32173869152099,0.379313821423306,"PD","PD"
"2238","ERR3046522",0.356789902574822,0.0310528948143675,0.405373148744176,0.206784053866635,"Control","PD"
"2239","ERR3046523",0.235557181973541,0.234083594657785,0.0647322974694558,0.465626925899218,"PD","PD"
"2240","ERR3046524",0.0273444822195034,0.0783486870208873,0.158197649090789,0.73610918166882,"PD","PD"
"2241","ERR3046525",0.22509915257375,0.0622600754607008,0.10931881751014,0.603321954455409,"PD","PD"
"2242","ERR3046526",0.110137478704131,0.128423382124297,0.146662075370233,0.614777063801339,"PD","PD"
"2243","ERR3046527",0.386931391381637,0.0725839272989313,0.085836355836931,0.454648325482501,"PD","PD"
"2244","ERR3046528",0.0979586821215458,0.557516775380117,0.18174993730868,0.162774605189656,"ASD","PD"
"2245","ERR3046529",0.208257406407754,0.14112737253403,0.109238501280378,0.541376719777837,"PD","PD"
"2246","ERR3046530",0.185852207652195,0.277329518068728,0.0342398490189555,0.502578425260122,"PD","PD"
"2247","ERR3046531",0.309524315201809,0.134912999266501,0.392137093558519,0.163425591973171,"Control","PD"
"2248","ERR3046532",0.0891557030110774,0.0592652944722709,0.179070986227747,0.672508016288905,"PD","PD"
"2249","ERR3046533",0.0355692124153946,0.330188020296385,0.100826576032038,0.533416191256182,"PD","PD"
"2250","ERR3046534",0.0499520229052261,0.193803357831344,0.252637884900885,0.503606734362545,"PD","PD"
"2251","ERR3046535",0.305156525534546,0.101391321444354,0.541337003413548,0.0521151496075518,"Control","PD"
"2252","ERR3046536",0.34443736588419,0.0450694473389806,0.507902014731023,0.102591172045807,"Control","PD"
"2253","ERR3046537",0.126607379070891,0.0964897094141535,0.060985003141874,0.715917908373081,"PD","PD"
"2254","ERR3046538",0.189857967155713,0.195264989075013,0.261737834536787,0.353139209232487,"PD","PD"
"2255","ERR3046539",0.0567711649526244,0.309532475495002,0.166684338450092,0.467012021102281,"PD","PD"
"2256","ERR3046540",0.0873176393674689,0.151745947021246,0.299822098862395,0.461114314748889,"PD","PD"
"2257","ERR3046541",0.0455829602981055,0.35769972649708,0.0591275241280829,0.537589789076731,"PD","PD"
"2258","ERR3046542",0.0363798641287477,0.314554071238268,0.199386329183802,0.449679735449182,"PD","PD"
"2259","ERR3046543",0.0543858781694499,0.057448565589556,0.22447927337157,0.663686282869424,"PD","PD"
"2260","ERR3046544",0.0189239172320288,0.221440603813965,0.230584143087121,0.529051335866885,"PD","PD"
"2261","ERR3046545",0.0908537761832884,0.192904982817493,0.10498559563079,0.611255645368428,"PD","PD"
"2262","ERR3046546",0.138580924256409,0.0977985966724698,0.0585240351170178,0.705096443954103,"PD","PD"
"2263","ERR3046547",0.171561604898781,0.589076445572931,0.0745518850405426,0.164810064487745,"ASD","PD"
"2264","ERR3046548",0.128100604936929,0.252014366780668,0.240292407949342,0.379592620333061,"PD","PD"
"2265","ERR3046549",0.133840331570392,0.231553767082307,0.222478543279577,0.412127358067723,"PD","PD"
"2266","ERR3046550",0.238274644069172,0.333245803399984,0.0570688979995732,0.371410654531271,"PD","PD"
"2267","ERR3046551",0.0461730250630626,0.316793065220477,0.184061499184453,0.452972410532007,"PD","PD"
"2268","ERR3046552",0.114500264994071,0.673363385412018,0.120776838884087,0.0913595107098237,"ASD","Control"
"2269","ERR3046553",0.10189172160756,0.0357150882173811,0.754816643120074,0.107576547054985,"Control","Control"
"2270","ERR3046554",0.0221766378697595,0.119515252482175,0.540953481534695,0.31735462811337,"Control","Control"
"2271","ERR3046555",0.213756842127678,0.372100665245966,0.105337208921546,0.308805283704811,"ASD","Control"
"2272","ERR3046556",0.198401449260555,0.135321607255361,0.59860880881922,0.0676681346648636,"Control","Control"
"2273","ERR3046557",0.202930348530022,0.0747059659313546,0.649578406295743,0.0727852792428811,"Control","Control"
"2274","ERR3046558",0.112468103044383,0.312285738217435,0.403667008714582,0.171579150023599,"Control","Control"
"2275","ERR3046559",0.0162138294682517,0.0864978057984473,0.0450229775810413,0.85226538715226,"PD","Control"
"2276","ERR3046560",0.0751774388127233,0.234974940914219,0.590728660330343,0.0991189599427144,"Control","Control"
"2277","ERR3046561",0.142795624978073,0.0982197043480305,0.633602517795971,0.125382152877925,"Control","Control"
"2278","ERR3046562",0.253850596977819,0.0506233969822152,0.380059497230579,0.315466508809387,"Control","Control"
"2279","ERR3046563",0.02757612180541,0.290838829001608,0.0434206994199884,0.638164349772994,"PD","Control"
"2280","ERR3046564",0.254355489929586,0.127140251275356,0.109207656031053,0.509296602764005,"PD","Control"
"2281","ERR3046565",0.11883780540584,0.28569060928084,0.250581400951788,0.344890184361532,"PD","Control"
"2282","ERR3046566",0.227698025318966,0.0655223670009353,0.408962986096815,0.297816621583283,"Control","Control"
"2283","ERR3046567",0.182535636857842,0.181773678409922,0.406518115111388,0.229172569620848,"Control","Control"
"2284","ERR3046568",0.0154205023516231,0.20607211438613,0.676733576640107,0.10177380662214,"Control","Control"
"2285","ERR3046569",0.338452678202222,0.113280429195647,0.397500200546028,0.150766692056103,"Control","Control"
"2286","ERR3046570",0.262201598264677,0.181811046770203,0.245174568889705,0.310812786075414,"PD","Control"
"2287","ERR3046571",0.0928360811871081,0.417731077666162,0.280426997608374,0.209005843538356,"ASD","Control"
"2288","ERR3046572",0.158119973221226,0.0181164853787649,0.759015649349705,0.0647478920503048,"Control","Control"
"2289","ERR3046573",0.215131358741397,0.302495511590293,0.384729419592166,0.0976437100761449,"Control","Control"
"2290","ERR3046574",0.0345049809009996,0.404018212505529,0.201546720274405,0.359930086319067,"ASD","Control"
"2291","ERR3046575",0.275813537217011,0.210441568888742,0.47850946465107,0.0352354292431775,"Control","Control"
"2292","ERR3046576",0.04463241793925,0.568923652394569,0.278674980977859,0.107768948688322,"ASD","Control"
"2293","ERR3046577",0.0746199529412127,0.0107875917515131,0.0238163027700503,0.890776152537224,"PD","PD"
"2294","ERR3046578",0.0538950859355458,0.208414432307788,0.687329309239402,0.0503611725172645,"Control","PD"
"2295","ERR3046579",0.217689446498547,0.253077948674373,0.244958411117619,0.284274193709461,"PD","PD"
"2296","ERR3046580",0.220794357141072,0.0444410876317109,0.261058739852393,0.473705815374824,"PD","PD"
"2297","ERR3046581",0.142344526148415,0.133909687168855,0.416592077191787,0.307153709490943,"Control","PD"
"2298","ERR3046582",0.17899222226455,0.0555220699863966,0.0680491258658793,0.697436581883174,"PD","PD"
"2299","ERR3046583",0.0738434113558833,0.111394835035628,0.241014056504493,0.573747697103996,"PD","PD"
"2300","ERR3046584",0.117070105060727,0.143763980251269,0.128192506540185,0.610973408147819,"PD","PD"
"2301","ERR3046585",0.0306196715258848,0.284542181040037,0.318674003357112,0.366164144076967,"PD","PD"
"2302","ERR3046586",0.0702145861207821,0.267712522126953,0.0723152769024104,0.589757614849855,"PD","PD"
"2303","ERR3046587",0.250602651248699,0.521003512999307,0.15240831476202,0.075985520989973,"ASD","PD"
"2304","ERR3046588",0.362743219710795,0.168268693832221,0.0407865342576805,0.428201552199303,"PD","PD"
"2305","ERR3046589",0.257297225945926,0.0746763516397482,0.0206871556197803,0.647339266794545,"PD","PD"
"2306","ERR3046590",0.0340164234089155,0.349011376927772,0.48444876336931,0.132523436294003,"Control","PD"
"2307","ERR3046591",0.291496670107867,0.187096321969803,0.0783620770916087,0.443044930830722,"PD","PD"
"2308","ERR3046592",0.0695666212949917,0.306738522467163,0.536196637482194,0.0874982187556506,"Control","PD"
"2309","ERR3046593",0.15695171646511,0.0605056052686308,0.370963338752644,0.411579339513615,"PD","PD"
"2310","ERR3046594",0.230019913848795,0.234585513444471,0.250469684761661,0.284924887945073,"PD","PD"
"2311","ERR3046595",0.146810648549286,0.304000663792592,0.356676608810967,0.192512078847155,"Control","PD"
"2312","ERR3046596",0.107834937578082,0.0730842146976458,0.630871360415894,0.188209487308378,"Control","PD"
"2313","ERR3046597",0.0654296016132596,0.0371556776154434,0.0670461429703533,0.830368577800944,"PD","PD"
"2314","ERR3046598",0.091976663578132,0.0992152826196827,0.303176978506446,0.505631075295739,"PD","PD"
"2315","ERR3046599",0.307475921711463,0.0126458569406841,0.07578797260142,0.604090248746433,"PD","PD"
"2316","ERR3046600",0.0742071631269246,0.111553254775202,0.1386158795361,0.675623702561773,"PD","PD"
"2317","ERR3046601",0.091302910597274,0.0438380065589987,0.368060311179272,0.496798771664455,"PD","PD"
"2318","ERR3046602",0.222409728752167,0.186318777064827,0.367050300173621,0.224221194009384,"Control","PD"
"2319","ERR3046603",0.314032592514734,0.267940538548136,0.0371469959397182,0.380879872997411,"PD","PD"
"2320","ERR3046604",0.0776411844422148,0.340179932295349,0.0921900704804029,0.489988812782033,"PD","PD"
"2321","ERR3046605",0.293112749897935,0.203217193089512,0.114264536114365,0.389405520898188,"PD","PD"
"2322","ERR3046606",0.243514894186536,0.220486114448745,0.0322420596317876,0.503756931732932,"PD","PD"
"2323","ERR3046607",0.108724196276569,0.102010916608797,0.028873058377279,0.760391828737355,"PD","PD"
"2324","ERR3046608",0.161490250856573,0.0422654838365311,0.369045079761818,0.427199185545078,"PD","PD"
"2325","ERR3046609",0.121096518152364,0.425992296976199,0.19940954912373,0.253501635747707,"ASD","PD"
"2326","ERR3046610",0.0788563544044668,0.153665297415146,0.245879957688193,0.521598390492194,"PD","PD"
"2327","ERR3046611",0.192946274123284,0.040180291565243,0.0342527618702795,0.732620672441193,"PD","PD"
"2328","ERR3046612",0.0780394697492387,0.135940725084185,0.49304922464788,0.292970580518697,"Control","PD"
"2329","ERR3046613",0.0470382091113443,0.114622575320104,0.0547515852851827,0.783587630283369,"PD","PD"
"2330","ERR3046614",0.15685848490554,0.206864912412582,0.22324477618242,0.413031826499458,"PD","PD"
"2331","ERR3046615",0.167161860721671,0.323032922604931,0.147738342652493,0.362066874020905,"PD","PD"
"2332","ERR3046616",0.0955917913359275,0.0456476010859382,0.767564349776062,0.0911962578020725,"Control","Control"
"2333","ERR3046617",0.200715497756008,0.404229283782795,0.288165010854918,0.106890207606279,"ASD","Control"
"2334","ERR3046618",0.0195698504341343,0.0616572707718595,0.895897286972427,0.0228755918215791,"Control","Control"
"2335","ERR3046619",0.221352735807578,0.575349312101009,0.0874419977855164,0.115855954305897,"ASD","Control"
"2336","ERR3046620",0.0861542958525327,0.183123614834326,0.344972707609062,0.38574938170408,"PD","Control"
"2337","ERR3046621",0.420399482042726,0.0416157450407198,0.510555828825677,0.0274289440908773,"Control","Control"
"2338","ERR3046622",0.222611033429535,0.306447203037885,0.342558294405299,0.128383469127281,"Control","Control"
"2339","ERR3046623",0.232519024442331,0.369521476108824,0.318075441563446,0.0798840578853999,"ASD","Control"
"2340","ERR3046624",0.0573272378951614,0.107001368436238,0.372927164266787,0.462744229401813,"PD","Control"
"2341","ERR3046625",0.0824445847782248,0.107663083410821,0.0377106890573722,0.772181642753582,"PD","Control"
"2342","ERR3046626",0.235716634824976,0.387714384983144,0.309836483438468,0.0667324967534111,"ASD","Control"
"2343","ERR3046627",0.144354656894366,0.100472361839666,0.47947779073413,0.275695190531837,"Control","Control"
"2344","ERR3046628",0.227542864445856,0.0897516709062772,0.46587792689386,0.216827537754007,"Control","Control"
"2345","ERR3046629",0.129786579749947,0.278784160394175,0.374714996131202,0.216714263724676,"Control","Control"
"2346","ERR3046630",0.10272870767699,0.115097491398625,0.552152432027523,0.230021368896862,"Control","Control"
"2347","ERR3046631",0.208310131312277,0.0465799144336373,0.658962186118231,0.0861477681358547,"Control","Control"
"2348","ERR3046632",0.244139522884153,0.330212922965738,0.0296387139608488,0.39600884018926,"PD","Control"
"2349","ERR3046633",0.18457740265755,0.317519764729702,0.428797924392734,0.0691049082200149,"Control","Control"
"2350","ERR3046634",0.734513537593127,0.179086767134499,0.0194937852462528,0.0669059100261211,"AD","Control"
"2351","ERR3046635",0.137416365214836,0.0857734747068287,0.718768787391296,0.0580413726870388,"Control","Control"
"2352","ERR3046636",0.108062164328501,0.0833557472271484,0.446078449441139,0.362503639003211,"Control","Control"
"2353","ERR3046637",0.31163816955452,0.204567808838994,0.217498029579723,0.266295992026763,"AD","Control"
"2354","ERR3046638",0.133028230501482,0.0577796680989094,0.679642321720879,0.129549779678729,"Control","Control"
"2355","ERR3046639",0.0174107409193248,0.0859835054667836,0.821106031506448,0.0754997221074431,"Control","Control"
"2356","ERR3046640",0.107979974621893,0.303489327842985,0.387745427264094,0.200785270271027,"Control","Control"
"2357","ERR365835",0.181644147776042,0.27179582591897,0.473674534061271,0.0728854922437173,"Control","Control"
"2358","ERR365836",0.0900572637513118,0.256122313789167,0.578597191430821,0.0752232310286997,"Control","Control"
"2359","ERR365837",0.346028415807546,0.149723282512797,0.401223333996339,0.103024967683318,"Control","Control"
"2360","ERR365838",0.111167747728921,0.14488851867966,0.579764902939721,0.164178830651698,"Control","Control"
"2361","ERR365839",0.11139220818173,0.313355114424989,0.480470707133647,0.0947819702596339,"Control","Control"
"2362","ERR365840",0.205236309744382,0.190767006810897,0.274754994506285,0.329241688938437,"PD","Control"
"2363","ERR365841",0.0242696211281858,0.680482890682115,0.198453477612644,0.0967940105770546,"ASD","Control"
"2364","ERR365842",0.0925419030388307,0.0460102515247153,0.700857236965656,0.160590608470798,"Control","Control"
"2365","ERR365843",0.191753567465441,0.165365068173026,0.286183120701057,0.356698243660476,"PD","Control"
"2366","ERR365844",0.223930474163332,0.306101172298278,0.0629416927911047,0.407026660747285,"PD","Control"
"2367","ERR365845",0.215327334878396,0.227846293975994,0.53501827325198,0.0218080978936295,"Control","Control"
"2368","ERR365846",0.338809016334539,0.479232542424586,0.0970246421841518,0.0849337990567239,"ASD","Control"
"2369","ERR365847",0.151662036384337,0.364563440944791,0.0637691753597713,0.420005347311101,"PD","Control"
"2370","ERR365848",0.271458133639249,0.270309615317518,0.330218271597426,0.128013979445807,"Control","Control"
"2371","ERR365849",0.180769770151989,0.305426342745484,0.402299190660314,0.111504696442213,"Control","Control"
"2372","ERR365850",0.0235758481339387,0.150644907085359,0.0184842863899274,0.807294958390774,"PD","Control"
"2373","ERR365851",0.0834180026416159,0.513455397094412,0.189165738132609,0.213960862131363,"ASD","Control"
"2374","ERR365852",0.0486963996101948,0.354351674303305,0.53580703991916,0.0611448861673397,"Control","Control"
"2375","ERR365853",0.323656857353172,0.132185050286006,0.497916529622214,0.0462415627386077,"Control","Control"
"2376","ERR365854",0.216559941867012,0.20201757120205,0.342853531393458,0.23856895553748,"Control","Control"
"2377","ERR365855",0.298941783536704,0.269811591623987,0.338165552965568,0.0930810718737416,"Control","Control"
"2378","ERR365856",0.250483276498574,0.0379330552879497,0.611355648183182,0.100228020030294,"Control","Control"
"2379","ERR365857",0.197420556423315,0.351132513813674,0.398684427713928,0.0527625020490841,"Control","Control"
"2380","ERR365858",0.0733252598760416,0.527092172556226,0.161693815203242,0.23788875236449,"ASD","Control"
"2381","ERR365859",0.0817213869765104,0.213609032816176,0.557055164117097,0.147614416090217,"Control","Control"
"2382","ERR365860",0.311280968990704,0.151404753039968,0.441530697603916,0.0957835803654128,"Control","Control"
"2383","ERR365861",0.0402678307145675,0.686143059521302,0.123332538027557,0.150256571736574,"ASD","Control"
"2384","ERR365862",0.0884434765800783,0.364469940788176,0.42623496571893,0.120851616912815,"Control","Control"
"2385","ERR365863",0.107765091394761,0.154464739106802,0.419061366201783,0.318708803296654,"Control","Control"
"2386","ERR365864",0.0818859219717517,0.435266588806339,0.227005241813273,0.255842247408636,"ASD","Control"
"2387","ERR365865",0.27253006927877,0.0791407247779843,0.233992662045035,0.414336543898211,"PD","Control"
"2388","ERR365866",0.0860235902332535,0.0956953598158361,0.632577051956799,0.185703997994111,"Control","Control"
"2389","ERR365867",0.270785324254322,0.243148980354971,0.323523276946278,0.162542418444429,"Control","Control"
"2390","ERR365868",0.144997197388766,0.139021811479658,0.620951520640676,0.0950294704908995,"Control","Control"
"2391","ERR365869",0.223293117833206,0.0453517325792346,0.45329343041934,0.278061719168219,"Control","Control"
"2392","ERR365870",0.068359326704838,0.144985149334225,0.335712456683918,0.450943067277019,"PD","Control"
"2393","ERR365871",0.25714404524811,0.451867579974867,0.171925208877643,0.119063165899381,"ASD","Control"
"2394","ERR365872",0.207469409103552,0.117849034328508,0.229251485195114,0.445430071372826,"PD","Control"
"2395","ERR365873",0.303926698597414,0.111346689636878,0.345923601831961,0.238803009933747,"Control","Control"
"2396","ERR365874",0.0557137887188161,0.226105527948329,0.420085600730262,0.298095082602593,"Control","Control"
"2397","ERR365875",0.14227899041573,0.357136878483122,0.0792796124221378,0.42130451867901,"PD","Control"
"2398","ERR365876",0.238904981166023,0.254105228396926,0.476525202665606,0.0304645877714454,"Control","Control"
"2399","ERR365877",0.247105405188853,0.0404129416895567,0.635740939523797,0.0767407135977933,"Control","Control"
"2400","ERR365878",0.0535043691544606,0.315142435767483,0.443648296712381,0.187704898365675,"Control","Control"
"2401","ERR365879",0.0280288588368118,0.0189026542850007,0.792468784095021,0.160599702783166,"Control","Control"
"2402","ERR365880",0.378441869284623,0.148919870757333,0.427574471480408,0.045063788477636,"Control","Control"
"2403","ERR365881",0.206499771709259,0.15037179061064,0.519305067880213,0.123823369799889,"Control","Control"
"2404","ERR365882",0.402140344390127,0.108278462269054,0.459344984286313,0.0302362090545055,"Control","Control"
"2405","ERR365883",0.0818660315610627,0.171896149836751,0.426028601975307,0.320209216626879,"Control","Control"
"2406","ERR365884",0.412551376629628,0.0364896774272962,0.494290366253941,0.0566685796891348,"Control","Control"
"2407","ERR365885",0.237435314728932,0.133010083034689,0.192730065136753,0.436824537099626,"PD","Control"
"2408","ERR365886",0.282105539726605,0.193191400562747,0.103149377918174,0.421553681792475,"PD","Control"
"2409","ERR365887",0.35068421015258,0.14792898124329,0.032555114295578,0.468831694308551,"PD","Control"
"2410","ERR365888",0.0764473528553581,0.0613630628432364,0.804902384413805,0.0572871998876004,"Control","Control"
"2411","ERR365889",0.176598941074319,0.265060682743353,0.473178817938605,0.0851615582437237,"Control","Control"
"2412","ERR365890",0.157647449669767,0.178490296122486,0.348657184205752,0.315205070001994,"Control","Control"
"2413","ERR365891",0.275165428115376,0.202947711586442,0.0840558502326213,0.437831010065561,"PD","Control"
"2414","ERR365892",0.128045329557617,0.342950879076154,0.380954470271208,0.148049321095021,"Control","Control"
"2415","ERR365893",0.135312697964957,0.244615795415698,0.380133111463802,0.239938395155543,"Control","Control"
"2416","ERR365894",0.0302091543914537,0.136639254476391,0.524968186237558,0.308183404894597,"Control","Control"
"2417","ERR365895",0.239451421244056,0.212287987961913,0.298964653820464,0.249295936973567,"Control","Control"
"2418","ERR365896",0.0945323614107211,0.0220069509391685,0.756376781407076,0.127083906243035,"Control","Control"
"2419","ERR365897",0.198480811710429,0.47157713023773,0.0267639708397092,0.303178087212132,"ASD","Control"
"2420","ERR365898",0.318892719087283,0.0419722612227442,0.380108094615098,0.259026925074875,"Control","Control"
"2421","ERR365899",0.292780403060787,0.0088738907446957,0.612313183527958,0.0860325226665599,"Control","Control"
"2422","ERR365900",0.160922217933836,0.340065389972064,0.217014720128985,0.281997671965115,"ASD","Control"
"2423","ERR365901",0.110543859067027,0.497863303993561,0.260888511812009,0.130704325127402,"ASD","Control"
"2424","ERR365902",0.086521825353412,0.0666856227273045,0.807042418166253,0.0397501337530301,"Control","Control"
"2425","ERR365903",0.0819673669536399,0.32036462539346,0.489694446050603,0.107973561602297,"Control","Control"
"2426","ERR365904",0.025429058391551,0.0314423095882727,0.842139510778659,0.100989121241517,"Control","Control"
"2427","ERR365905",0.226853137075391,0.104837577098773,0.390525277935881,0.277784007889955,"Control","Control"
"2428","ERR365906",0.191266287642388,0.198025959760171,0.199950009817315,0.410757742780126,"PD","Control"
"2429","ERR365907",0.307220882074557,0.388443778765256,0.116178621117217,0.188156718042971,"ASD","Control"
"2430","ERR365908",0.182437735166635,0.148596972038426,0.486628460437456,0.182336832357484,"Control","Control"
"2431","ERR365909",0.0772340295269714,0.0936402820994597,0.346475825204517,0.482649863169052,"PD","PD"
"2432","ERR365910",0.0938889544477436,0.0612440100305403,0.133362571570232,0.711504463951484,"PD","PD"
"2433","ERR365911",0.27054768298887,0.0308505095018487,0.591460393118961,0.107141414390321,"Control","PD"
"2434","ERR365912",0.25766976903263,0.0785526497652008,0.584604471616403,0.0791731095857659,"Control","PD"
"2435","ERR365913",0.0467783932192502,0.452358346698945,0.392701127977257,0.108162132104547,"ASD","PD"
"2436","ERR365914",0.112845047438753,0.227960885151515,0.639659649993907,0.0195344174158244,"Control","PD"
"2437","ERR365915",0.141125976020199,0.142188196251635,0.309035463912387,0.407650363815779,"PD","PD"
"2438","ERR365916",0.0865470099681408,0.0587969641058123,0.0706718688248981,0.783984157101149,"PD","PD"
"2439","ERR365917",0.26270056885669,0.305197956013163,0.0594500431329491,0.372651431997198,"PD","PD"
"2440","ERR365918",0.121569237405385,0.170832533786228,0.187224107468475,0.520374121339912,"PD","PD"
"2441","ERR365919",0.032301436890129,0.101540337718377,0.1199593770007,0.746198848390794,"PD","PD"
"2442","ERR365920",0.13337172648635,0.0520471462455729,0.13135057057396,0.683230556694118,"PD","PD"
"2443","ERR365921",0.172152975952962,0.100142389336247,0.0688110017371038,0.658893632973687,"PD","PD"
"2444","ERR365922",0.141356537007427,0.205397415771659,0.00839329927019051,0.644852747950724,"PD","PD"
"2445","ERR365923",0.23794403339609,0.244726888397146,0.217725526413817,0.299603551792947,"PD","PD"
"2446","ERR365924",0.0849434804905649,0.110107014422344,0.219003733569736,0.585945771517355,"PD","PD"
"2447","ERR365925",0.276509965974939,0.0499389372210843,0.121890852568557,0.55166024423542,"PD","PD"
"2448","ERR365926",0.243495103777466,0.121443349076472,0.105982323485989,0.529079223660073,"PD","PD"
"2449","ERR365927",0.0711752454394884,0.356066099234966,0.172217224457456,0.40054143086809,"PD","PD"
"2450","ERR365928",0.0932149568141592,0.237157258686021,0.0845081456295345,0.585119638870286,"PD","PD"
"2451","ERR365929",0.162637923366731,0.0282602511405798,0.483706238805858,0.325395586686831,"Control","PD"
"2452","ERR365930",0.13361380235243,0.216503070592998,0.251682271249705,0.398200855804866,"PD","PD"
"2453","ERR365931",0.027090927616143,0.13568136183229,0.299733831961738,0.537493878589829,"PD","PD"
"2454","ERR365932",0.216582030809762,0.225314359108843,0.0742104954594319,0.483893114621963,"PD","PD"
"2455","ERR365933",0.175481578233081,0.241373647600685,0.430797518237753,0.152347255928481,"Control","PD"
"2456","ERR365934",0.0931699224036899,0.0498399395570135,0.614566682307835,0.242423455731462,"Control","PD"
"2457","ERR365935",0.0827821471932211,0.266134200497767,0.224397405910938,0.426686246398073,"PD","PD"
"2458","ERR365936",0.157476685351261,0.149338020711274,0.189216138286069,0.503969155651397,"PD","PD"
"2459","ERR365937",0.102483184449946,0.181995702969476,0.114579775593236,0.600941336987342,"PD","PD"
"2460","ERR365938",0.0791447489639055,0.125949070665734,0.252047522992077,0.542858657378284,"PD","PD"
"2461","ERR365939",0.0415494067499824,0.295378872493762,0.111921875876343,0.551149844879912,"PD","PD"
"2462","ERR365940",0.23209903880739,0.154796773226785,0.215142545640053,0.397961642325772,"PD","PD"
"2463","ERR365941",0.0395859240972254,0.43028436166175,0.0526357849702888,0.477493929270736,"PD","PD"
"2464","ERR365942",0.113626871865802,0.0208248463059642,0.0214745256874949,0.844073756140739,"PD","PD"
"2465","ERR365943",0.244346178141089,0.193328337606546,0.261831749738938,0.300493734513426,"PD","PD"
"2466","ERR365944",0.309032382757947,0.142732594324366,0.168399035922327,0.379835986995359,"PD","PD"
"2467","ERR365945",0.126024930063511,0.0688029841409263,0.324327697552999,0.480844388242563,"PD","PD"
"2468","ERR365946",0.0656760479478506,0.178381495501743,0.350389027672675,0.405553428877731,"PD","PD"
"2469","ERR365947",0.181067942632316,0.331796735179566,0.0640405900568366,0.423094732131281,"PD","PD"
"2470","ERR365948",0.220874241059531,0.273760635297914,0.188508785964656,0.316856337677899,"PD","PD"
"2471","ERR365949",0.580637919557859,0.0599763883319991,0.180934051578896,0.178451640531246,"AD","PD"
"2472","ERR365950",0.312068445800345,0.201064953994869,0.270701319505265,0.21616528069952,"AD","PD"
"2473","ERR365951",0.272388825070477,0.161164074359826,0.113647626760988,0.452799473808709,"PD","PD"
"2474","ERR365952",0.0901821582767922,0.0738067897933125,0.111502057403677,0.724508994526219,"PD","PD"
"2475","ERR365953",0.152090335112254,0.336084223101685,0.024292311772093,0.487533130013969,"PD","PD"
"2476","ERR365954",0.232127296668762,0.365552057999361,0.0759183174900833,0.326402327841794,"ASD","PD"
"2477","ERR365955",0.227810551046864,0.078886492212579,0.400397144339107,0.29290581240145,"Control","PD"
"2478","ERR365956",0.19045714644939,0.229544922966255,0.018578585959865,0.561419344624491,"PD","PD"
"2479","ERR365957",0.241942098512708,0.0906215074897734,0.174703182508201,0.492733211489317,"PD","PD"
"2480","ERR365958",0.198716993461837,0.112020606145462,0.316047602203659,0.373214798189043,"PD","PD"
"2481","ERR365959",0.108586236122949,0.308024009315254,0.498142979778916,0.0852467747828813,"Control","PD"
"2482","ERR365960",0.0575028451113338,0.253566004685129,0.37635019493365,0.312580955269887,"Control","PD"
"2483","ERR365961",0.015093338226507,0.0150971728786667,0.0300061868347477,0.939803302060079,"PD","PD"
"2484","ERR365962",0.141453652683627,0.283997029376508,0.375683183340992,0.198866134598873,"Control","PD"
"2485","ERR365963",0.108926120762345,0.0363380138978881,0.299339692458744,0.555396172881023,"PD","PD"
"2486","ERR365964",0.23117114560004,0.0785473317286483,0.250321144965222,0.43996037770609,"PD","PD"
"2487","ERR365965",0.168302046594752,0.14712592723829,0.222280250785199,0.462291775381759,"PD","PD"
"2488","ERR365966",0.258056821569304,0.209212243841449,0.10915048089555,0.423580453693697,"PD","PD"
"2489","ERR365967",0.0831109219415568,0.0701001929344334,0.391762598414668,0.455026286709342,"PD","PD"
"2490","ERR365968",0.0412332949047408,0.351233659719423,0.0580087329586049,0.549524312417231,"PD","PD"
"2491","ERR365969",0.0725140634421462,0.172783869429957,0.1341151085123,0.620586958615596,"PD","PD"
"2492","ERR365970",0.15494424140279,0.0469128010055386,0.156581693935274,0.641561263656398,"PD","PD"
"2493","ERR365971",0.233254656304809,0.300588959692202,0.339925048599141,0.126231335403848,"Control","PD"
"2494","ERR365972",0.195465413374081,0.245861470726023,0.119262084427165,0.439411031472731,"PD","PD"
"2495","ERR365973",0.110756091997963,0.246136635681496,0.233199453482214,0.409907818838327,"PD","PD"
"2496","ERR365974",0.0921098908266763,0.147329620669296,0.408101886376048,0.35245860212798,"Control","PD"
"2497","ERR365975",0.302376233280996,0.189027025572082,0.12258626538142,0.386010475765501,"PD","PD"
"2498","ERR365976",0.171001230170016,0.286562378450729,0.2198074675889,0.322628923790355,"PD","PD"
"2499","ERR365977",0.219548762154076,0.090863224131159,0.0536637933404348,0.635924220374331,"PD","PD"
"2500","ERR365978",0.0782593785822151,0.0965586425097895,0.0786743166261336,0.746507662281862,"PD","PD"
"2501","ERR365979",0.152972864951241,0.194393067699757,0.537155580062637,0.115478487286366,"Control","PD"
"2502","ERR365980",0.0952340067694949,0.160063113368022,0.518235534615482,0.226467345247001,"Control","PD"
"2503","ERR365981",0.303386381932837,0.113735957415125,0.366708144546198,0.216169516105839,"Control","PD"
"2504","ERR365982",0.0163493129739627,0.00255102307917786,0.139377817516926,0.841721846429933,"PD","PD"
"2505","SRR10430871",0.138386461600296,0.0581941137923273,0.56714411283485,0.236275311772527,"Control","Control"
"2506","SRR10430872",0.225935363819107,0.0359231274195401,0.0831068802395282,0.655034628521825,"PD","PD"
"2507","SRR10430873",0.263573184530893,0.0739694482831803,0.50423287221053,0.158224494975397,"Control","Control"
"2508","SRR10430874",0.304248152603835,0.0548066827327934,0.116031817767678,0.524913346895694,"PD","PD"
"2509","SRR10430875",0.0803632989595141,0.098239033991361,0.208847029401058,0.612550637648067,"PD","PD"
"2510","SRR10430876",0.358321139699742,0.103697142299812,0.455259225823597,0.082722492176849,"Control","Control"
"2511","SRR10430877",0.209395890603819,0.232020531066411,0.0928295031301966,0.465754075199573,"PD","PD"
"2512","SRR10430878",0.0112646965697129,0.321820118715771,0.029943916299459,0.636971268415057,"PD","Control"
"2513","SRR10430879",0.268659476431472,0.149239504507223,0.223455224333326,0.358645794727979,"PD","PD"
"2514","SRR10430880",0.0924577561822121,0.455648433605597,0.368834059841596,0.0830597503705951,"ASD","Control"
"2515","SRR10430881",0.327072222733808,0.0903114195480692,0.120229782913916,0.462386574804206,"PD","PD"
"2516","SRR10430882",0.0786663844044292,0.133844705028578,0.270767278596078,0.516721631970915,"PD","PD"
"2517","SRR10430883",0.259602865405026,0.0480660396597894,0.627722578184278,0.0646085167509057,"Control","Control"
"2518","SRR10430885",0.215871110832933,0.0921189172279971,0.41017339383032,0.28183657810875,"Control","Control"
"2519","SRR10430886",0.0448216344595152,0.333218419527528,0.380892534168242,0.241067411844715,"Control","Control"
"2520","SRR10430887",0.249608870209575,0.0588907845429915,0.607991400117187,0.0835089451302471,"Control","PD"
"2521","SRR10430888",0.224263633474903,0.266775673434815,0.311275494045543,0.19768519904474,"Control","Control"
"2522","SRR10430889",0.0387273949578412,0.0569669550486215,0.482670150308037,0.421635499685501,"Control","PD"
"2523","SRR10430890",0.239351635431734,0.261204846804804,0.289391754581966,0.210051763181496,"Control","Control"
"2524","SRR10430891",0.141938796540318,0.28672891736688,0.344410293287077,0.226921992805725,"Control","Control"
"2525","SRR10430892",0.357060110492659,0.129873413849115,0.420012092092876,0.0930543835653504,"Control","PD"
"2526","SRR10430893",0.0271169691629441,0.203519278681141,0.490467092919539,0.278896659236376,"Control","Control"
"2527","SRR10430894",0.304166170494558,0.105394324370024,0.203116611414194,0.387322893721224,"PD","PD"
"2528","SRR10430895",0.264439496584085,0.225909746262187,0.316789296432998,0.19286146072073,"Control","Control"
"2529","SRR10430896",0.136475531509573,0.367389472578945,0.0179640756321714,0.478170920279311,"PD","PD"
"2530","SRR10430897",0.202511661240944,0.154948539278015,0.092754655424055,0.549785144056986,"PD","PD"
"2531","SRR10430898",0.205063381404344,0.0473450304718992,0.109711731142449,0.637879856981308,"PD","Control"
"2532","SRR10430899",0.166599449550724,0.035202662463205,0.113620926286229,0.684576961699842,"PD","PD"
"2533","SRR10430900",0.12345650646784,0.440621255324197,0.326392122492377,0.109530115715586,"ASD","Control"
"2534","SRR10430901",0.183027013717513,0.140040768101621,0.105065362392049,0.571866855788817,"PD","PD"
"2535","SRR10430902",0.177989415620478,0.34528896154842,0.405456280136518,0.0712653426945838,"Control","Control"
"2536","SRR10430903",0.151685562717726,0.0329612423134652,0.127668308334489,0.68768488663432,"PD","PD"
"2537","SRR10430904",0.304787708899577,0.0559369851197409,0.44277155853182,0.196503747448862,"Control","PD"
"2538","SRR10430905",0.139614176788899,0.108111339865849,0.172001935649273,0.580272547695979,"PD","Control"
"2539","SRR10430906",0.200373066988633,0.0446693649889463,0.232510719744638,0.522446848277783,"PD","PD"
"2540","SRR10430907",0.0649785333147421,0.844607449614861,0.0726248703262777,0.0177891467441188,"ASD","Control"
"2541","SRR10430908",0.0198416886659235,0.237226352020397,0.205147331810446,0.537784627503233,"PD","PD"
"2542","SRR10430909",0.219920128346992,0.248410815602986,0.239857420242404,0.291811635807618,"PD","PD"
"2543","SRR10430910",0.19123485122446,0.361840634896701,0.404920195179448,0.0420043186993914,"Control","Control"
"2544","SRR10430911",0.0962408446747012,0.0738824375339489,0.752794267234914,0.0770824505564358,"Control","PD"
"2545","SRR10430912",0.21914049921672,0.378466327861103,0.320388433188036,0.0820047397341406,"ASD","Control"
"2546","SRR10430913",0.0807862743305975,0.331219707000673,0.140785727731426,0.447208290937304,"PD","PD"
"2547","SRR10430914",0.220423487840299,0.0979957138797582,0.443998191038231,0.237582607241712,"Control","PD"
"2548","SRR10430915",0.355751101881169,0.0493482606860676,0.281594424602508,0.313306212830256,"AD","Control"
"2549","SRR10430916",0.121632611831448,0.283985714363328,0.234446317598247,0.359935356206977,"PD","PD"
"2550","SRR10430917",0.0801641618533465,0.219244929821692,0.222160816189353,0.478430092135608,"PD","PD"
"2551","SRR10430918",0.0194823808908649,0.274659590655268,0.580603002311588,0.125255026142279,"Control","Control"
"2552","SRR10430919",0.207648335966096,0.218577782995518,0.217159924899863,0.356613956138522,"PD","PD"
"2553","SRR10430920",0.024551099169073,0.0128274732513957,0.524706188137131,0.4379152394424,"Control","Control"
"2554","SRR10430921",0.104867402728432,0.398664304387093,0.440738178843808,0.055730114040667,"Control","Control"
"2555","SRR10430922",0.274659435109754,0.146778045533241,0.141193722198219,0.437368797158787,"PD","PD"
"2556","SRR10430923",0.14581394201137,0.0438636589846738,0.484575273984855,0.325747125019102,"Control","Control"
"2557","SRR10430924",0.141963228428864,0.218426197220916,0.181084496236642,0.458526078113577,"PD","PD"
"2558","SRR10430925",0.263376238906576,0.176712568956228,0.36740119971668,0.192509992420515,"Control","Control"
"2559","SRR10430926",0.0221352735403444,0.133183663846487,0.0980263335622441,0.746654729050924,"PD","PD"
"2560","SRR10430927",0.314081223349267,0.146965466033936,0.469457713837383,0.0694955967794148,"Control","Control"
"2561","SRR10430928",0.0834448946889018,0.102446572521589,0.508319757860427,0.305788774929082,"Control","PD"
"2562","SRR10430929",0.0774314914360673,0.325953414553499,0.552339658617464,0.0442754353929703,"Control","PD"
"2563","SRR10430930",0.10125403843096,0.309090516613183,0.0899263091986613,0.499729135757195,"PD","Control"
"2564","SRR10430931",0.226546194280578,0.23572741052688,0.098201554398418,0.439524840794124,"PD","PD"
"2565","SRR10430932",0.145265834133798,0.289699435954711,0.327725226846669,0.237309503064823,"Control","Control"
"2566","SRR10430933",0.0450514667128517,0.0603584236518568,0.305647709780632,0.58894239985466,"PD","PD"
"2567","SRR10430934",0.0651247755484256,0.0176203377019454,0.700965621620148,0.216289265129481,"Control","Control"
"2568","SRR10430935",0.196435939684177,0.286802532499996,0.174361770322676,0.342399757493151,"PD","PD"
"2569","SRR10430936",0.0151483424197476,0.271237728493967,0.676552717522151,0.0370612115641352,"Control","Control"
"2570","SRR10430937",0.0250662047927721,0.270504262866107,0.181644982281745,0.522784550059376,"PD","PD"
"2571","SRR10430938",0.305119412640918,0.0839127154994793,0.363586553144331,0.247381318715272,"Control","Control"
"2572","SRR10430939",0.133517715766379,0.146036189610403,0.32204923747799,0.398396857145228,"PD","Control"
"2573","SRR10430940",0.151602433405292,0.507341215788672,0.266231712036981,0.0748246387690555,"ASD","PD"
"2574","SRR10430941",0.0481874586534533,0.0597156773036982,0.471168840767515,0.420928023275334,"Control","Control"
"2575","SRR10430942",0.0646917913874194,0.0670137493711176,0.184339699060923,0.68395476018054,"PD","PD"
"2576","SRR10430943",0.245911452271132,0.109683581825266,0.587133745069376,0.0572712208342262,"Control","Control"
"2577","SRR10430944",0.103108311085666,0.82599581227289,0.0184055859512782,0.0524902906901656,"ASD","PD"
"2578","SRR10430945",0.293290228466028,0.198997670196789,0.331874714623974,0.175837386713209,"Control","Control"
"2579","SRR10430946",0.126190793175428,0.18320752149222,0.0356168344543598,0.654984850877992,"PD","PD"
"2580","SRR10430947",0.0992684672947126,0.111505702490616,0.597984297422227,0.191241532792444,"Control","Control"
"2581","SRR10430948",0.250134128764689,0.106932678825026,0.240713149275203,0.402220043135082,"PD","PD"
"2582","SRR10430949",0.026445581980276,0.444567405872712,0.500984261919744,0.0280027502272685,"Control","Control"
"2583","SRR10430950",0.44575642984523,0.0199610753521847,0.135852340088187,0.398430154714398,"AD","PD"
"2584","SRR10430951",0.2199827511656,0.145740033942712,0.249242742979658,0.38503447191203,"PD","PD"
"2585","SRR10430952",0.194066460294802,0.351656199552087,0.411206865998403,0.0430704741547079,"Control","Control"
"2586","SRR10430953",0.0402027179556458,0.430029456890841,0.0281396989990925,0.50162812615442,"PD","PD"
"2587","SRR10430954",0.0345270060513758,0.314113470590341,0.300515168217199,0.350844355141084,"PD","Control"
"2588","SRR10430955",0.0858770983686976,0.229198237498637,0.19285832776047,0.492066336372196,"PD","PD"
"2589","SRR10430956",0.109504554730867,0.328894352110149,0.0659361984080684,0.495664894750915,"PD","PD"
"2590","SRR10430957",0.0544488107601535,0.09616914822716,0.752672782595942,0.0967092584167449,"Control","Control"
"2591","SRR10430958",0.466454271154291,0.0932473534763024,0.193564345618882,0.246734029750524,"AD","PD"
"2592","SRR10430959",0.193382253303307,0.337545218040387,0.177554290226882,0.291518238429424,"ASD","Control"
"2593","SRR10430960",0.0287774696903945,0.0605535047971427,0.168214795646221,0.742454229866242,"PD","PD"
"2594","SRR10430961",0.131790152779992,0.0831075304203994,0.362165302072195,0.422937014727414,"PD","Control"
"2595","SRR10430962",0.0978871646707966,0.73514977494631,0.0519738172125011,0.114989243170393,"ASD","Control"
"2596","SRR10430963",0.0709201721530793,0.248505552188127,0.0334661193245454,0.647108156334248,"PD","PD"
"2597","SRR10430964",0.230295420701548,0.0492259805207055,0.462525924596978,0.257952674180768,"Control","Control"
"2598","SRR10430965",0.149686292834761,0.233705240696929,0.0319713800400741,0.584637086428236,"PD","PD"
"2599","SRR10430966",0.218876718832102,0.0761291590789769,0.582074042113392,0.12292007997553,"Control","Control"
"2600","SRR10430967",0.132701564916969,0.103299850909826,0.105074712584349,0.658923871588856,"PD","PD"
"2601","SRR10430968",0.025048362753763,0.0209408008821484,0.25596802663635,0.698042809727738,"PD","PD"
"2602","SRR10430969",0.352116649073415,0.272001379067205,0.144010637354026,0.231871334505355,"AD","Control"
"2603","SRR10430970",0.127095674503367,0.479757305824985,0.158687208760357,0.23445981091129,"ASD","PD"
"2604","SRR10430971",0.351554916307234,0.0661255908625819,0.485653026955921,0.0966664658742632,"Control","Control"
"2605","SRR10430972",0.0641461391154273,0.0647972738004554,0.033950728147572,0.837105858936545,"PD","PD"
"2606","SRR10430973",0.296416284287577,0.158190235729465,0.497979709087212,0.0474137708957457,"Control","Control"
"2607","SRR10430974",0.0648197255201974,0.194232125716753,0.0687668143658794,0.67218133439717,"PD","PD"
"2608","SRR10430975",0.0853350906406516,0.345055398630731,0.401783452782087,0.16782605794653,"Control","Control"
"2609","SRR10430976",0.246586846042156,0.191850096672362,0.343517406549035,0.218045650736447,"Control","PD"
"2610","SRR10430977",0.218835247308783,0.122687467787952,0.307831876956658,0.350645407946607,"PD","Control"
"2611","SRR10430978",0.174304914650417,0.113503488220753,0.170052748353053,0.542138848775778,"PD","PD"
"2612","SRR10430979",0.0956971265957236,0.0881017562832844,0.559579258618454,0.256621858502538,"Control","Control"
"2613","SRR10430980",0.143173009599312,0.627127279773863,0.0445307666753066,0.185168943951519,"ASD","Control"
"2614","SRR10430981",0.0366258500808845,0.27283005754322,0.210783255390275,0.479760836985621,"PD","PD"
"2615","SRR10430982",0.116386172787725,0.303022331766919,0.345444284088729,0.235147211356627,"Control","Control"
"2616","SRR10430983",0.130448452934491,0.246220670878161,0.550220817424385,0.0731100587629621,"Control","PD"
"2617","SRR10430984",0.086823960043328,0.335887100774795,0.197761363420767,0.379527575761111,"PD","PD"
"2618","SRR10430985",0.664174695330043,0.0487724024902196,0.185626501703912,0.101426400475825,"AD","Control"
"2619","SRR10430986",0.118390839600008,0.244995113952431,0.141579066475257,0.495034979972304,"PD","PD"
"2620","SRR10430987",0.0270234670146154,0.156240433216036,0.230254335003097,0.586481764766251,"PD","Control"
"2621","SRR10430988",0.114322445134485,0.129794783847837,0.0939243957234114,0.661958375294267,"PD","PD"
"2622","SRR10430989",0.246531224174753,0.135428060068364,0.594638881372102,0.0234018343847806,"Control","PD"
"2623","SRR10430990",0.0203591864631365,0.0439815109502379,0.0741275032171753,0.86153179936945,"PD","PD"
"2624","SRR10430991",0.230139262851789,0.123052043527738,0.579705128823673,0.0671035647968005,"Control","Control"
"2625","SRR10430992",0.308162011613715,0.019369413863689,0.172163082049634,0.500305492472962,"PD","PD"
"2626","SRR10430993",0.121983960902227,0.155163897786064,0.305349483699421,0.417502657612288,"PD","Control"
"2627","SRR10430994",0.425258771770515,0.0437301086331103,0.027507923606654,0.50350319598972,"PD","PD"
"2628","SRR10430995",0.201832005162578,0.092833999356059,0.436489176836359,0.268844818645003,"Control","Control"
"2629","SRR10430996",0.230932937259443,0.0163333332865291,0.623986915458287,0.128746813995741,"Control","Control"
"2630","SRR10430997",0.45631127299792,0.203719594952708,0.151295389829443,0.188673742219929,"AD","Control"
"2631","SRR10430998",0.269820104025008,0.0458029445477591,0.662085812001221,0.022291139426012,"Control","Control"
"2632","SRR10430999",0.173787301763494,0.33140106969841,0.108252943925932,0.386558684612164,"PD","PD"
"2633","SRR10431000",0.60271792250376,0.247665372169277,0.0969944132589977,0.0526222920679645,"AD","Control"
"2634","SRR10431001",0.0514703071329995,0.084251492880974,0.623720264047632,0.240557935938395,"Control","Control"
"2635","SRR10431002",0.0297736294708988,0.267394683351753,0.231909328982079,0.470922358195268,"PD","PD"
"2636","SRR10431003",0.358702615630909,0.0885490188136834,0.115241770784419,0.437506594770989,"PD","PD"
"2637","SRR10911129",0.0425303881731855,0.363759302114212,0.267471479041992,0.326238830670611,"ASD","PD"
"2638","SRR10911130",0.087822838859841,0.193468871098856,0.60434607580846,0.114362214232843,"Control","PD"
"2639","SRR10911131",0.199466182786585,0.0242986710419961,0.769274034382409,0.0069611117890092,"Control","Control"
"2640","SRR10911132",0.154183688205242,0.110119824083747,0.275680999911696,0.460015487799316,"PD","PD"
"2641","SRR10911133",0.265201500983088,0.158176477349946,0.413139472941862,0.163482548725104,"Control","Control"
"2642","SRR10911134",0.110683647058365,0.0932034887898617,0.362639565502512,0.433473298649262,"PD","PD"
"2643","SRR10911135",0.112300317380254,0.210251878113349,0.20767872125618,0.469769083250217,"PD","Control"
"2644","SRR10911136",0.0667960939880193,0.18949187256531,0.165521585143193,0.578190448303477,"PD","PD"
"2645","SRR10911137",0.120900176398555,0.379786206104565,0.0373495535993147,0.461964063897566,"PD","PD"
"2646","SRR10911138",0.127821574077,0.0433774686653052,0.129518924844854,0.699282032412841,"PD","PD"
"2647","SRR10911139",0.0619643738042986,0.784669883098469,0.0771454214789103,0.076220321618322,"ASD","PD"
"2648","SRR10911140",0.144047783701448,0.0675609162712347,0.548471036976792,0.239920263050525,"Control","Control"
"2649","SRR10911141",0.152760922880958,0.303368571585478,0.130333211150762,0.413537294382803,"PD","PD"
"2650","SRR10911142",0.375656036417111,0.0212632494617305,0.143760744099067,0.459319970022091,"PD","PD"
"2651","SRR10911143",0.320955576814171,0.453600290170848,0.106834379657078,0.118609753357903,"ASD","Control"
"2652","SRR10911144",0.0822310518932877,0.809837242263121,0.0585529641049323,0.0493787417386594,"ASD","Control"
"2653","SRR10911145",0.0142927293679412,0.373472492467665,0.0675605413691239,0.54467423679527,"PD","Control"
"2654","SRR10911146",0.0372301274739518,0.206518303662131,0.469483210279859,0.286768358584058,"Control","Control"
"2655","SRR10911147",0.324177135009057,0.122448605742714,0.404553289302415,0.148820969945813,"Control","Control"
"2656","SRR10911148",0.0653295464511227,0.237279118144514,0.370196560794443,0.32719477460992,"Control","Control"
"2657","SRR10911149",0.087966274237414,0.238075581595356,0.357762691628567,0.316195452538663,"Control","Control"
"2658","SRR10911150",0.0401300564241713,0.223051560838303,0.489986443968466,0.24683193876906,"Control","Control"
"2659","SRR10911151",0.199684201097187,0.0771054342911608,0.675908663538149,0.0473017010735033,"Control","PD"
"2660","SRR10911152",0.271563176566385,0.368971437084096,0.2577114257878,0.101753960561719,"ASD","Control"
"2661","SRR10911153",0.314070120910213,0.0154393259725035,0.666105803968096,0.00438474914918717,"Control","Control"
"2662","SRR10911154",0.335511970477765,0.389785085558126,0.128085371719194,0.146617572244915,"ASD","Control"
"2663","SRR10911155",0.246102874492315,0.155551655600394,0.526231928771956,0.0721135411353344,"Control","Control"
"2664","SRR10911156",0.0991481466608691,0.187227865466868,0.495718992491521,0.217904995380742,"Control","Control"
"2665","SRR10911157",0.209323461090648,0.261780566561853,0.0472005271773217,0.481695445170177,"PD","Control"
"2666","SRR10911158",0.152137271105499,0.129307839362468,0.479599938998793,0.23895495053324,"Control","Control"
"2667","SRR10911159",0.282952825903707,0.118815587772184,0.462135649294885,0.136095937029223,"Control","Control"
"2668","SRR10911160",0.206160155660302,0.12067888880313,0.533285795315206,0.139875160221362,"Control","Control"
"2669","SRR10911161",0.0906298948932528,0.125571885279109,0.536469854442238,0.2473283653854,"Control","Control"
"2670","SRR10911162",0.202394571080772,0.236502203936526,0.0818808660574707,0.479222358925231,"PD","PD"
"2671","SRR10911163",0.139769738674152,0.369223857151336,0.251041184719945,0.239965219454567,"ASD","Control"
"2672","SRR10911164",0.0400096584090137,0.287111708339038,0.655940619318168,0.0169380139337802,"Control","Control"
"2673","SRR10911165",0.280085834076016,0.100353211446254,0.0481504272134049,0.571410527264325,"PD","Control"
"2674","SRR10911166",0.264980236880375,0.10854315982742,0.337437372838341,0.289039230453865,"Control","Control"
"2675","SRR10911167",0.284683291256983,0.353290527795399,0.100399827536981,0.261626353410637,"ASD","Control"
"2676","SRR10911168",0.056935052925683,0.253321771457828,0.399639668202543,0.290103507413946,"Control","Control"
"2677","SRR10911169",0.0678211799523664,0.193543977292504,0.0531517694384979,0.685483073316631,"PD","Control"
"2678","SRR10911170",0.0863703254543289,0.113922367908203,0.512119897770079,0.287587408867389,"Control","Control"
"2679","SRR10911171",0.33766532950422,0.0536712805288828,0.162049253141178,0.446614136825719,"PD","PD"
"2680","SRR10911172",0.172737601651054,0.179413904600526,0.217282139798786,0.430566353949633,"PD","PD"
"2681","SRR10911173",0.20244413572519,0.143305459154853,0.223726514609669,0.430523890510288,"PD","PD"
"2682","SRR10911174",0.188077423288276,0.072980408244797,0.0439223818974778,0.695019786569449,"PD","PD"
"2683","SRR10911175",0.196246943108591,0.0264386068462527,0.346854386735133,0.430460063310024,"PD","PD"
"2684","SRR10911176",0.197316426130438,0.0387635478196512,0.167390556928796,0.596529469121115,"PD","PD"
"2685","SRR10911178",0.36353373194811,0.121135430540026,0.113222686052461,0.402108151459402,"PD","PD"
"2686","SRR10911179",0.188281446995708,0.0959486488012245,0.0588727028498388,0.656897201353229,"PD","PD"
"2687","SRR10911180",0.181615677549874,0.0452806023295069,0.0987217914187512,0.674381928701868,"PD","PD"
"2688","SRR10911181",0.169443541349791,0.0847822831610126,0.673174587834872,0.0725995876543247,"Control","PD"
"2689","SRR10911182",0.309691203489513,0.243436259728226,0.0748880560493087,0.371984480732952,"PD","PD"
"2690","SRR10911183",0.0648610530505294,0.248385338113506,0.209041050459686,0.477712558376278,"PD","PD"
"2691","SRR10911184",0.288181285562598,0.312171286851475,0.0323657629076671,0.367281664678259,"PD","PD"
"2692","SRR10911185",0.0175962694564506,0.111274481569316,0.259117904512509,0.612011344461724,"PD","PD"
"2693","SRR10911186",0.0862066858208066,0.280679143513344,0.283601099444725,0.349513071221124,"PD","PD"
"2694","SRR10911187",0.668753347265103,0.0479048718849968,0.147959382168331,0.135382398681569,"AD","PD"
"2695","SRR10911188",0.0905631650351815,0.287280794028009,0.163729492496416,0.458426548440394,"PD","PD"
"2696","SRR10911189",0.320328031233618,0.106234207956189,0.216828091202044,0.356609669608149,"PD","PD"
"2697","SRR10911190",0.216144171795499,0.298784763945795,0.150433755395339,0.334637308863367,"PD","PD"
"2698","SRR10911191",0.176435147770977,0.20341699837217,0.16531644474643,0.454831409110424,"PD","PD"
"2699","SRR10911192",0.200642735121447,0.302986171801117,0.404595636330433,0.0917754567470039,"Control","PD"
"2700","SRR10911193",0.174895208557239,0.669178162744394,0.0466502772193158,0.109276351479051,"ASD","PD"
"2701","SRR10911194",0.234058883000894,0.195520917982861,0.0783849199928174,0.492035279023428,"PD","PD"
"2702","SRR10911195",0.120160504033855,0.165676480679602,0.220175264219402,0.49398775106714,"PD","PD"
"2703","SRR10911196",0.185278326296992,0.273283886326532,0.328668973906456,0.21276881347002,"Control","PD"
"2704","SRR10911197",0.239637122264695,0.298727711315369,0.128160818634032,0.333474347785904,"PD","PD"
"2705","SRR10911198",0.322985960079745,0.128310490340245,0.423142985055194,0.125560564524816,"Control","Control"
"2706","SRR10911199",0.101690728522914,0.41704400283067,0.300027768553384,0.181237500093032,"ASD","Control"
"2707","SRR10911200",0.0332453132822211,0.425998674789681,0.0591718271680398,0.481584184760058,"PD","PD"
"2708","SRR10911201",0.186424997657307,0.226053337897045,0.463690297437266,0.123831367008382,"Control","PD"
"2709","SRR10911202",0.0770711490700656,0.211577437411564,0.392521672181696,0.318829741336675,"Control","Control"
"2710","SRR10911203",0.154353480677293,0.611615777703957,0.118556349582584,0.115474392036167,"ASD","PD"
"2711","SRR10911204",0.0388603522899769,0.246395833239752,0.0136692451856477,0.701074569284624,"PD","PD"
"2712","SRR10911205",0.113992536050115,0.225822966570171,0.595182442914405,0.0650020544653082,"Control","Control"
"2713","SRR10911206",0.0122534593079644,0.0638867860878475,0.879545980243609,0.0443137743605792,"Control","Control"
"2714","SRR10911207",0.152747011799821,0.220490525208839,0.124285018436299,0.502477444555042,"PD","PD"
"2715","SRR10911208",0.149411407176775,0.347508655833855,0.48053668438903,0.0225432526003399,"Control","PD"
"2716","SRR10911209",0.0271363645310177,0.126944642997485,0.0453744683387986,0.800544524132699,"PD","PD"
"2717","SRR10911210",0.0691391929918052,0.182915062688047,0.441566600661527,0.306379143658621,"Control","Control"
"2718","SRR10911211",0.0603016835547057,0.328126201248501,0.214992313978992,0.396579801217801,"PD","PD"
"2719","SRR10911212",0.0908722034776307,0.0602173879391248,0.126554624465448,0.722355784117797,"PD","Control"
"2720","SRR10911213",0.344877771331755,0.0388470797485236,0.129832797010452,0.486442351909269,"PD","PD"
"2721","SRR10911214",0.180912365517198,0.336806010720287,0.0308899574299982,0.451391666332517,"PD","PD"
"2722","SRR10911215",0.0416049467655498,0.0914448837658456,0.086880379405788,0.780069790062817,"PD","PD"
"2723","SRR10911216",0.202896257152712,0.134960428093796,0.239027389472667,0.423115925280826,"PD","PD"
"2724","SRR10911217",0.120153373640444,0.137800236808081,0.207797066689449,0.534249322862026,"PD","PD"
"2725","SRR10911218",0.139924084619843,0.259226916879363,0.536627898839152,0.0642210996616421,"Control","PD"
"2726","SRR10911219",0.026098568485021,0.0531578819680031,0.153734429797004,0.767009119749972,"PD","Control"
"2727","SRR10911220",0.192599366642723,0.360922538438434,0.028896084764536,0.417582010154308,"PD","PD"
"2728","SRR10911221",0.0767811800970569,0.135883271170298,0.288785803537007,0.498549745195638,"PD","Control"
"2729","SRR10911222",0.202597027065739,0.295507936769353,0.4816440935211,0.0202509426438086,"Control","Control"
"2730","SRR10911223",0.140110944498009,0.328078809812332,0.391251165737428,0.140559079952231,"Control","Control"
"2731","SRR10911224",0.139462099277427,0.246753864416047,0.568108946960869,0.0456750893456564,"Control","Control"
"2732","SRR10911225",0.167351661821195,0.159951281324457,0.186439248654107,0.486257808200241,"PD","PD"
"2733","SRR10911226",0.152817707571523,0.541276901203769,0.0776369397642392,0.228268451460469,"ASD","Control"
"2734","SRR10911227",0.186766268950433,0.108695063174021,0.176247924877736,0.52829074299781,"PD","Control"
"2735","SRR10911228",0.262957686777331,0.0807194222945875,0.568693503274904,0.0876293876531772,"Control","Control"
"2736","SRR10911229",0.0368772585958969,0.0510029496157685,0.224908647222837,0.687211144565497,"PD","Control"
"2737","SRR10911230",0.211971689694299,0.287136143773744,0.443006751250581,0.0578854152813765,"Control","Control"
"2738","SRR10911231",0.226748149864745,0.0502912575099214,0.596822482282446,0.126138110342888,"Control","Control"
"2739","SRR10911232",0.0258198452035794,0.161082836291268,0.737226264437306,0.0758710540678463,"Control","Control"
"2740","SRR10911233",0.196595432558311,0.39188498995565,0.323010494623246,0.0885090828627935,"ASD","Control"
"2741","SRR10911234",0.0605807529598516,0.0659747759720832,0.0436516928330001,0.829792778235065,"PD","Control"
"2742","SRR10911235",0.132389286148676,0.0491210326916247,0.722695401235906,0.0957942799237934,"Control","Control"
"2743","SRR10911236",0.0573935056442038,0.127814029405471,0.239247867249596,0.575544597700729,"PD","PD"
"2744","SRR10911237",0.106035756283998,0.11164798645147,0.248071334893828,0.534244922370704,"PD","Control"
"2745","SRR10911238",0.711104950438687,0.0250399332589316,0.0308433374361096,0.233011778866272,"AD","Control"
"2746","SRR10911239",0.254077029130702,0.189823407136611,0.468199757037291,0.0878998066953955,"Control","Control"
"2747","SRR10911240",0.232733107980886,0.153020997558181,0.430879731676556,0.183366162784376,"Control","Control"
"2748","SRR10911241",0.139301624402422,0.553097343989604,0.1518743720043,0.155726659603675,"ASD","Control"
"2749","SRR10911242",0.0864956610160179,0.333859928901967,0.3690148652769,0.210629544805114,"Control","PD"
"2750","SRR10911243",0.132987236163524,0.15826366982789,0.270654136889905,0.438094957118682,"PD","PD"
"2751","SRR10911244",0.133677559662261,0.0537934184436588,0.0175806542140573,0.794948367680023,"PD","PD"
"2752","SRR10911245",0.110252627495416,0.285759809037832,0.179528014843856,0.424459548622896,"PD","PD"
"2753","SRR10911246",0.631183523149964,0.177265849621848,0.0758171383719574,0.115733488856231,"AD","PD"
"2754","SRR10911247",0.263621919702481,0.220408416623011,0.114060519913625,0.401909143760883,"PD","PD"
"2755","SRR10911248",0.145054626319614,0.0177107256247436,0.164314806739274,0.672919841316368,"PD","PD"
"2756","SRR10911249",0.181840292115181,0.03710119227594,0.59193409265611,0.18912442295277,"Control","PD"
"2757","SRR10911250",0.280879163244169,0.24760933392197,0.106454804761581,0.365056698072281,"PD","Control"
"2758","SRR10911251",0.0313563973574707,0.258370734719776,0.191622555917314,0.518650312005439,"PD","PD"
"2759","SRR10911252",0.186030865778405,0.175047159271219,0.203747660243641,0.435174314706735,"PD","PD"
"2760","SRR10911253",0.0443954744157392,0.0923969919497727,0.135323125547507,0.727884408086981,"PD","Control"
"2761","SRR10911254",0.151110072470266,0.502281434129653,0.0706710811971577,0.275937412202924,"ASD","PD"
"2762","SRR10911255",0.0698106786724525,0.27644609541395,0.287701241873519,0.366041984040078,"PD","PD"
"2763","SRR10911256",0.157769314884315,0.0441372248155132,0.57637157042926,0.221721889870912,"Control","Control"
"2764","SRR10911257",0.16872144473059,0.0286798780127653,0.152249211923635,0.65034946533301,"PD","PD"
"2765","SRR10911258",0.0820356576564819,0.237420936776827,0.288555875650219,0.391987529916472,"PD","PD"
"2766","SRR10911259",0.0391314495284709,0.243782694452444,0.377883403259396,0.339202452759689,"Control","Control"
"2767","SRR10911260",0.198589176029497,0.53002870021664,0.0183806122394375,0.253001511514425,"ASD","Control"
"2768","SRR10911261",0.454248227348625,0.190526131837278,0.202066407409373,0.153159233404724,"AD","PD"
"2769","SRR10911262",0.228854055088199,0.214942987613736,0.211821491169475,0.34438146612859,"PD","PD"
"2770","SRR10911263",0.137460338767235,0.169372004696679,0.378512727906615,0.314654928629471,"Control","Control"
"2771","SRR10911264",0.23748849095579,0.227978850418495,0.171889861563941,0.362642797061775,"PD","PD"
"2772","SRR10911265",0.218377766178612,0.0848958249600606,0.0789687093271543,0.617757699534173,"PD","PD"
"2773","SRR10911266",0.229278514027673,0.574366126827454,0.0830076344704215,0.113347724674451,"ASD","Control"
"2774","SRR10911267",0.16649100230105,0.371947140470479,0.0435605401669335,0.418001317061537,"PD","PD"
"2775","SRR10911268",0.23107571132673,0.185805166725783,0.199654587981594,0.383464533965893,"PD","PD"
"2776","SRR10911269",0.156680143011061,0.105984848411956,0.171484559814431,0.565850448762551,"PD","PD"
"2777","SRR10911270",0.13393648229776,0.166320700355339,0.62271314311734,0.0770296742295602,"Control","Control"
"2778","SRR10911272",0.094920512205714,0.245833932012268,0.19511571484128,0.464129840940738,"PD","PD"
"2779","SRR10911273",0.237128915306057,0.307515709895626,0.212529649189778,0.24282572560854,"ASD","Control"
"2780","SRR10911274",0.0870866669631972,0.185350315329851,0.638802211422995,0.0887608062839572,"Control","PD"
"2781","SRR10911275",0.0528059197791226,0.214805925160268,0.184674985884373,0.547713169176236,"PD","PD"
"2782","SRR10911276",0.220748828351995,0.188257983060794,0.315328010771245,0.275665177815966,"Control","Control"
"2783","SRR10911277",0.23514704021298,0.0747838246372717,0.61516092638914,0.0749082087606074,"Control","Control"
"2784","SRR10911278",0.0746698465655357,0.154457272603233,0.054412876650641,0.716460004180591,"PD","PD"
"2785","SRR10911279",0.148554491847993,0.246295687786974,0.137484126447217,0.467665693917816,"PD","PD"
"2786","SRR10911280",0.112081561975352,0.153020489338963,0.630237070278478,0.104660878407207,"Control","Control"
"2787","SRR10911281",0.0685890600942157,0.0261466678722794,0.0253944979558908,0.879869774077614,"PD","PD"
"2788","SRR10911282",0.0896710097744799,0.306843648033184,0.0358749235431876,0.567610418649148,"PD","PD"
"2789","SRR10911283",0.0838929417340798,0.26659462905089,0.0589754354810342,0.590536993733996,"PD","Control"
"2790","SRR10911284",0.0812420660986206,0.0941769517641325,0.637009769039702,0.187571213097545,"Control","PD"
"2791","SRR10911285",0.107319161042552,0.110013685600092,0.655948355946866,0.126718797410491,"Control","PD"
"2792","SRR10911286",0.102821534326446,0.28121376090584,0.160824654458747,0.455140050308967,"PD","Control"
"2793","SRR10911287",0.22054904676497,0.127055973161437,0.0674359566371937,0.584959023436399,"PD","Control"
"2794","SRR10911288",0.06538656831215,0.375025631819662,0.0193789751614168,0.540208824706771,"PD","PD"
"2795","SRR10911289",0.230507577655199,0.0568677038037178,0.456431375288005,0.256193343253078,"Control","PD"
"2796","SRR10911290",0.0268221868444585,0.0807961391216287,0.859181550549228,0.0332001234846847,"Control","Control"
"2797","SRR10911291",0.100791318372539,0.0754242638481112,0.213233200304585,0.610551217474765,"PD","PD"
"2798","SRR10911292",0.0562065709487652,0.0549237170555045,0.0914910847658736,0.797378627229857,"PD","PD"
"2799","SRR10911293",0.219375154468227,0.281930047464176,0.340498261677196,0.158196536390401,"Control","PD"
"2800","SRR10911294",0.0685682628158863,0.168806274501242,0.139749264437774,0.622876198245098,"PD","PD"
"2801","SRR10911295",0.0462788110338295,0.0889214693974738,0.602178544378213,0.262621175190483,"Control","Control"
"2802","SRR10911296",0.107476521252652,0.0488777503369699,0.34670218307543,0.496943545334949,"PD","PD"
"2803","SRR10911297",0.128661936868911,0.0709070411842268,0.349163206510982,0.451267815435881,"PD","PD"
"2804","SRR10911298",0.278972726664695,0.111147262386408,0.337862150610702,0.272017860338196,"Control","Control"
"2805","SRR10911299",0.0967576194608563,0.0407795650636738,0.807290481195276,0.055172334280194,"Control","Control"
"2806","SRR10911300",0.699183889688584,0.0623396391977567,0.172833290186153,0.0656431809275065,"AD","PD"
"2807","SRR10911301",0.0570844398009973,0.178566677941605,0.0886224233720743,0.675726458885324,"PD","PD"
"2808","SRR10911302",0.0817274027829427,0.112770293343967,0.500613536792941,0.30488876708015,"Control","Control"
"2809","SRR10911303",0.269698179810822,0.232501331974838,0.181539333058263,0.316261155156077,"PD","PD"
"2810","SRR10911304",0.238366523471424,0.253006637888967,0.112803939058917,0.395822899580693,"PD","PD"
"2811","SRR10911305",0.226656408093634,0.126799412762848,0.0605559721966254,0.585988206946893,"PD","PD"
"2812","SRR10911306",0.102941311526969,0.0917030395519561,0.469235351073791,0.336120297847284,"Control","PD"
"2813","SRR10911307",0.403908433063941,0.0551723213828846,0.188784222321847,0.352135023231327,"AD","PD"
"2814","SRR10911308",0.109628640408462,0.103194959224106,0.56279204071407,0.224384359653361,"Control","PD"
"2815","SRR10911309",0.229921325258603,0.247738333233384,0.0660775843637027,0.45626275714431,"PD","PD"
"2816","SRR10911310",0.0702990022553755,0.16456248589873,0.349976988997505,0.41516152284839,"PD","PD"
"2817","SRR10911312",0.0482323715264605,0.217529342129188,0.343606394359848,0.390631891984504,"PD","PD"
"2818","SRR10911313",0.0462571533442706,0.165492170320137,0.112732439321867,0.675518237013725,"PD","PD"
"2819","SRR10911314",0.200012960529017,0.224141220138633,0.362607089227838,0.213238730104512,"Control","PD"
"2820","SRR10911315",0.29033186040149,0.153441655814705,0.39179474002176,0.164431743762045,"Control","PD"
"2821","SRR10911316",0.263573916459349,0.165028133370612,0.250110879590608,0.321287070579432,"PD","PD"
"2822","SRR10911317",0.0807196574126582,0.102517481486644,0.744537294320771,0.0722255667799271,"Control","PD"
"2823","SRR10911318",0.0887134432811449,0.102618934446966,0.108300846691091,0.700366775580799,"PD","PD"
"2824","SRR10911320",0.205570845376891,0.0193967119498056,0.354158122221181,0.420874320452122,"PD","PD"
"2825","SRR10911321",0.0484078638157463,0.0262433533613559,0.370289120636584,0.555059662186313,"PD","PD"
"2826","SRR10911322",0.0214799175666469,0.374070783897132,0.473012779972936,0.131436518563285,"Control","PD"
"2827","SRR10911323",0.0320995582150695,0.0540937506747098,0.0834858944793073,0.830320796630913,"PD","PD"
"2828","SRR10911324",0.0570778799785171,0.0219423908800537,0.425468683815234,0.495511045326196,"PD","PD"
"2829","SRR10911325",0.0738465247531066,0.358425150666008,0.0495964571874871,0.518131867393398,"PD","PD"
"2830","SRR10911326",0.172202133616463,0.267384411462812,0.0141312857621568,0.546282169158568,"PD","PD"
"2831","SRR10911327",0.104458873089224,0.255177422171994,0.140949608733904,0.499414096004878,"PD","PD"
"2832","SRR10911328",0.199880438485976,0.0868419769327078,0.163840056304065,0.549437528277251,"PD","PD"
"2833","SRR10911329",0.309021651506456,0.192329399603765,0.0909716951436952,0.407677253746084,"PD","PD"
"2834","SRR10911330",0.549280558657421,0.052457777201214,0.214180181206535,0.184081482934829,"AD","PD"
"2835","SRR10911331",0.0523174592544024,0.531840971060169,0.403624808935063,0.0122167607503657,"ASD","PD"
"2836","SRR10911332",0.126261021630771,0.112784627639461,0.22730376387988,0.533650586849888,"PD","PD"
"2837","SRR10911333",0.359494761696529,0.454044061479144,0.137702311294074,0.0487588655302534,"ASD","PD"
"2838","SRR10911334",0.115799392296516,0.178809367744469,0.177651786436309,0.527739453522706,"PD","PD"
"2839","SRR10911335",0.173602208557922,0.315675510511661,0.152408178757081,0.358314102173335,"PD","PD"
"2840","SRR10911336",0.116488691142011,0.277941440526283,0.45477550213246,0.150794366199246,"Control","PD"
"2841","SRR10911337",0.102647457936958,0.257283102306041,0.138352692847718,0.501716746909283,"PD","PD"
"2842","SRR10911338",0.243091155001576,0.104391292380442,0.0103064228987285,0.642211129719253,"PD","PD"
"2843","SRR10911339",0.27389641050999,0.224460343941098,0.38660344109342,0.115039804455492,"Control","PD"
"2844","SRR10911340",0.09966497478679,0.0183515761872077,0.507074443235185,0.374909005790817,"Control","PD"
"2845","SRR10911341",0.192795008589117,0.196739516269928,0.230739429179227,0.379726045961728,"PD","PD"
"2846","SRR10911342",0.179800597652264,0.13801932559876,0.192822923957145,0.489357152791832,"PD","PD"
"2847","SRR10911343",0.0686355775504816,0.044622980829902,0.394408682185263,0.492332759434354,"PD","PD"
"2848","SRR10911344",0.26268250161426,0.182517078300389,0.243031704257641,0.311768715827711,"PD","PD"
"2849","SRR10911345",0.0172484070516737,0.244449181186298,0.332514702139,0.405787709623029,"PD","PD"
"2850","SRR10911346",0.134864143723669,0.171938187886928,0.243717330862296,0.449480337527107,"PD","PD"
"2851","SRR10911347",0.0709050142029636,0.368954158547736,0.489547220863127,0.0705936063861735,"Control","PD"
"2852","SRR10911348",0.294435167825153,0.0805508192471686,0.215964658226362,0.409049354701317,"PD","PD"
"2853","SRR10911349",0.0574517329802067,0.0198090711571911,0.0180181638507157,0.904721032011887,"PD","PD"
"2854","SRR10911350",0.15705272538266,0.0107823562629168,0.0169452326604624,0.815219685693961,"PD","PD"
"2855","SRR10911351",0.181103543647497,0.0879538465952644,0.081816768142691,0.649125841614547,"PD","PD"
"2856","SRR10911352",0.0774327310007151,0.361535858748451,0.144589856152751,0.416441554098083,"PD","PD"
"2857","SRR10911353",0.158127534488671,0.279668390820718,0.381624575213362,0.180579499477249,"Control","PD"
"2858","SRR10911354",0.0497318831471274,0.222378635522945,0.280821157981151,0.447068323348776,"PD","PD"
"2859","SRR10911355",0.354648227745962,0.019249689994644,0.174569954988036,0.451532127271358,"PD","PD"
"2860","SRR10911356",0.081865380145085,0.0451245107057253,0.10384934917967,0.76916075996952,"PD","PD"
"2861","SRR10911357",0.224267834474872,0.329723954224224,0.0552265967818658,0.390781614519038,"PD","PD"
"2862","SRR10911358",0.259520862202948,0.107515766169126,0.111708816622301,0.521254555005625,"PD","PD"
"2863","SRR10911359",0.224818870644237,0.249050956251229,0.13013930432133,0.395990868783203,"PD","PD"
"2864","SRR10911360",0.211361133573839,0.197335788964934,0.0282730643215719,0.563030013139656,"PD","PD"
"2865","SRR10911361",0.109487760988793,0.0832709375740771,0.178494386353809,0.628746915083321,"PD","PD"
"2866","SRR10911362",0.11866618584119,0.321927255540037,0.356003248411438,0.203403310207334,"Control","PD"
"2867","SRR10911363",0.134704751910011,0.265346628972554,0.138332183799839,0.461616435317595,"PD","PD"
"2868","SRR10911365",0.205335882579134,0.338727613477745,0.0766006069904761,0.379335896952645,"PD","PD"
"2869","SRR10911366",0.181576495471151,0.255538758199028,0.110395762515999,0.452488983813822,"PD","PD"
"2870","SRR10911367",0.219533842843313,0.0679534676445551,0.138591366461696,0.573921323050436,"PD","PD"
"2871","SRR10911368",0.279373794859729,0.0804828257622804,0.298282796177866,0.341860583200125,"PD","PD"
"2872","SRR10911369",0.259228469391463,0.175037402819867,0.253287298622041,0.312446829166629,"PD","PD"
"2873","SRR10911370",0.316882791860783,0.24262465642264,0.379112125077304,0.0613804266392727,"Control","Control"
"2874","SRR10911371",0.284122074834718,0.0265598981017102,0.291374629708973,0.397943397354598,"PD","PD"
"2875","SRR10911372",0.038406906300085,0.344492807269303,0.219257712561499,0.397842573869113,"PD","PD"
"2876","SRR10911373",0.0641792812030868,0.177900798177109,0.171014886683788,0.586905033936016,"PD","PD"
"2877","SRR10911374",0.0905385622688547,0.0635547897019003,0.254832587509381,0.591074060519864,"PD","PD"
"2878","SRR10911375",0.161173955718195,0.0229040955279337,0.178995098589011,0.636926850164861,"PD","PD"
"2879","SRR10911376",0.127417728410407,0.0982319389503782,0.681758853850077,0.0925914787891374,"Control","Control"
"2880","SRR10911377",0.657727979377851,0.030277477936367,0.0498641425502212,0.262130400135561,"AD","Control"
"2881","SRR10911378",0.228988988272533,0.107470807992257,0.374453121495592,0.289087082239618,"Control","Control"
"2882","SRR10911380",0.252947319578806,0.0533673063953556,0.238931937101912,0.454753436923927,"PD","Control"
"2883","SRR10911381",0.138874632848838,0.0980544505634093,0.0842252413558665,0.678845675231887,"PD","Control"
"2884","SRR10911382",0.0583427921506661,0.128986463961822,0.776587217894571,0.0360835259929413,"Control","Control"
"2885","SRR10911383",0.163534198144213,0.313111143069746,0.484564287632926,0.0387903711531145,"Control","Control"
"2886","SRR10911384",0.390216393512938,0.432320562228939,0.144481134894384,0.0329819093637395,"ASD","PD"
"2887","SRR10911385",0.660202401303901,0.0501029536279178,0.193642373338567,0.0960522717296138,"AD","Control"
"2888","SRR10911386",0.195021387491852,0.151801093315774,0.606539127902964,0.0466383912894101,"Control","Control"
"2889","SRR10911387",0.260659614115522,0.187870318182305,0.254926402222635,0.296543665479538,"PD","PD"
"2890","SRR10911388",0.158215410827299,0.0383208414671389,0.0782546033400216,0.725209144365541,"PD","PD"
"2891","SRR10911389",0.246171965271011,0.0691631532635528,0.226731673255893,0.457933208209543,"PD","Control"
"2892","SRR10911390",0.157666997438167,0.213068610448569,0.540415013444108,0.0888493786691564,"Control","Control"
"2893","SRR10911391",0.0644978899095616,0.20754563733792,0.0800021951039282,0.64795427764859,"PD","PD"
"2894","SRR10911392",0.103553440653922,0.286592768599719,0.267815786738471,0.342038004007888,"PD","PD"
"2895","SRR10911393",0.0679530973406994,0.135364519168009,0.0432155864136884,0.753466797077603,"PD","Control"
"2896","SRR10911394",0.0115419571647125,0.0139359996324978,0.0806139175929702,0.89390812560982,"PD","PD"
"2897","SRR10911395",0.0430364659143546,0.11200930690951,0.622265994214315,0.222688232961821,"Control","PD"
"2898","SRR10911396",0.131374873321864,0.314672991963419,0.350704930092409,0.203247204622308,"Control","Control"
"2899","SRR10911397",0.321216582718726,0.186425358067285,0.0556084710107839,0.436749588203204,"PD","PD"
"2900","SRR10911398",0.0693708373575339,0.415877736060875,0.238565268199285,0.276186158382306,"ASD","PD"
"2901","SRR10911399",0.238931737645267,0.178137924726318,0.0592286385938454,0.52370169903457,"PD","PD"
"2902","SRR10911400",0.396804418967571,0.313049484370576,0.177457879826011,0.112688216835842,"AD","Control"
"2903","SRR10911401",0.0494096001820347,0.324896744397973,0.244702211040059,0.380991444379934,"PD","PD"
"2904","SRR10911402",0.131789221933301,0.360748366657922,0.41854588517554,0.0889165262332361,"Control","Control"
"2905","SRR10911403",0.0570307700433482,0.286304985734321,0.223228143704431,0.4334361005179,"PD","PD"
"2906","SRR10911404",0.20225904142363,0.286857724069216,0.180118857743694,0.330764376763459,"PD","PD"
"2907","SRR10911405",0.149924127333641,0.507519281638323,0.0743066723704507,0.268249918657585,"ASD","Control"
"2908","SRR10911406",0.109234563612258,0.241884922192799,0.295987564188296,0.352892950006648,"PD","PD"
"2909","SRR10911407",0.256234522667117,0.0754233583156209,0.616661570034902,0.0516805489823599,"Control","Control"
"2910","SRR10911408",0.14217590252354,0.527728063169611,0.157136921181568,0.172959113125281,"ASD","PD"
"2911","SRR10911409",0.236186461385575,0.159489667154647,0.322204840931545,0.282119030528233,"Control","PD"
"2912","SRR10911410",0.112892201183271,0.216129254820774,0.480021090920839,0.190957453075116,"Control","Control"
"2913","SRR10911411",0.482154965706029,0.198447937625719,0.0846767991703267,0.234720297497925,"AD","Control"
"2914","SRR10911412",0.0588563651936148,0.216297788078547,0.0851875075937017,0.639658339134137,"PD","PD"
"2915","SRR10911413",0.235796515133029,0.336697537692152,0.250977397869354,0.176528549305465,"ASD","PD"
"2916","SRR10911414",0.0986091584738748,0.0870445255481494,0.641809846684878,0.172536469293098,"Control","Control"
"2917","SRR10911415",0.147995384563769,0.148290769815772,0.441198685152052,0.262515160468407,"Control","PD"
"2918","SRR10911416",0.0270170701034852,0.25438124755116,0.603983919834055,0.114617762511299,"Control","PD"
"2919","SRR10911417",0.269261161743932,0.168737156022073,0.480167407935146,0.0818342742988487,"Control","Control"
"2920","SRR10911418",0.293873798519985,0.215028616468816,0.343306563250586,0.147791021760613,"Control","Control"
"2921","SRR10911419",0.246205127756218,0.216162557392985,0.360787400036553,0.176844914814245,"Control","Control"
"2922","SRR10911420",0.12973341717494,0.360861959336212,0.0766755413699603,0.432729082118887,"PD","PD"
"2923","SRR10911421",0.197329427920739,0.305665046912526,0.0200705235460891,0.476935001620646,"PD","PD"
"2924","SRR10911422",0.176172622003019,0.0140769014185564,0.585945203067543,0.223805273510882,"Control","Control"
"2925","SRR10911423",0.146244356733981,0.325334469990534,0.154797421836223,0.373623751439263,"PD","PD"
"2926","SRR10911424",0.0485972603724477,0.0526786823984946,0.81021105435424,0.0885130028748172,"Control","PD"
"2927","SRR10911425",0.133892003795881,0.245556911404985,0.387565236337763,0.232985848461371,"Control","Control"
"2928","SRR10911426",0.0201587123837752,0.142352515325367,0.124376265162906,0.713112507127952,"PD","PD"
"2929","SRR10911427",0.273333816317899,0.132124939496034,0.227953509895644,0.366587734290424,"PD","PD"
"2930","SRR10911428",0.103449434315532,0.110569980693011,0.764622896978757,0.0213576880127008,"Control","Control"
"2931","SRR10911429",0.0495044948015897,0.248444284977419,0.636984713730837,0.0650665064901545,"Control","Control"
"2932","SRR10911430",0.115499242314624,0.0700317483679367,0.0638454231256786,0.750623586191761,"PD","PD"
"2933","SRR10911431",0.0786378444907593,0.0187332885680955,0.0649626021083389,0.837666264832806,"PD","PD"
"2934","SRR10911432",0.110114564721485,0.211618427510789,0.270445996891384,0.407821010876342,"PD","PD"
"2935","SRR10911433",0.0882123572691041,0.131649247311044,0.0427677970279828,0.737370598391869,"PD","PD"
"2936","SRR10911434",0.201656717510729,0.332807021334758,0.178827424780747,0.286708836373766,"ASD","Control"
"2937","SRR10911435",0.336146179705446,0.129356779588374,0.104628861638384,0.429868179067796,"PD","PD"
"2938","SRR10911436",0.258017286364816,0.207074524436741,0.206514279634602,0.328393909563841,"PD","PD"
"2939","SRR10911437",0.541842759933741,0.167205313328426,0.0794264374448727,0.211525489292961,"AD","Control"
"2940","SRR10911438",0.0487180578994793,0.13276468886547,0.321429754410892,0.497087498824159,"PD","PD"
"2941","SRR10911439",0.14001823595551,0.381267981891701,0.0272437825958357,0.451469999556953,"PD","PD"
"2942","SRR10911440",0.0296482621402898,0.87052012736218,0.028579709789159,0.071251900708371,"ASD","PD"
"2943","SRR10911441",0.822053484195038,0.061555591818861,0.0167961257962225,0.0995947981898783,"AD","PD"
"2944","SRR10911442",0.132784881690487,0.570885818084994,0.162229044286094,0.134100255938424,"ASD","PD"
"2945","SRR10911443",0.235731663232923,0.103232568572321,0.240974840934693,0.420060927260064,"PD","PD"
"2946","SRR10911444",0.139962153512914,0.167525156710102,0.226394049640977,0.466118640136007,"PD","PD"
"2947","SRR10911445",0.0194611336096632,0.0872519000883317,0.672914378344121,0.220372587957884,"Control","PD"
"2948","SRR10911446",0.178073038926698,0.0843217175844635,0.0547509721906123,0.682854271298226,"PD","PD"
"2949","SRR10911447",0.0935606877142442,0.251362382353874,0.215173799881474,0.439903130050408,"PD","PD"
"2950","SRR10911448",0.0826178140709157,0.541893005323443,0.131090395327268,0.244398785278374,"ASD","PD"
"2951","SRR10911449",0.0721018474220465,0.312436689483601,0.268289245095197,0.347172217999155,"PD","PD"
"2952","SRR10911450",0.268230549271777,0.060989241639043,0.123346338000062,0.547433871089118,"PD","PD"
"2953","SRR10911451",0.0523075072786025,0.0885987532292931,0.213192560124226,0.645901179367879,"PD","PD"
"2954","SRR10911452",0.264886306842206,0.281872610735517,0.0745847264271449,0.378656355995132,"PD","PD"
"2955","SRR10911453",0.0440128752456328,0.415373891718729,0.0229735551682934,0.517639677867345,"PD","PD"
"2956","SRR10911454",0.0746689562858882,0.085574393017429,0.332464639910047,0.507292010786636,"PD","PD"
"2957","SRR10911455",0.134783743180934,0.290926621621704,0.340472723305902,0.23381691189146,"Control","PD"
"2958","SRR10911456",0.186795146908545,0.0260041215235808,0.23488935577844,0.552311375789434,"PD","PD"
"2959","SRR10911457",0.0277026850586718,0.333791199293115,0.0607037009854752,0.577802414662738,"PD","PD"
"2960","SRR10911458",0.131823920258828,0.0801397903497326,0.732693372116031,0.0553429172754084,"Control","Control"
"2961","SRR10911459",0.00883030793391105,0.0156186384300291,0.910020671678685,0.0655303819573754,"Control","PD"
"2962","SRR10911460",0.3479445742285,0.0815821115236378,0.183290426971922,0.38718288727594,"PD","PD"
"2963","SRR10911461",0.118709188969054,0.105953485204133,0.105100167487986,0.670237158338827,"PD","PD"
"2964","SRR10911462",0.277863722928661,0.141313547405402,0.0909076168118868,0.48991511285405,"PD","PD"
"2965","SRR10911463",0.136564697622475,0.152559784681468,0.506579307750336,0.204296209945721,"Control","Control"
"2966","SRR10911464",0.352815664097074,0.0709101332931813,0.509779951468609,0.0664942511411358,"Control","Control"
"2967","SRR10911465",0.148888003072186,0.151767870415478,0.0876529527880928,0.611691173724243,"PD","PD"
"2968","SRR10911466",0.160421272142363,0.498393224538354,0.238034815985785,0.103150687333499,"ASD","Control"
"2969","SRR10911467",0.128461571453143,0.0683407826208248,0.366367677922881,0.436829968003152,"PD","PD"
"2970","SRR10911468",0.209938690669719,0.249569483704062,0.13966909458379,0.400822731042429,"PD","Control"
"2971","SRR10911469",0.274781899769741,0.0841502110450632,0.18580802786819,0.455259861317006,"PD","PD"
"2972","SRR10911470",0.0802714309575992,0.242410121748023,0.241972292768177,0.435346154526201,"PD","PD"
"2973","SRR10911471",0.0889522573268003,0.275841514532744,0.497922183865911,0.137284044274545,"Control","Control"
"2974","SRR10911472",0.0790660898199848,0.0580886471499427,0.817155983979645,0.0456892790504272,"Control","Control"
"2975","SRR10911473",0.143186788648317,0.151651431209761,0.261393088796141,0.443768691345781,"PD","PD"
"2976","SRR10911474",0.0846168203938292,0.268506046323066,0.116365959389022,0.530511173894083,"PD","PD"
"2977","SRR10911475",0.154865709676814,0.0571946085631944,0.249880243448384,0.538059438311608,"PD","PD"
"2978","SRR10911476",0.157803505853501,0.184713417231598,0.0176328951983884,0.639850181716513,"PD","PD"
"2979","SRR10911477",0.175060022364298,0.227179447331979,0.418968050614605,0.178792479689118,"Control","Control"
"2980","SRR10911478",0.203698453274409,0.168662137546524,0.238273091576325,0.389366317602742,"PD","PD"
"2981","SRR10911479",0.145865865491792,0.0809745341472499,0.165577487929968,0.60758211243099,"PD","PD"
"2982","SRR10911480",0.0474868369861754,0.0808808544777573,0.0891213589832631,0.782510949552804,"PD","Control"
"2983","SRR10911481",0.161351619322251,0.0580022563863062,0.610856029785265,0.169790094506178,"Control","PD"
"2984","SRR10911482",0.361989787055298,0.153196579796633,0.423176551241238,0.0616370819068302,"Control","Control"
"2985","SRR10911483",0.0771604073428223,0.255440265350875,0.184916520285056,0.482482807021247,"PD","PD"
"2986","SRR10911484",0.143178736813642,0.308318404430675,0.205625282946396,0.342877575809287,"PD","Control"
"2987","SRR10911485",0.168557396304663,0.176147477561713,0.222710512783191,0.432584613350433,"PD","PD"
"2988","SRR10911486",0.219753566560731,0.017173501532136,0.361790246416329,0.401282685490803,"PD","PD"
"2989","SRR10911487",0.051180462045544,0.099782594922321,0.675089489190186,0.173947453841949,"Control","Control"
"2990","SRR10911488",0.126150801882589,0.293365517210883,0.461933092605767,0.118550588300761,"Control","PD"
"2991","SRR10911489",0.0120329912452649,0.0808324582542579,0.8944213489125,0.0127132015879771,"Control","PD"
"2992","SRR10911490",0.396341000816176,0.293965233038682,0.0594490473302489,0.250244718814894,"AD","Control"
"2993","SRR10911491",0.242844260872071,0.0716039693049641,0.250242816321059,0.435308953501906,"PD","PD"
"2994","SRR10911492",0.317570552807758,0.0339748798160767,0.284943546545887,0.363511020830277,"PD","PD"
"2995","SRR10911493",0.0992830619992958,0.0810810909458214,0.130613908906349,0.689021938148534,"PD","PD"
"2996","SRR10911494",0.205674899211537,0.118186396842396,0.592375091242222,0.0837636127038457,"Control","Control"
"2997","SRR10911495",0.189769191150962,0.151440191793996,0.244131544129291,0.414659072925751,"PD","Control"
"2998","SRR10911496",0.138964949789936,0.332324062720292,0.129836970101356,0.398874017388416,"PD","PD"
"2999","SRR10911497",0.0711938529279086,0.192473535605243,0.582387796238421,0.153944815228427,"Control","PD"
"3000","SRR10911498",0.0661441856738195,0.0687974537315702,0.460618840882264,0.404439519712347,"Control","Control"
"3001","SRR10911499",0.0102227509300147,0.121770863668386,0.838480208840796,0.0295261765608042,"Control","PD"
"3002","SRR10911500",0.107220173883797,0.294389406429458,0.253984152742105,0.344406266944641,"PD","PD"
"3003","SRR10911501",0.102274948196113,0.363364718198368,0.42469750919332,0.109662824412199,"Control","Control"
"3004","SRR10911502",0.202480515132845,0.0133811129588646,0.321983493094101,0.462154878814189,"PD","PD"
"3005","SRR10911503",0.100315986618203,0.182497696443141,0.300472701051318,0.416713615887338,"PD","PD"
"3006","SRR10911504",0.0269763629433395,0.370646214201683,0.177756538166877,0.424620884688101,"PD","PD"
"3007","SRR10911505",0.0340693643039946,0.812128307114463,0.0724652511274094,0.0813370774541328,"ASD","Control"
"3008","SRR10911506",0.868899117809681,0.0338123298913936,0.02253562834519,0.0747529239537356,"AD","PD"
"3009","SRR10911507",0.16817464983885,0.291114137062504,0.177153139438316,0.36355807366033,"PD","Control"
"3010","SRR10911508",0.170070751550308,0.21676872564946,0.600178592074006,0.012981930726226,"Control","PD"
"3011","SRR10911509",0.0123204069038087,0.126285687823612,0.40494981435604,0.45644409091654,"PD","PD"
"3012","SRR10911510",0.03005438328253,0.518250712038248,0.378643014755649,0.0730518899235728,"ASD","Control"
"3013","SRR10911511",0.140845144242959,0.299706150789871,0.214169636934362,0.345279068032809,"PD","PD"
"3014","SRR10911512",0.195397201188008,0.265589627696129,0.441724358894475,0.0972888122213873,"Control","PD"
"3015","SRR10911513",0.116478191628653,0.0236505892121595,0.309429406832191,0.550441812326997,"PD","Control"
"3016","SRR10911514",0.139347569948108,0.164022364377986,0.0839465386800633,0.612683526993843,"PD","PD"
"3017","SRR10911515",0.125401137887578,0.287767697694651,0.252217507686182,0.33461365673159,"PD","PD"
"3018","SRR10911516",0.00805138316438063,0.342795257523542,0.626374231092021,0.0227791282200561,"Control","Control"
"3019","SRR10911517",0.0941837643919621,0.422461314755133,0.363425527494968,0.119929393357936,"ASD","Control"
"3020","SRR10911518",0.289981162915912,0.187332161642342,0.323977709471909,0.198708965969837,"Control","Control"
"3021","SRR10911519",0.0204746825541394,0.80086476685124,0.0570685301020192,0.121592020492601,"ASD","PD"
"3022","SRR10911520",0.0102601534269573,0.304532534003699,0.294951101063829,0.390256211505514,"PD","PD"
"3023","SRR10911521",0.0567213906723218,0.0394287569126072,0.608737233931318,0.295112618483753,"Control","Control"
"3024","SRR10911522",0.196664662758889,0.129980778331283,0.467079070148052,0.206275488761775,"Control","PD"
"3025","SRR10911523",0.0946177330312768,0.294443434188678,0.264859110551549,0.346079722228496,"PD","PD"
"3026","SRR10911524",0.376384089379451,0.130431696665982,0.0496363128651767,0.44354790108939,"PD","PD"
"3027","SRR10911525",0.305144884203338,0.0728303911105922,0.410518337344768,0.211506387341301,"Control","PD"
"3028","SRR10911526",0.10546826765716,0.163358131150229,0.20017729204128,0.530996309151332,"PD","Control"
"3029","SRR10911527",0.11108315961761,0.374417636208561,0.0688737971858761,0.445625406987953,"PD","PD"
"3030","SRR10911528",0.194810551701811,0.119354055613935,0.247415946388929,0.438419446295325,"PD","PD"
"3031","SRR10911529",0.0984763754038868,0.27514505861523,0.278096460190933,0.348282105789951,"PD","PD"
"3032","SRR10911530",0.0866620785795486,0.808437698127015,0.021645933157985,0.083254290135451,"ASD","Control"
"3033","SRR10911531",0.0790467443672627,0.066590694433234,0.152572050030876,0.701790511168628,"PD","PD"
"3034","SRR10911532",0.199733007716255,0.140398719128752,0.109005624813467,0.550862648341526,"PD","PD"
"3035","SRR10911533",0.143655286109729,0.045408737028856,0.598514041694529,0.212421935166885,"Control","Control"
"3036","SRR10911534",0.321408609993953,0.123441401018843,0.0865121076402582,0.468637881346945,"PD","PD"
"3037","SRR10911535",0.114986716583638,0.182858312489821,0.120097653451446,0.582057317475095,"PD","PD"
"3038","SRR10911536",0.0171673859262667,0.227511154184032,0.0996770570087412,0.65564440288096,"PD","Control"
"3039","SRR10911537",0.215889423192848,0.242369815341645,0.0595805631938896,0.482160198271617,"PD","Control"
"3040","SRR10911538",0.306845842998089,0.188570709078855,0.14183696736765,0.362746480555405,"PD","PD"
"3041","SRR10911539",0.313038368938224,0.272955808034532,0.0654715688366915,0.348534254190552,"PD","PD"
"3042","SRR10911540",0.166793452146176,0.199746891921284,0.337263693473719,0.296195962458821,"Control","Control"
"3043","SRR10911541",0.301961340718664,0.051291032046776,0.0309931251316437,0.615754502102916,"PD","PD"
"3044","SRR10911542",0.248599834251263,0.0469793804350804,0.0263499326527607,0.678070852660896,"PD","PD"
"3045","SRR10911543",0.17175790569912,0.0183915700839621,0.794528132560012,0.0153223916569058,"Control","PD"
"3046","SRR10911544",0.302105045870146,0.155911934640003,0.521854828740861,0.0201281907489906,"Control","Control"
"3047","SRR10911545",0.204031996362036,0.254617802235613,0.254001765271287,0.287348436131065,"PD","PD"
"3048","SRR10911546",0.0129536095525965,0.0872860603945719,0.495090211169381,0.404670118883451,"Control","PD"
"3049","SRR10911547",0.0979847295938401,0.480079507399954,0.103977552371491,0.317958210634715,"ASD","PD"
"3050","SRR10911548",0.0710886287055233,0.392986304604011,0.0332834504002283,0.502641616290238,"PD","PD"
"3051","SRR10911549",0.231742318590494,0.229861015859483,0.372502926443382,0.165893739106641,"Control","Control"
"3052","SRR10911550",0.187822236930885,0.278325863992163,0.044932211934409,0.488919687142543,"PD","PD"
"3053","SRR10911551",0.102439788573941,0.252137457662137,0.144189425742324,0.501233328021598,"PD","PD"
"3054","SRR10911552",0.109691316670326,0.0910978740999339,0.539774113454576,0.259436695775164,"Control","Control"
"3055","SRR10911553",0.286071214934181,0.0578684502186761,0.11832862066456,0.537731714182583,"PD","PD"
"3056","SRR10911554",0.216345195764556,0.0332074594311699,0.511274758437351,0.239172586366923,"Control","PD"
"3057","SRR10911555",0.178710250728406,0.0524786671813573,0.694853204268986,0.0739578778212504,"Control","Control"
"3058","SRR10911556",0.338436866395684,0.19127517858836,0.425500906414735,0.0447870486012208,"Control","Control"
"3059","SRR10911557",0.071088233018902,0.863996411789654,0.0174288818752291,0.0474864733162151,"ASD","PD"
"3060","SRR10911558",0.126802372042808,0.199824699155523,0.0389761857794172,0.634396743022252,"PD","PD"
"3061","SRR10911559",0.115504677258818,0.114320101042399,0.302824241069914,0.467350980628869,"PD","PD"
"3062","SRR10911560",0.148014539123445,0.022673311193639,0.0777463111364741,0.751565838546442,"PD","PD"
"3063","SRR10911561",0.0346687562131096,0.236604191651388,0.383913943962147,0.344813108173356,"Control","Control"
"3064","SRR10911562",0.101159170069698,0.213671266755632,0.320988341187214,0.364181221987456,"PD","PD"
"3065","SRR10911563",0.303025094934779,0.0786348734577815,0.447431937700208,0.170908093907232,"Control","PD"
"3066","SRR10911564",0.206097676126751,0.0814647136205459,0.557657628300358,0.154779981952345,"Control","Control"
"3067","SRR10911565",0.107118977243601,0.200139642654067,0.171539674841361,0.521201705260971,"PD","PD"
"3068","SRR10911566",0.236760915519585,0.246092352148885,0.3870767398906,0.13006999244093,"Control","Control"
"3069","SRR10911567",0.207057904971545,0.19872755238757,0.233186481015595,0.36102806162529,"PD","PD"
"3070","SRR10911568",0.102219289224643,0.0520651432847365,0.828772275939916,0.0169432915507044,"Control","Control"
"3071","SRR10911569",0.0910512424292026,0.137821530939059,0.189283939888354,0.581843286743384,"PD","PD"
"3072","SRR10911570",0.191908310207515,0.057410650963267,0.0741097252290539,0.676571313600164,"PD","PD"
"3073","SRR10911571",0.142199133878712,0.271255846616524,0.381933028370689,0.204611991134076,"Control","Control"
"3074","SRR10911572",0.400424970652349,0.0492599597932516,0.319023524497806,0.231291545056593,"AD","PD"
"3075","SRR10911573",0.0474506891880157,0.364715395524549,0.135341807514361,0.452492107773074,"PD","PD"
"3076","SRR10911574",0.0826199966081093,0.685853783834234,0.102752749347277,0.12877347021038,"ASD","Control"
"3077","SRR10911575",0.0773071106598868,0.0166394829750397,0.268913801143051,0.637139605222022,"PD","PD"
"3078","SRR10911576",0.215013683076524,0.040072619218762,0.179124882583634,0.56578881512108,"PD","PD"
"3079","SRR10911577",0.0967772008138457,0.19628834529685,0.185747802583568,0.521186651305736,"PD","Control"
"3080","SRR10911578",0.051864895836585,0.291769576276737,0.52560455083816,0.130760977048517,"Control","Control"
"3081","SRR10911579",0.136841984338428,0.429930130471053,0.352764438867418,0.0804634463231007,"ASD","Control"
"3082","SRR10911580",0.170711891570957,0.252318828205136,0.251724137925437,0.32524514229847,"PD","PD"
"3083","SRR10911581",0.270382127198799,0.0672766687845689,0.240337042170312,0.42200416184632,"PD","PD"
"3084","SRR10911582",0.0785255204978702,0.0249984590093124,0.505959867034102,0.390516153458715,"Control","Control"
"3085","SRR10911583",0.125707182312833,0.210334564016306,0.0815474149720383,0.582410838698822,"PD","PD"
"3086","SRR10911584",0.305239147115862,0.155857776392642,0.180200987423145,0.358702089068351,"PD","PD"
"3087","SRR10911585",0.287995100905941,0.148221360426887,0.107392818053487,0.456390720613685,"PD","PD"
"3088","SRR10911586",0.0611790883452187,0.0685339234697338,0.485736232322212,0.384550755862835,"Control","PD"
"3089","SRR10911587",0.151720099072465,0.142104061675278,0.522698640519068,0.183477198733189,"Control","Control"
"3090","SRR10911588",0.324506981837435,0.244758671786444,0.153879655949276,0.276854690426845,"AD","PD"
"3091","SRR10911589",0.148859135932837,0.155514224048513,0.515908110599234,0.179718529419415,"Control","Control"
"3092","SRR10911590",0.324360158957943,0.128931789617774,0.083391021429106,0.463317029995178,"PD","PD"
"3093","SRR10911591",0.279212143820248,0.176586748676788,0.328024864817331,0.216176242685634,"Control","Control"
"3094","SRR10911592",0.0595298373503368,0.0407214772458327,0.241630833835659,0.658117851568171,"PD","PD"
"3095","SRR10911593",0.267627662925122,0.18977617453431,0.134437187829964,0.408158974710604,"PD","PD"
"3096","SRR10911594",0.142475375506181,0.316156217936665,0.377686476937746,0.163681929619408,"Control","Control"
"3097","SRR10911595",0.0579944343677726,0.503765960795021,0.312101843220571,0.126137761616636,"ASD","Control"
"3098","SRR10911596",0.0834422213921543,0.374341642816433,0.114021580248526,0.428194555542887,"PD","PD"
"3099","SRR10911597",0.0660778831230659,0.079056018326698,0.0268734110774631,0.827992687472773,"PD","PD"
"3100","SRR10911598",0.0458552255195147,0.0432707534219999,0.355211740347298,0.555662280711187,"PD","PD"
"3101","SRR10911599",0.210802750489541,0.322868340332496,0.0947201467698438,0.371608762408119,"PD","PD"
"3102","SRR10911600",0.112919373702925,0.178012199344388,0.0607744945103784,0.648293932442308,"PD","PD"
"3103","SRR10911601",0.11172561533988,0.156316322885116,0.663659105676695,0.0682989560983089,"Control","Control"
"3104","SRR10911602",0.14272249098172,0.365786970975397,0.0664946490722005,0.424995888970682,"PD","PD"
"3105","SRR10911603",0.0601171433035338,0.20325602226125,0.260507806060373,0.476119028374844,"PD","PD"
"3106","SRR10911604",0.0635216779262524,0.137052986314777,0.46468008008445,0.334745255674521,"Control","Control"
"3107","SRR10911605",0.264815861324904,0.116470804460797,0.184849621290105,0.433863712924194,"PD","PD"
"3108","SRR10911606",0.0123860959622965,0.138867186869472,0.129123109810812,0.71962360735742,"PD","PD"
"3109","SRR10911607",0.250875926914117,0.26213262297521,0.395812513968274,0.0911789361423994,"Control","Control"
"3110","SRR10911608",0.0804094761691356,0.180375967621601,0.229886355012963,0.5093282011963,"PD","PD"
"3111","SRR10911609",0.119551831027399,0.178934435118404,0.266740778070626,0.434772955783571,"PD","PD"
"3112","SRR10911610",0.151927713283915,0.24748435377082,0.10802654946552,0.492561383479746,"PD","PD"
"3113","SRR10911611",0.119351328332446,0.396257230216359,0.443735033045383,0.0406564084058126,"Control","Control"
"3114","SRR10911612",0.182377074386578,0.0669694698791993,0.546872163196319,0.203781292537904,"Control","Control"
"3115","SRR10911613",0.281064067004478,0.0740293441679684,0.0868958025721057,0.558010786255448,"PD","PD"
"3116","SRR10911614",0.0886731580577929,0.0446845604636389,0.18613889685214,0.680503384626428,"PD","PD"
"3117","SRR10911615",0.122706427332244,0.0434774528928331,0.24624720994795,0.587568909826973,"PD","Control"
"3118","SRR10911616",0.164269181020488,0.188989042707421,0.0642322195261884,0.582509556745903,"PD","PD"
"3119","SRR10911617",0.372478529733234,0.0389338402992556,0.167726939841577,0.420860690125933,"PD","PD"
"3120","SRR10911618",0.0696534934165397,0.298343951668642,0.574746007572704,0.0572565473421147,"Control","Control"
"3121","SRR10911619",0.306182790090763,0.0218963719352703,0.653681778624727,0.0182390593492393,"Control","PD"
"3122","SRR10911620",0.248602290610891,0.0604929608205583,0.320564125972954,0.370340622595597,"PD","PD"
"3123","SRR10911621",0.0306017068725791,0.178965214430233,0.0154134371189579,0.77501964157823,"PD","PD"
"3124","SRR10911622",0.364744917387059,0.0591465374337855,0.159973188065266,0.41613535711389,"PD","PD"
"3125","SRR10911623",0.100074544448706,0.259962348115403,0.527923359346409,0.112039748089481,"Control","PD"
"3126","SRR10911624",0.205185568202398,0.0825165133984389,0.238744224231416,0.473553694167747,"PD","PD"
"3127","SRR10911625",0.309436158488863,0.038323993342473,0.261972279070492,0.390267569098172,"PD","Control"
"3128","SRR10911626",0.0560050504334788,0.711006118578703,0.144724169376059,0.088264661611759,"ASD","Control"
"3129","SRR10911627",0.183788862099356,0.28707079605432,0.0768619914965791,0.452278350349745,"PD","PD"
"3130","SRR10911628",0.16608433882267,0.0255642965357615,0.781845993668913,0.0265053709726548,"Control","Control"
"3131","SRR10911629",0.0756107078982582,0.365490351293844,0.127524233130306,0.431374707677592,"PD","PD"
"3132","SRR10911630",0.208797701995906,0.120189946745777,0.111562046064572,0.559450305193744,"PD","Control"
"3133","SRR10911631",0.291940504947857,0.0107284019624664,0.241621811063171,0.455709282026505,"PD","PD"
"3134","SRR10911632",0.164002285991586,0.0988240530198078,0.0481667717590252,0.689006889229581,"PD","PD"
"3135","SRR10911633",0.224508026617432,0.251677654884794,0.300901721736145,0.222912596761629,"Control","Control"
"3136","SRR10911634",0.09734250027194,0.0441238169707678,0.73081743811975,0.127716244637542,"Control","PD"
"3137","SRR10911635",0.183981217026257,0.304235331599562,0.0633030665413877,0.448480384832794,"PD","PD"
"3138","SRR10911636",0.1421328246065,0.133639944063854,0.380392812483543,0.343834418846103,"Control","Control"
"3139","SRR10911637",0.280463683057695,0.0635768526462385,0.153607783499094,0.502351680796973,"PD","PD"
"3140","SRR10911638",0.1290277223057,0.148376458576521,0.260190275219934,0.462405543897845,"PD","PD"
"3141","SRR10911639",0.26188512671645,0.0784421486154751,0.124826381690499,0.534846342977575,"PD","Control"
"3142","SRR10911640",0.0168953979408639,0.039408489393529,0.0869583665627095,0.856737746102898,"PD","PD"
"3143","SRR10911641",0.155222751619255,0.11607173186521,0.176601975360465,0.552103541155071,"PD","PD"
"3144","SRR10911642",0.0669217363342267,0.221218136450338,0.382098415692869,0.329761711522566,"Control","Control"
"3145","SRR10911643",0.173275202302376,0.0942301681480315,0.0881227400562325,0.64437188949336,"PD","PD"
"3146","SRR10911644",0.0253363445299225,0.0834246831774398,0.22519658816297,0.666042384129668,"PD","PD"
"3147","SRR10911645",0.173915858602058,0.326015022999368,0.265871480254335,0.23419763814424,"ASD","Control"
"3148","SRR10911646",0.0711763709078545,0.117849783535772,0.342337206457313,0.468636639099061,"PD","PD"
"3149","SRR10911647",0.103292575443092,0.255885194757068,0.296712048616281,0.344110181183558,"PD","PD"
"3150","SRR10911648",0.030219042085599,0.337504746281532,0.145610076412704,0.486666135220165,"PD","PD"
"3151","SRR10911649",0.159460220995624,0.157723914556963,0.17046228061781,0.512353583829603,"PD","PD"
"3152","SRR10911650",0.153119658112804,0.0279358452654417,0.671574015827643,0.147370480794111,"Control","Control"
"3153","SRR10911651",0.185338595108148,0.112173640278719,0.0665903732970086,0.635897391316124,"PD","PD"
"3154","SRR10911652",0.147597298121253,0.199588657285203,0.172379002785464,0.480435041808079,"PD","PD"
"3155","SRR10911653",0.0641229558312312,0.16866600250207,0.522399415106752,0.244811626559947,"Control","Control"
"3156","SRR10911654",0.0200584691249743,0.0808367064120356,0.045925847454933,0.853178977008057,"PD","PD"
"3157","SRR10911655",0.0520023255548214,0.117192637698395,0.104524529486848,0.726280507259936,"PD","PD"
"3158","SRR10911656",0.0439820553510206,0.0669467835249137,0.818075546267072,0.0709956148569937,"Control","PD"
"3159","SRR10911657",0.0466780648347328,0.511649304033094,0.231730674209396,0.209941956922777,"ASD","Control"
"3160","SRR10911658",0.117070068100391,0.205503656700176,0.583280982618625,0.0941452925808082,"Control","PD"
"3161","SRR10911659",0.266193871907873,0.144246492074321,0.0979022669225427,0.491657369095264,"PD","PD"
"3162","SRR10911660",0.227291879116184,0.00552567939722559,0.515343222921646,0.251839218564945,"Control","Control"
"3163","SRR10911661",0.0416069191203222,0.0718370745164647,0.752014183537161,0.134541822826052,"Control","Control"
"3164","SRR10911662",0.181668973697719,0.0655616581548412,0.131439375464559,0.621329992682881,"PD","PD"
"3165","SRR10911663",0.179913091238329,0.361933406275225,0.428425646449536,0.0297278560369089,"Control","Control"
"3166","SRR10911664",0.052644587193636,0.027820057697052,0.839508009359944,0.0800273457493681,"Control","PD"
"3167","SRR10911665",0.112993208303332,0.530688474294853,0.260300853621652,0.096017463780162,"ASD","PD"
"3168","SRR10911666",0.221849734503342,0.337675920793283,0.0164916890583486,0.423982655645026,"PD","Control"
"3169","SRR10911667",0.208662255280732,0.363275240948894,0.0171835963460336,0.41087890742434,"PD","PD"
"3170","SRR10911668",0.250091473783078,0.13626453280148,0.263375033532477,0.350268959882965,"PD","PD"
"3171","SRR10911669",0.221955889360292,0.155247843694275,0.0693770037659039,0.553419263179529,"PD","PD"
"3172","SRR10911670",0.1452818644653,0.0891453744793381,0.647987046142306,0.117585714913056,"Control","Control"
"3173","SRR10911671",0.188221973760209,0.0794204723357789,0.146919395706238,0.585438158197774,"PD","PD"
"3174","SRR10911672",0.241756232791534,0.0500140406012435,0.260951081801925,0.447278644805297,"PD","PD"
"3175","SRR10911673",0.222254081699874,0.157499568271892,0.117879348076133,0.5023670019521,"PD","PD"
"3176","SRR10911674",0.373156186195235,0.103342397422746,0.044129256887711,0.479372159494307,"PD","PD"
"3177","SRR10911675",0.334365705573287,0.0925132184423603,0.414246524884517,0.158874551099836,"Control","Control"
"3178","SRR10911676",0.35401588295579,0.144493319360465,0.104598875032108,0.396891922651637,"PD","PD"
"3179","SRR10911677",0.144863772892551,0.052773075388218,0.238823227079241,0.56353992463999,"PD","PD"
"3180","SRR10911678",0.123044589095617,0.0922916540375329,0.0384420286457834,0.746221728221066,"PD","PD"
"3181","SRR10911679",0.267955182111508,0.321343364712899,0.144802407623982,0.26589904555161,"ASD","Control"
"3182","SRR10911680",0.284666435446537,0.28972385533772,0.0935078254498082,0.332101883765935,"PD","PD"
"3183","SRR10911681",0.0240744220089708,0.299048088802049,0.641467903425695,0.0354095857632854,"Control","PD"
"3184","SRR10911682",0.6150934044373,0.107416357790701,0.0206377352087668,0.256852502563233,"AD","Control"
"3185","SRR10911683",0.104129752860395,0.15947934270539,0.151165615489108,0.585225288945106,"PD","PD"
"3186","SRR10911684",0.133714922819483,0.215042631489001,0.14894996946892,0.502292476222596,"PD","PD"
"3187","SRR10911685",0.326611723856656,0.15277264308959,0.508927424316113,0.0116882087376409,"Control","Control"
"3188","SRR10911686",0.0962250290597499,0.106097614863259,0.627665734492852,0.170011621584139,"Control","Control"
"3189","SRR10911687",0.460699217573015,0.0994422391118955,0.169310032068234,0.270548511246855,"AD","Control"
"3190","SRR10911688",0.121958950420165,0.257809860101717,0.144714422989262,0.475516766488857,"PD","Control"
"3191","SRR10911689",0.105312224108289,0.120619361886451,0.281917923772253,0.492150490233006,"PD","PD"
"3192","SRR10911690",0.0773728504303777,0.167249509631709,0.39776856197749,0.357609077960423,"Control","Control"
"3193","SRR10911691",0.025288151150069,0.381516888324776,0.478695126726879,0.114499833798276,"Control","Control"
"3194","SRR10911692",0.0868268166389527,0.373849933259237,0.499511138964204,0.0398121111376069,"Control","Control"
"3195","SRR10911693",0.298063060174863,0.11533192799956,0.472098592100342,0.114506419725235,"Control","Control"
"3196","SRR10911694",0.245034891919226,0.279284306561132,0.328498188292463,0.14718261322718,"Control","Control"
"3197","SRR10911695",0.262075749694824,0.0355828380981418,0.269403743952868,0.432937668254166,"PD","Control"
"3198","SRR10911696",0.148878984579637,0.0416841252937627,0.728388569629079,0.0810483204975211,"Control","Control"
"3199","SRR10911697",0.199918726618611,0.0251602858518054,0.740445839662522,0.0344751478670609,"Control","Control"
"3200","SRR10911698",0.0978102888667713,0.578609746139757,0.233598766029665,0.0899811989638069,"ASD","Control"
"3201","SRR10911699",0.0447929332844248,0.676423204820987,0.159952235417907,0.118831626476681,"ASD","Control"
"3202","SRR10911700",0.0520881939016712,0.053701949588987,0.672492328636896,0.221717527872446,"Control","PD"
"3203","SRR10911701",0.0666072128459456,0.114611832296501,0.783704813660954,0.0350761411965995,"Control","Control"
"3204","SRR10911702",0.221964201999327,0.0969902363466729,0.144172782907003,0.536872778746998,"PD","Control"
"3205","SRR10911703",0.323797710800418,0.0548787916715986,0.0610524331745853,0.560271064353398,"PD","PD"
"3206","SRR10911704",0.178206866201976,0.19407288522447,0.101440011319852,0.526280237253701,"PD","Control"
"3207","SRR10911705",0.143097108853942,0.0742904765660744,0.467956527625091,0.314655886954892,"Control","PD"
"3208","SRR10911706",0.540948931609535,0.142827867518546,0.177154460062042,0.139068740809878,"AD","Control"
"3209","SRR10911707",0.162593126361721,0.553765438888221,0.114158903681684,0.169482531068373,"ASD","PD"
"3210","SRR10911708",0.265977707670168,0.0174666577693508,0.376909733629774,0.339645900930707,"Control","Control"
"3211","SRR10911709",0.39915648226567,0.079818629655286,0.0386233011183036,0.48240158696074,"PD","Control"
"3212","SRR10911710",0.0876487863632511,0.131651190082078,0.757639760847053,0.023060262707618,"Control","PD"
"3213","SRR10911711",0.432148667862528,0.100032863949729,0.114717984007052,0.353100484180691,"AD","PD"
"3214","SRR10911712",0.218965178223858,0.470025866685155,0.189787928110496,0.121221026980491,"ASD","Control"
"3215","SRR10911713",0.123118920865451,0.0797255177881322,0.259481153596832,0.537674407749585,"PD","PD"
"3216","SRR10911714",0.124248936750594,0.060016722745721,0.0609524353811826,0.754781905122502,"PD","PD"
"3217","SRR10911715",0.0897686496935057,0.090203800585599,0.112011724604247,0.708015825116649,"PD","PD"
"3218","SRR10911716",0.224317929336903,0.105629020083737,0.0255636316094909,0.644489418969869,"PD","PD"
"3219","SRR10911717",0.215926753654568,0.213569700685149,0.523340335792929,0.0471632098673537,"Control","PD"
"3220","SRR10911718",0.0518459736168536,0.188917400145471,0.428526147899304,0.330710478338371,"Control","Control"
"3221","SRR10911719",0.0802524245812938,0.298161958189169,0.56537485745388,0.0562107597756571,"Control","PD"
"3222","SRR10911720",0.128131742196376,0.118752657710683,0.13907642664404,0.614039173448901,"PD","PD"
"3223","SRR10911721",0.0810188315215284,0.0868057852090092,0.351810386181153,0.480364997088309,"PD","PD"
"3224","SRR10911722",0.241312449687978,0.165573348559831,0.238233189955308,0.354881011796883,"PD","PD"
"3225","SRR10911723",0.0131488566650843,0.333934281110311,0.164029507382346,0.488887354842258,"PD","PD"
"3226","SRR10911724",0.0941447105636868,0.155385067447315,0.25197735096237,0.498492871026628,"PD","Control"
"3227","SRR10911725",0.348647060989356,0.0865454554437439,0.10690923195002,0.45789825161688,"PD","PD"
"3228","SRR10911726",0.23656252647706,0.275034994595095,0.358408606292272,0.129993872635573,"Control","PD"
"3229","SRR10911727",0.220495638719493,0.16827785086924,0.561633741047888,0.0495927693633793,"Control","Control"
"3230","SRR10911728",0.300178823090018,0.14102301562408,0.188294973082936,0.370503188202966,"PD","PD"
"3231","SRR10911729",0.18820991912486,0.619912288290616,0.0537165324274795,0.138161260157045,"ASD","PD"
"3232","SRR10911730",0.0729244840762856,0.0906236737019832,0.797435452262242,0.0390163899594888,"Control","Control"
"3233","SRR10911731",0.0990189635243979,0.288753836107521,0.127675690609577,0.484551509758504,"PD","PD"
"3234","SRR10911732",0.0760978897487613,0.157551568533274,0.752399956194233,0.0139505855237311,"Control","Control"
"3235","SRR10911733",0.245102667982734,0.20828704227952,0.188741282006889,0.357869007730857,"PD","PD"
"3236","SRR10911734",0.20725220196874,0.271947589501656,0.377010860512211,0.143789348017392,"Control","PD"
"3237","SRR10911735",0.178375462378439,0.0300728153781506,0.276479796998862,0.515071925244548,"PD","PD"
"3238","SRR10911736",0.0770302226126137,0.0473682011257368,0.794591650238459,0.08100992602319,"Control","Control"
"3239","SRR10911737",0.273741435311529,0.134265861321571,0.10700812076968,0.484984582597219,"PD","PD"
"3240","SRR10911738",0.247198261055242,0.198045345581244,0.228070417310109,0.326685976053406,"PD","PD"
"3241","SRR10911739",0.0340819138726381,0.226840855977737,0.632502982084948,0.106574248064677,"Control","Control"
"3242","SRR10911740",0.0769972704937482,0.172447667649318,0.271389994500812,0.479165067356121,"PD","PD"
"3243","SRR10911741",0.133146622849896,0.176573067604733,0.0894748090873738,0.600805500457997,"PD","PD"
"3244","SRR10911742",0.345579586265669,0.187043764865239,0.253057140616831,0.214319508252261,"AD","Control"
"3245","SRR10911743",0.320327158061041,0.0341246130864412,0.563320303638121,0.0822279252143968,"Control","Control"
"3246","SRR10911744",0.0678293440767518,0.288353061944134,0.384573516662938,0.259244077316176,"Control","Control"
"3247","SRR10911745",0.251161873069096,0.0851262365666839,0.195754811538593,0.467957078825627,"PD","PD"
"3248","SRR10911746",0.253319040093412,0.250598612598306,0.085322371049708,0.410759976258575,"PD","PD"
"3249","SRR10911747",0.166649332206332,0.130805434517294,0.511990919902622,0.190554313373751,"Control","Control"
"3250","SRR10911748",0.273252140951227,0.0416077023726345,0.480023168666315,0.205116988009823,"Control","Control"
"3251","SRR10911749",0.0940663952358324,0.356860623853947,0.149991572430509,0.399081408479712,"PD","PD"
"3252","SRR10911750",0.184350497281489,0.13199295824821,0.514417708562176,0.169238835908124,"Control","Control"
"3253","SRR10911751",0.0640590959512691,0.364912849799256,0.410950735431223,0.160077318818252,"Control","Control"
"3254","SRR10911752",0.188971570303122,0.0571815119292295,0.543135861246938,0.210711056520711,"Control","Control"
"3255","SRR10911753",0.0990158971186076,0.175440612789513,0.442770024421526,0.282773465670354,"Control","Control"
"3256","SRR10911754",0.135472459209058,0.0670693105751935,0.0179576603263034,0.779500569889445,"PD","Control"
"3257","SRR10911756",0.214924470961726,0.687416857607811,0.0319947233364668,0.0656639480939963,"ASD","Control"
"3258","SRR10911757",0.0842280057241044,0.308966426187899,0.344629687333126,0.262175880754871,"Control","Control"
"3259","SRR10911758",0.0523146290291161,0.237407997017383,0.4124079413879,0.297869432565601,"Control","Control"
"3260","SRR10911759",0.164186615812919,0.53898669114806,0.178377373688945,0.118449319350076,"ASD","Control"
"3261","SRR10911760",0.243521514005228,0.209378946310024,0.161926873228586,0.385172666456161,"PD","Control"
"3262","SRR10911761",0.254711797133691,0.18732844608283,0.42076801175699,0.137191745026489,"Control","Control"
"3263","SRR10911762",0.163025573733299,0.274861015625037,0.463057042858332,0.0990563677833328,"Control","Control"
"3264","SRR10911763",0.220148938291379,0.416045504790556,0.158072143650952,0.205733413267114,"ASD","Control"
"3265","SRR10911764",0.0544946838492896,0.19596592695641,0.434955568371685,0.314583820822615,"Control","Control"
"3266","SRR10911765",0.324207110656922,0.12922189344444,0.436015999094428,0.11055499680421,"Control","Control"
"3267","SRR10911766",0.106272557547293,0.150844016599121,0.589856304511313,0.153027121342274,"Control","Control"
"3268","SRR10911767",0.290734873372674,0.283444952027836,0.391406275529318,0.0344138990701726,"Control","Control"
"3269","SRR10911768",0.0129118530557217,0.0797085274260036,0.653393756623478,0.253985862894797,"Control","Control"
"3270","SRR10911769",0.252197987919565,0.245904121149542,0.341732568428636,0.160165322502257,"Control","Control"
"3271","SRR10911770",0.295158704746572,0.512019099396286,0.0945242245371203,0.0982979713200215,"ASD","Control"
"3272","SRR10911771",0.148329149427821,0.0419276523771914,0.066421396555802,0.743321801639185,"PD","PD"
"3273","SRR10911772",0.228352817447578,0.13681396550019,0.135123963936213,0.499709253116018,"PD","PD"
"3274","SRR10911773",0.0622949601957815,0.19186595608595,0.632193088229039,0.113645995489229,"Control","PD"
"3275","SRR10911774",0.125978412725787,0.201478832485735,0.232204565937123,0.440338188851355,"PD","PD"
"3276","SRR10911775",0.0550748727249049,0.0222174657154044,0.111169029643422,0.811538631916269,"PD","PD"
"3277","SRR10911776",0.313648685768818,0.103915181241267,0.201420038069791,0.381016094920124,"PD","PD"
"3278","SRR10911777",0.184500678472647,0.098265237050707,0.114709322097801,0.602524762378845,"PD","PD"
"3279","SRR10911778",0.167653260582717,0.0127910542443397,0.1800727386841,0.639482946488844,"PD","PD"
"3280","SRR10911779",0.133806372121199,0.217219244019514,0.45300700316741,0.195967380691877,"Control","PD"
"3281","SRR10911780",0.132957377518946,0.106014599411098,0.168339686382474,0.592688336687481,"PD","PD"
"3282","SRR10911781",0.346187164060211,0.0837810141395039,0.148005518452933,0.422026303347352,"PD","PD"
"3283","SRR10911782",0.116219343047067,0.111883871419682,0.511078532167471,0.260818253365779,"Control","PD"
"3284","SRR10911783",0.297144741746051,0.0258844910765763,0.150275988471718,0.526694778705655,"PD","PD"
"3285","SRR10911784",0.123855828287124,0.0693573513119717,0.319600469547939,0.487186350852966,"PD","PD"
"3286","SRR10911785",0.224149216759136,0.239505438527189,0.085818641046989,0.450526703666686,"PD","PD"
"3287","SRR10911786",0.0394177193553233,0.255774155595669,0.15514997646539,0.549658148583618,"PD","PD"
"3288","SRR10911787",0.123345145925771,0.0627553376869139,0.163571998045104,0.650327518342211,"PD","PD"
"3289","SRR10911788",0.262075700627921,0.2657824597921,0.175502298065243,0.296639541514736,"PD","PD"
"3290","SRR10911789",0.388328812670523,0.0470714764969112,0.0412974618270293,0.523302249005537,"PD","PD"
"3291","SRR10911790",0.237921978010114,0.13040358506378,0.230322390468545,0.401352046457561,"PD","PD"
"3292","SRR10911791",0.145905132510727,0.213577309786583,0.168745797367531,0.471771760335158,"PD","PD"
"3293","SRR10911792",0.337007555572519,0.157145614785898,0.105445070609313,0.40040175903227,"PD","PD"
"3294","SRR10911793",0.194411031408174,0.190364846262545,0.191849209459211,0.42337491287007,"PD","PD"
"3295","SRR10911794",0.0456623487280854,0.219921451959307,0.316986634914947,0.417429564397661,"PD","PD"
"3296","SRR10911795",0.183837816126792,0.0377469177806404,0.422389046971586,0.356026219120982,"Control","PD"
"3297","SRR10911796",0.0709565413113119,0.528945841076995,0.0788151348983466,0.321282482713347,"ASD","PD"
"3298","SRR10911797",0.131632056974981,0.145811683577099,0.0555476522139908,0.667008607233929,"PD","PD"
"3299","SRR10911798",0.164518940689892,0.21156395169909,0.472159599147008,0.15175750846401,"Control","Control"
"3300","SRR10911799",0.0519416896623167,0.139326537958625,0.525333321138969,0.283398451240089,"Control","Control"
"3301","SRR10911800",0.203926047293576,0.182485805100348,0.454832106565801,0.158756041040275,"Control","Control"
"3302","SRR10911801",0.139482702498528,0.188353874572075,0.494317160964116,0.177846261965281,"Control","Control"
"3303","SRR10911802",0.0708593518777818,0.162543327341403,0.55240162265399,0.214195698126826,"Control","Control"
"3304","SRR10911803",0.0115507288030668,0.136432710549612,0.362109474219089,0.489907086428232,"PD","Control"
"3305","SRR10911804",0.151202720449091,0.100927381278026,0.537528106106838,0.210341792166044,"Control","Control"
"3306","SRR10911805",0.199831252737191,0.0496771819744886,0.486961057534433,0.263530507753887,"Control","Control"
"3307","SRR10911806",0.108144646393059,0.174664227252243,0.639052478416457,0.0781386479382406,"Control","Control"
"3308","SRR10911807",0.236564785774604,0.127965755362765,0.49076364239945,0.14470581646318,"Control","Control"
"3309","SRR10911808",0.2270618446449,0.0781739229775569,0.54366086984006,0.151103362537483,"Control","Control"
"3310","SRR10911809",0.242303975516369,0.0394980664333149,0.654919044434496,0.0632789136158203,"Control","Control"
"3311","SRR10911810",0.063750423042395,0.169918243577814,0.411477609590108,0.354853723789683,"Control","Control"
"3312","SRR10911811",0.17228094946671,0.363368869218831,0.408300954255617,0.0560492270588408,"Control","Control"
"3313","SRR10911812",0.0927474298408654,0.0541689182340175,0.733994714135165,0.119088937789952,"Control","Control"
"3314","SRR10911813",0.0285661299364239,0.354086337628891,0.0816370081415273,0.535710524293157,"PD","PD"
"3315","SRR10911814",0.491239058223548,0.326923702532277,0.0655461549157493,0.116291084328425,"AD","Control"
"3316","SRR10911815",0.191094078561312,0.164841455868401,0.591952328314436,0.0521121372558521,"Control","Control"
"3317","SRR10911816",0.220636169281632,0.104949671299582,0.426122454311012,0.248291705107774,"Control","Control"
"3318","SRR10911817",0.00978810486089359,0.321200639043654,0.158193516158001,0.510817739937451,"PD","PD"
"3319","SRR10911818",0.158223142233909,0.24168976481885,0.276769387974543,0.323317704972698,"PD","Control"
"3320","SRR10911819",0.121844495664868,0.093765519093321,0.696538590347789,0.0878513948940218,"Control","Control"
"3321","SRR10911820",0.0615433868136493,0.0416535736442845,0.655574529574104,0.241228509967962,"Control","Control"
"3322","SRR10911821",0.158817816088906,0.176145560602078,0.303957209799452,0.361079413509564,"PD","PD"
"3323","SRR10911822",0.154845019925673,0.305380984246868,0.0719005178059203,0.467873478021539,"PD","PD"
"3324","SRR10911823",0.108797999872393,0.196493823357845,0.654706490754368,0.0400016860153934,"Control","PD"
"3325","SRR10911824",0.0652393538820515,0.0837383954249404,0.210945734729798,0.64007651596321,"PD","PD"
"3326","SRR10911825",0.184822391128681,0.183433615343047,0.296143031865175,0.335600961663096,"PD","PD"
"3327","SRR10911826",0.188014917054226,0.28517320196611,0.148699565338859,0.378112315640804,"PD","PD"
"3328","SRR10911827",0.0801130988950264,0.207936280834531,0.33051896137955,0.381431658890893,"PD","PD"
"3329","SRR10911828",0.0369119610951824,0.140763041922082,0.265945815884753,0.556379181097982,"PD","PD"
"3330","SRR10911829",0.216770763188247,0.215211970041604,0.395151333355443,0.172865933414706,"Control","PD"
"3331","SRR10911830",0.172705782819936,0.155652860411802,0.0580293096859614,0.6136120470823,"PD","PD"
"3332","SRR10911831",0.591301881032666,0.0950132104068075,0.0961352619876626,0.217549646572864,"AD","PD"
"3333","SRR10911832",0.352300308066421,0.0661856495983818,0.29926366940725,0.282250372927948,"AD","PD"
"3334","SRR10911833",0.253919444913669,0.457412241453216,0.0746172735064511,0.214051040126663,"ASD","PD"
"3335","SRR10911834",0.278974273910383,0.262575306524927,0.123342069823474,0.335108349741216,"PD","PD"
"3336","SRR10911835",0.18707712377603,0.0682543450244699,0.138234278776175,0.606434252423325,"PD","PD"
"3337","SRR10911836",0.211419254637636,0.343887844380814,0.0608575705329685,0.383835330448582,"PD","PD"
"3338","SRR10911837",0.20579579908786,0.435412251310929,0.220999564077186,0.137792385524024,"ASD","PD"
"3339","SRR10911838",0.254685510429257,0.239215873056842,0.0790265515942455,0.427072064919655,"PD","PD"
"3340","SRR10911839",0.279079055287121,0.1272514375181,0.109686342438065,0.483983164756714,"PD","PD"
"3341","SRR10911840",0.271354834746602,0.0208637056288395,0.606560914854654,0.101220544769905,"Control","PD"
"3342","SRR10911841",0.066883700292323,0.0301006569220725,0.326424778314662,0.576590864470942,"PD","PD"
"3343","SRR10911842",0.129236944496318,0.191748165533885,0.244667495854654,0.434347394115144,"PD","PD"
"3344","SRR10911843",0.229396916408214,0.251028678231326,0.182825548859016,0.336748856501444,"PD","PD"
"3345","SRR10911844",0.137056258252208,0.0627382113248315,0.374970825319162,0.425234705103799,"PD","PD"
"3346","SRR10911845",0.0492010249443786,0.545501620759158,0.347353406036957,0.0579439482595056,"ASD","PD"
"3347","SRR10911846",0.0893877903992967,0.190680889300301,0.46260888465544,0.257322435644962,"Control","PD"
"3348","SRR10911847",0.0908180185827531,0.350335927915397,0.50780456066048,0.0510414928413708,"Control","PD"
"3349","SRR10911848",0.165183651940905,0.159481252233952,0.272702044172235,0.402633051652907,"PD","PD"
"3350","SRR10911849",0.163241518176522,0.181663154796013,0.109126667323717,0.545968659703748,"PD","Control"
"3351","SRR10911850",0.329333628212375,0.193639784252232,0.0933593383165029,0.38366724921889,"PD","PD"
"3352","SRR10911851",0.209341019345822,0.105777586801672,0.65115649971239,0.033724894140116,"Control","Control"
"3353","SRR10911852",0.0358024805544465,0.174471906492733,0.585537000199818,0.204188612753003,"Control","Control"
"3354","SRR10911853",0.167403784821699,0.0216148753615537,0.139159115158388,0.671822224658359,"PD","PD"
"3355","SRR10911854",0.634364651240417,0.0580201136878487,0.027155652012967,0.280459583058767,"AD","Control"
"3356","SRR10911855",0.191870280725666,0.276792161782626,0.519390616323779,0.0119469411679292,"Control","Control"
"3357","SRR10911856",0.0476318851419453,0.216082100030931,0.287024644900734,0.44926136992639,"PD","Control"
"3358","SRR10911857",0.0569055023641369,0.052373326030026,0.758199181741625,0.132521989864212,"Control","Control"
"3359","SRR10911858",0.150529627752697,0.297062294039522,0.530999690170635,0.0214083880371469,"Control","Control"
"3360","SRR10911859",0.291700372305669,0.0574831538133334,0.296269422852285,0.354547051028713,"PD","PD"
"3361","SRR10911860",0.269884763937324,0.0272082234096446,0.156005677547207,0.546901335105824,"PD","Control"
"3362","SRR10911861",0.255814876545866,0.0719949707624943,0.35336830183669,0.31882185085495,"Control","Control"
"3363","SRR10911862",0.141597179597114,0.283323282289724,0.226868585945346,0.348210952167816,"PD","Control"
"3364","SRR10911863",0.00950353533872784,0.016045887649218,0.180434869129706,0.794015707882349,"PD","PD"
"3365","SRR10911864",0.236255699335504,0.1241144463483,0.229371665253974,0.410258189062222,"PD","Control"
"3366","SRR10911865",0.175809260208376,0.639816101346422,0.122372468772385,0.0620021696728179,"ASD","Control"
"3367","SRR10911866",0.113348781537416,0.136356374155724,0.341642391781914,0.408652452524946,"PD","Control"
"3368","SRR10911867",0.200356555534759,0.152440197765151,0.478467263724018,0.168735982976072,"Control","Control"
"3369","SRR10911868",0.404998410458902,0.236219734574105,0.0519183614559072,0.306863493511085,"AD","Control"
"3370","SRR10911869",0.0769257167247722,0.0089370573151598,0.158286077799284,0.755851148160784,"PD","PD"
"3371","SRR10911870",0.091712814929189,0.280542207561879,0.082023420432886,0.545721557076046,"PD","PD"
"3372","SRR10911871",0.146338724208609,0.1430300299236,0.636341848872934,0.0742893969948572,"Control","Control"
"3373","SRR10911872",0.0353835143920626,0.164374814432552,0.323598062453305,0.476643608722081,"PD","PD"
"3374","SRR10911873",0.0906803238718241,0.118437879588885,0.248689548389027,0.542192248150264,"PD","PD"
"3375","SRR10911874",0.0232472814076914,0.34172401742511,0.239951718966235,0.395076982200964,"PD","PD"
"3376","SRR10911875",0.168313984321885,0.230731365086997,0.401349993887908,0.19960465670321,"Control","Control"
"3377","SRR10911876",0.350870286811005,0.0465580031546446,0.182176661470413,0.420395048563937,"PD","PD"
"3378","SRR10911877",0.319471485206052,0.163790694120556,0.0267080067518602,0.490029813921532,"PD","PD"
"3379","SRR10911878",0.0219973976961058,0.226610372817269,0.297589493297734,0.453802736188891,"PD","Control"
"3380","SRR10911879",0.125739986738255,0.673215409936323,0.0495233694070226,0.151521233918399,"ASD","Control"
"3381","SRR10911880",0.0865504651826835,0.0217833252319648,0.550285357224233,0.341380852361119,"Control","PD"
"3382","SRR10911881",0.242776229140464,0.104145973133998,0.612115848579961,0.0409619491455773,"Control","PD"
"3383","SRR10911882",0.241943056862952,0.718916608903844,0.0227360998726206,0.0164042343605831,"ASD","Control"
"3384","SRR10911883",0.306360461312926,0.257135120536095,0.0730140668215865,0.363490351329392,"PD","PD"
"3385","SRR10911884",0.242496841543195,0.103158929356169,0.06379863811958,0.590545590981056,"PD","PD"
"3386","SRR10911885",0.327400974226422,0.0502304576685375,0.106809115845329,0.515559452259712,"PD","PD"
"3387","SRR10911886",0.111994340060475,0.0535546661833867,0.105132959174141,0.729318034581998,"PD","PD"
"3388","SRR10911887",0.150794839151613,0.204872334971738,0.457086597130742,0.187246228745908,"Control","Control"
"3389","SRR10911888",0.13338381284456,0.209437375746582,0.166623535159459,0.490555276249399,"PD","PD"
"3390","SRR10911889",0.111157537352517,0.0971979523034131,0.016626205732015,0.775018304612054,"PD","PD"
"3391","SRR10911890",0.132338307218321,0.448002503636137,0.0965088479448147,0.323150341200727,"ASD","Control"
"3392","SRR10911891",0.205166027900793,0.277575606258746,0.428264288526312,0.0889940773141491,"Control","Control"
"3393","SRR10911892",0.0855008854323241,0.217277532692152,0.24632794157225,0.450893640303274,"PD","PD"
"3394","SRR10911893",0.137379156600615,0.249819748493567,0.289794070615814,0.323007024290004,"PD","PD"
"3395","SRR10911894",0.0547248022121923,0.0837358305992554,0.792598383224978,0.0689409839635745,"Control","Control"
"3396","SRR10911895",0.244747271395245,0.334147416599041,0.0347202383899457,0.386385073615768,"PD","PD"
"3397","SRR10911896",0.117192105215707,0.175632305335647,0.111656404855853,0.595519184592793,"PD","PD"
"3398","SRR10911897",0.105370188193964,0.387288668603134,0.0407585506286106,0.466582592574291,"PD","Control"
"3399","SRR10911898",0.108812907584055,0.38381042202592,0.0531361656584735,0.454240504731552,"PD","Control"
"3400","SRR10911899",0.179989025005689,0.233952551096723,0.0388290332856851,0.547229390611903,"PD","PD"
"3401","SRR10911900",0.294672952839673,0.19840100665485,0.0751088724242169,0.43181716808126,"PD","PD"
"3402","SRR10911901",0.207705189470959,0.214494926765238,0.192781084382742,0.385018799381062,"PD","Control"
"3403","SRR10911902",0.310822607405625,0.374302940531352,0.0888455028078602,0.226028949255162,"ASD","Control"
"3404","SRR10911903",0.0686846044381332,0.0105836876116185,0.24053249495334,0.680199212996908,"PD","PD"
"3405","SRR10911904",0.128330853958256,0.350980277511263,0.0202112180553536,0.500477650475127,"PD","PD"
"3406","SRR10911905",0.018214535224624,0.0771198755015116,0.712749020748782,0.191916568525082,"Control","Control"
"3407","SRR10911906",0.169995861043861,0.119883432238173,0.424683556329675,0.285437150388291,"Control","Control"
"3408","SRR10911907",0.353715474818807,0.142444698732279,0.0560672191982241,0.44777260725069,"PD","PD"
"3409","SRR10911908",0.116185015279335,0.0845686205595023,0.180218031444529,0.619028332716634,"PD","PD"
"3410","SRR10911909",0.0336601683130142,0.0983174689128864,0.0920797564647114,0.775942606309388,"PD","PD"
"3411","SRR10911910",0.218139614789117,0.0805916446659376,0.251411126326883,0.449857614218062,"PD","PD"
"3412","SRR10911911",0.18986307312418,0.243125038389659,0.359892439148945,0.207119449337217,"Control","Control"
"3413","SRR10911912",0.227263167584615,0.30008979692867,0.123796066925158,0.348850968561556,"PD","PD"
"3414","SRR10911913",0.143634656340354,0.345487007936523,0.114563604624691,0.396314731098433,"PD","PD"
"3415","SRR10911914",0.0706550229825682,0.0468497215102433,0.469171184597939,0.41332407090925,"Control","Control"
"3416","SRR10911915",0.13181421883051,0.222774878036751,0.197182445622936,0.448228457509803,"PD","PD"
"3417","SRR10911916",0.231901812849571,0.0397315245829862,0.408027172116406,0.320339490451036,"Control","Control"
"3418","SRR10911917",0.293256467729787,0.243465470515822,0.347697460131324,0.115580601623068,"Control","PD"
"3419","SRR10911918",0.193349518406684,0.690245547161876,0.0431215724069243,0.0732833620245156,"ASD","Control"
"3420","SRR10911919",0.307504209983096,0.0965917794700831,0.224954124613544,0.370949885933276,"PD","PD"
"3421","SRR10911920",0.0592180317291261,0.0355637221861315,0.836705327411851,0.0685129186728915,"Control","PD"
"3422","SRR10911921",0.123179360179246,0.239496070929462,0.495569771188669,0.141754797702623,"Control","Control"
"3423","SRR10911922",0.0827854674257836,0.326798226804146,0.166070784682939,0.424345521087131,"PD","Control"
"3424","SRR10911923",0.092972616295813,0.0557442692904785,0.0991775379550207,0.752105576458688,"PD","PD"
"3425","SRR10911924",0.0358801850356383,0.25649267298304,0.182906469347613,0.524720672633709,"PD","PD"
"3426","SRR10911925",0.218254087591763,0.20754783077151,0.385974271937526,0.188223809699201,"Control","Control"
"3427","SRR10911926",0.0500798604961952,0.147208942275654,0.341137175651191,0.46157402157696,"PD","Control"
"3428","SRR10911927",0.0674669993292561,0.0820818577053233,0.0388869838237885,0.811564159141632,"PD","PD"
"3429","SRR10911928",0.193485495709864,0.21384017689472,0.136968885136486,0.45570544225893,"PD","PD"
"3430","SRR10911929",0.0318628492236502,0.0789757498352043,0.787009041142606,0.102152359798539,"Control","Control"
"3431","SRR10911930",0.592890671701418,0.207120895191184,0.11024526585442,0.0897431672529786,"AD","PD"
"3432","SRR10911931",0.318139850884734,0.0563202316286166,0.24619631629969,0.37934360118696,"PD","PD"
"3433","SRR10911932",0.0323754322490738,0.104818251725224,0.703716285965848,0.159090030059855,"Control","Control"
"3434","SRR10911933",0.23408107394549,0.0671074874829021,0.0180785324187745,0.680732906152833,"PD","PD"
"3435","SRR10911934",0.229439194029149,0.197719773324113,0.218386547291934,0.354454485354804,"PD","PD"
"3436","SRR10911935",0.328628093666256,0.144296603685354,0.0810586605342334,0.446016642114156,"PD","PD"
"3437","SRR10911936",0.0807574553307243,0.242854410597934,0.496370440088164,0.180017693983178,"Control","Control"
"3438","SRR10911937",0.184398380233225,0.264620141510403,0.480055667270369,0.0709258109860039,"Control","PD"
"3439","SRR10911938",0.309387712248851,0.0358988439052896,0.632273184490392,0.0224402593554674,"Control","Control"
"3440","SRR10911939",0.27380995751428,0.250292064545906,0.16199355140309,0.313904426536724,"PD","PD"
"3441","SRR10911940",0.35455189395127,0.525550927332201,0.0169896583809479,0.102907520335581,"ASD","PD"
"3442","SRR10911941",0.214024580833151,0.375349417670082,0.224976334140533,0.185649667356234,"ASD","Control"
"3443","SRR10911942",0.0341752194852507,0.0832787530425894,0.0455973282695354,0.836948699202624,"PD","PD"
"3444","SRR10911943",0.219542593076645,0.18916392880617,0.0462207263221213,0.545072751795065,"PD","PD"
"3445","SRR10911944",0.249653044176073,0.103813789644015,0.403548236557567,0.242984929622346,"Control","Control"
"3446","SRR10911945",0.213620685453399,0.252372344930486,0.134020462141061,0.399986507475054,"PD","PD"
"3447","SRR10911946",0.205389028191462,0.244707852424085,0.348733088670388,0.201170030714065,"Control","PD"
"3448","SRR10911947",0.146671086884004,0.106959865205045,0.31922752920604,0.427141518704911,"PD","Control"
"3449","SRR10911948",0.0710409876943313,0.0744722171738959,0.0777210797333953,0.776765715398377,"PD","Control"
"3450","SRR10911949",0.0657904857306954,0.148422410347123,0.44725900527192,0.338528098650262,"Control","Control"
"3451","SRR10911950",0.29049554705314,0.147943849807895,0.329290482084436,0.232270121054529,"Control","PD"
"3452","SRR10911951",0.307303897959707,0.156793735650531,0.358526831725408,0.177375534664354,"Control","PD"
"3453","SRR10911952",0.184786668932855,0.169773684517163,0.6306446113608,0.0147950351891821,"Control","Control"
"3454","SRR10911953",0.281301457412853,0.0389967462622701,0.303546514556146,0.376155281768731,"PD","PD"
"3455","SRR10911954",0.0815473082896049,0.0158514363097321,0.740087611761135,0.162513643639528,"Control","PD"
"3456","SRR10911955",0.10254018183023,0.102308025120559,0.714260529775552,0.0808912632736586,"Control","Control"
"3457","SRR10911956",0.102512734800491,0.117788614766594,0.219312999968207,0.560385650464708,"PD","PD"
"3458","SRR10911957",0.294395635977591,0.167036674489057,0.416523327667672,0.12204436186568,"Control","Control"
"3459","SRR10911958",0.236312730118445,0.277476394738289,0.369500090095672,0.116710785047594,"Control","PD"
"3460","SRR10911959",0.0588146034496425,0.328327398625025,0.247704723247247,0.365153274678086,"PD","PD"
"3461","SRR10911960",0.0444051611132532,0.749931873801487,0.0809511836030193,0.124711781482241,"ASD","Control"
"3462","SRR10911961",0.108607486748203,0.258181712107169,0.15208160704851,0.481129194096119,"PD","PD"
"3463","SRR10911962",0.189684942643904,0.163994647206129,0.176506406683208,0.469814003466759,"PD","PD"
"3464","SRR10911963",0.0437716665540977,0.0153298954952208,0.0578975103084535,0.883000927642228,"PD","PD"
"3465","SRR10911964",0.0340001019987916,0.0538902734104677,0.0807836211969688,0.831326003393772,"PD","PD"
"3466","SRR10911965",0.0516395182546641,0.855317888243524,0.0261245235365133,0.0669180699652982,"ASD","Control"
"3467","SRR10911966",0.086184159482849,0.460390841648966,0.0777761105094014,0.375648888358783,"ASD","Control"
"3468","SRR10911967",0.321853664575433,0.101345423027113,0.475778518404482,0.101022393992972,"Control","PD"
"3469","SRR10911968",0.0798391745966674,0.297025040801602,0.396218724829988,0.226917059771743,"Control","PD"
"3470","SRR18063824",0.0304531917732038,0.200984215746414,0.0677397717844741,0.700822820695908,"PD","PD"
"3471","SRR18063826",0.112319050731776,0.359981743523663,0.127703240665762,0.399995965078799,"PD","PD"
"3472","SRR18063828",0.0633835579582538,0.0622957447034338,0.126820173637351,0.747500523700962,"PD","PD"
"3473","SRR18063831",0.35479510866649,0.126287985515787,0.117189858438377,0.401727047379346,"PD","PD"
"3474","SRR18063832",0.213258819614878,0.208806138630322,0.023798278504728,0.554136763250073,"PD","PD"
"3475","SRR18063833",0.264003288365335,0.145044241884734,0.20017202868614,0.39078044106379,"PD","PD"
"3476","SRR18063836",0.277742156284031,0.0994551767736357,0.51567947917869,0.107123187763644,"Control","PD"
"3477","SRR18063839",0.205468068427424,0.259089457331432,0.206851401960444,0.3285910722807,"PD","PD"
"3478","SRR18063840",0.125334347007039,0.0971593791088996,0.105182556496369,0.672323717387692,"PD","PD"
"3479","SRR18063841",0.310434512769647,0.14514786888173,0.432390896607651,0.112026721740971,"Control","Control"
"3480","SRR18063842",0.0757707819597613,0.134172181312073,0.463248030232578,0.326809006495588,"Control","Control"
"3481","SRR18063843",0.121564694262008,0.489917357005248,0.215306256215651,0.173211692517093,"ASD","Control"
"3482","SRR18063845",0.0343664453249121,0.165637662012852,0.0657143003669061,0.73428159229533,"PD","PD"
"3483","SRR18063846",0.0587028806483375,0.143706546491171,0.721976886846903,0.0756136860135882,"Control","PD"
"3484","SRR18063847",0.0531003190068998,0.142869536563952,0.198312476679137,0.605717667750012,"PD","PD"
"3485","SRR18063848",0.202300231372724,0.0672065379202865,0.659508505452189,0.070984725254801,"Control","Control"
"3486","SRR18063849",0.0829969853527209,0.164584908649527,0.5582427948093,0.194175311188452,"Control","Control"
"3487","SRR18063850",0.0567794410826151,0.66115542299682,0.239890759917314,0.0421743760032504,"ASD","Control"
"3488","SRR18063851",0.0799726413519932,0.158642213497595,0.532328003715405,0.229057141435007,"Control","Control"
"3489","SRR18063852",0.184399700399082,0.305650447349282,0.339033097356508,0.170916754895128,"Control","Control"
"3490","SRR18063853",0.329384653889,0.140380055321634,0.295205720480124,0.235029570309242,"AD","PD"
"3491","SRR18063854",0.283056372811159,0.379507197676923,0.0690517178410023,0.268384711670916,"ASD","PD"
"3492","SRR18063856",0.114832359569392,0.309900617304162,0.387805964099657,0.187461059026789,"Control","PD"
"3493","SRR18063857",0.208863413176355,0.151709430469913,0.264194918421992,0.37523223793174,"PD","PD"
"3494","SRR18063858",0.150096776293069,0.00861315866629061,0.643697250284217,0.197592814756424,"Control","Control"
"3495","SRR18063859",0.0106449325962668,0.16607700826133,0.580867109774027,0.242410949368377,"Control","Control"
"3496","SRR18063860",0.210300029605062,0.115950895377959,0.525366169342877,0.148382905674103,"Control","Control"
"3497","SRR18063861",0.602404898900249,0.0997223808214048,0.0672726775173966,0.230600042760949,"AD","PD"
"3498","SRR18063862",0.0909567275999729,0.271123235513836,0.0199795674503782,0.617940469435813,"PD","PD"
"3499","SRR18063863",0.511503763539027,0.0110258844831366,0.0349236779699476,0.442546674007889,"AD","PD"
"3500","SRR18063865",0.215557244409031,0.196568732460849,0.13909826631134,0.448775756818779,"PD","Control"
"3501","SRR18063866",0.114700494460777,0.395428972768583,0.33770299239766,0.15216754037298,"ASD","Control"
"3502","SRR18063867",0.132277604733501,0.481474400133504,0.22190255833703,0.164345436795965,"ASD","Control"
"3503","SRR18063868",0.231763810161407,0.233306953122787,0.114193400994244,0.420735835721561,"PD","PD"
"3504","SRR18063869",0.0941708204363904,0.265258047632744,0.2060370306831,0.434534101247766,"PD","PD"
"3505","SRR18063870",0.325886575219717,0.165563570316695,0.456565110488886,0.0519847439747008,"Control","PD"
"3506","SRR18063871",0.385666911250058,0.10835057338922,0.444893317364194,0.0610891979965271,"Control","Control"
"3507","SRR18063872",0.226881995441044,0.393476631463333,0.18103717166951,0.198604201426113,"ASD","Control"
"3508","SRR18063873",0.36442302872086,0.0840909652668733,0.247432373703808,0.304053632308459,"AD","Control"
"3509","SRR18063874",0.141858183402753,0.239535411506978,0.0382158879156338,0.580390517174634,"PD","PD"
"3510","SRR18063876",0.310254626113593,0.0501569323617744,0.466497216598476,0.173091224926156,"Control","PD"
"3511","SRR18063877",0.140641571524004,0.167428265015127,0.298587037616225,0.393343125844644,"PD","PD"
"3512","SRR18063878",0.0736798023087285,0.0209033322067105,0.374523866253632,0.530892999230929,"PD","Control"
"3513","SRR18063879",0.132513086532165,0.212719001045236,0.436218867920747,0.218549044501851,"Control","Control"
"3514","SRR18063880",0.148138727145639,0.448045421800276,0.257528412181187,0.146287438872898,"ASD","Control"
"3515","SRR18063881",0.175295925685564,0.169366754361211,0.469633847752505,0.18570347220072,"Control","PD"
"3516","SRR18063882",0.193294418386141,0.0808223384151279,0.248527714766815,0.477355528431916,"PD","PD"
"3517","SRR18063883",0.0804953374051557,0.433776020974191,0.272867422792429,0.212861218828224,"ASD","PD"
"3518","SRR18063884",0.322268383707915,0.198990862344463,0.356660805937524,0.122079948010098,"Control","Control"
"3519","SRR18063885",0.231433531847812,0.333898782802324,0.378415855160423,0.0562518301894415,"Control","Control"
"3520","SRR18063886",0.0392396081861996,0.337957172744198,0.224698302240674,0.398104916828929,"PD","PD"
"3521","SRR18063887",0.196166232876999,0.176510436477837,0.130552983218981,0.496770347426183,"PD","Control"
"3522","SRR18063888",0.0668876494053621,0.0437827562139754,0.103385952006448,0.785943642374214,"PD","PD"
"3523","SRR18063889",0.272733294238329,0.083134858908282,0.531765525876086,0.112366320977303,"Control","PD"
"3524","SRR18063890",0.0193840968213224,0.314096627483096,0.117035930872438,0.549483344823143,"PD","PD"
"3525","SRR18063891",0.150827569255874,0.0790770721088011,0.683182878792643,0.0869124798426818,"Control","Control"
"3526","SRR18063892",0.535009796690069,0.0830869967547407,0.322387018827827,0.0595161877273632,"AD","Control"
"3527","SRR18063893",0.0119672283606024,0.771711648192632,0.0226254944522731,0.193695628994492,"ASD","Control"
"3528","SRR18063894",0.160053500252457,0.0921495864190945,0.275215336771874,0.472581576556575,"PD","Control"
"3529","SRR18063895",0.128110012216792,0.101935788719345,0.752426368963427,0.0175278301004358,"Control","Control"
"3530","SRR18063896",0.336642274843578,0.0587900043154379,0.375982692473348,0.228585028367636,"Control","Control"
"3531","SRR18063897",0.101907097194488,0.242204301575879,0.298612123576999,0.357276477652634,"PD","PD"
"3532","SRR18063898",0.210087917662049,0.0405442595999903,0.710279542364953,0.0390882803730083,"Control","PD"
"3533","SRR18063899",0.287231172859984,0.109607353203466,0.150128123949903,0.453033349986646,"PD","PD"
"3534","SRR18063900",0.0816921780470594,0.0592916164649985,0.460761204059414,0.398255001428528,"Control","Control"
"3535","SRR18063902",0.335844577942468,0.157574536986297,0.389248549756312,0.117332335314922,"Control","Control"
"3536","SRR18063903",0.0908822628961329,0.275190590917539,0.444081477643537,0.189845668542791,"Control","Control"
"3537","SRR18063904",0.134172299207556,0.415120904600343,0.110270200458864,0.340436595733238,"ASD","PD"
"3538","SRR18063905",0.299580407923551,0.0856128343859738,0.193149241847513,0.421657515842962,"PD","PD"
"3539","SRR18063906",0.319006851036821,0.241320027434689,0.0780695431093435,0.361603578419146,"PD","PD"
"3540","SRR18063907",0.132963113967969,0.0594132442373808,0.42720419160703,0.380419450187621,"Control","Control"
"3541","SRR18063908",0.0748797019397835,0.107759440968019,0.518572972776553,0.298787884315645,"Control","Control"
"3542","SRR18063909",0.0573378206998199,0.0434355090204092,0.0248925402314404,0.87433413004833,"PD","Control"
"3543","SRR18063910",0.370145215429424,0.0499193423857059,0.139190520695984,0.440744921488886,"PD","PD"
"3544","SRR18063911",0.131357210758934,0.119718817499598,0.150638292812647,0.598285678928821,"PD","PD"
"3545","SRR18063913",0.450729502632536,0.145563392123512,0.128624476242252,0.2750826290017,"AD","PD"
"3546","SRR18063914",0.30014027180338,0.0822835140159869,0.460411699411233,0.157164514769399,"Control","Control"
"3547","SRR18063915",0.331984670427496,0.144371117751418,0.449421397700935,0.0742228141201516,"Control","Control"
"3548","SRR18063916",0.206485479679071,0.17449081797572,0.386321702970295,0.232701999374913,"Control","Control"
"3549","SRR18063917",0.347017274553139,0.186974988642254,0.261092976381986,0.204914760422621,"AD","PD"
"3550","SRR18063918",0.0782629170726279,0.344577965906994,0.132785131140941,0.444373985879436,"PD","PD"
"3551","SRR18063919",0.195679773523306,0.0389915547194927,0.0175896024457833,0.747739069311418,"PD","PD"
"3552","SRR18063920",0.169870341382257,0.630412573256206,0.040013695149645,0.159703390211892,"ASD","PD"
"3553","SRR18063921",0.00533186308510473,0.859745277366677,0.0654614001398694,0.0694614594083484,"ASD","Control"
"3554","SRR18063922",0.0649113601266024,0.042287499390582,0.470053890765243,0.422747249717572,"Control","Control"
"3555","SRR18063923",0.0430014400056318,0.253601398782139,0.466920377621773,0.236476783590456,"Control","Control"
"3556","SRR18063924",0.308617940557547,0.0954747627384295,0.536093970792321,0.0598133259117028,"Control","PD"
"3557","SRR18063925",0.0538697516471889,0.0461321654520244,0.555626015439988,0.344372067460798,"Control","PD"
"3558","SRR18063926",0.216737330814757,0.196254465319231,0.0636260748834575,0.523382128982555,"PD","PD"
"3559","SRR18063927",0.124228339687362,0.127117692958339,0.458578390123315,0.290075577230985,"Control","Control"
"3560","SRR18063928",0.13284570794415,0.222566297882716,0.191420246277019,0.453167747896115,"PD","Control"
"3561","SRR18063929",0.146151080987361,0.0167348492093146,0.327991570287929,0.509122499515395,"PD","Control"
"3562","SRR18063931",0.369906871851688,0.445851534401738,0.0865061671712102,0.0977354265753644,"ASD","PD"
"3563","SRR18063932",0.0482160993419409,0.24006042216257,0.1192747549972,0.59244872349829,"PD","PD"
"3564","SRR18063933",0.480668453216748,0.253386329880714,0.197133773480326,0.0688114434222116,"AD","PD"
"3565","SRR18063934",0.670007420198742,0.173460944725554,0.0810946185295193,0.0754370165461849,"AD","Control"
"3566","SRR18063935",0.0188549641592031,0.136955147311526,0.701807397568488,0.142382490960783,"Control","Control"
"3567","SRR18063936",0.195417947912405,0.169526528760722,0.58465657764862,0.0503989456782523,"Control","Control"
"3568","SRR18063937",0.115334941370127,0.30915270679832,0.159632936318187,0.415879415513367,"PD","PD"
"3569","SRR18063938",0.158629477411235,0.148144695570239,0.125057023998598,0.568168803019928,"PD","PD"
"3570","SRR18063939",0.105409253714687,0.28729644131546,0.19303424944282,0.414260055527033,"PD","PD"
"3571","SRR18063940",0.203299324555198,0.142675444381055,0.553141707270209,0.100883523793538,"Control","Control"
"3572","SRR18063941",0.127861747471474,0.388689064801771,0.138314544044798,0.345134643681957,"ASD","PD"
"3573","SRR18063942",0.315330075382527,0.229695057601154,0.359603672978091,0.0953711940382286,"Control","Control"
"3574","SRR18063943",0.121458671033266,0.240366754055241,0.483643487793492,0.154531087118001,"Control","Control"
"3575","SRR18063944",0.1555752548031,0.511556820675787,0.0813616692304764,0.251506255290637,"ASD","PD"
"3576","SRR18063945",0.131427842503284,0.41886618285681,0.104789331858941,0.344916642780965,"ASD","PD"
"3577","SRR18063946",0.119388027846568,0.139194750161888,0.100228284040408,0.641188937951135,"PD","PD"
"3578","SRR18063947",0.0911999466094123,0.0725701736411447,0.469380685196056,0.366849194553387,"Control","Control"
"3579","SRR18063948",0.124584057491018,0.113300644270225,0.323434131694487,0.438681166544269,"PD","PD"
"3580","SRR18063949",0.215546199539862,0.0447509206799106,0.392293289523254,0.347409590256973,"Control","Control"
"3581","SRR18063950",0.0285854151148286,0.193145230428204,0.657668498311723,0.120600856145244,"Control","Control"
"3582","SRR18063951",0.432947178695309,0.183149066624288,0.278599793586907,0.105303961093497,"AD","Control"
"3583","SRR18063952",0.0882277659152649,0.442936799326543,0.257396997863661,0.211438436894532,"ASD","Control"
"3584","SRR18063953",0.0402059500456949,0.092111438712169,0.791379480743587,0.0763031304985489,"Control","Control"
"3585","SRR18063954",0.241224845948396,0.0569636230949863,0.05613230692303,0.645679224033588,"PD","Control"
"3586","SRR18063955",0.0839872323313822,0.304506978020944,0.085302030541899,0.526203759105775,"PD","PD"
"3587","SRR18063956",0.023896266707616,0.289595523831566,0.548103560839136,0.138404648621682,"Control","PD"
"3588","SRR18063957",0.195626699876709,0.181175539288904,0.218879788293111,0.404317972541277,"PD","PD"
"3589","SRR18063958",0.105900438885559,0.336462310873108,0.0712272926621827,0.48640995757915,"PD","PD"
"3590","SRR18063959",0.263059885572576,0.0503541002421152,0.36080950892101,0.325776505264299,"Control","Control"
"3591","SRR18063960",0.0632049255143194,0.12506854025512,0.728190434231949,0.0835360999986113,"Control","Control"
"3592","SRR18063961",0.403955643488604,0.0840685507151091,0.463963695279094,0.0480121105171932,"Control","Control"
"3593","SRR18063962",0.131518664508845,0.094396488528315,0.126334559778655,0.647750287184185,"PD","PD"
"3594","SRR18063963",0.054644569127713,0.176305599550544,0.486371052369384,0.282678778952359,"Control","PD"
"3595","SRR18063964",0.146546417810551,0.133285611741294,0.326447730809203,0.393720239638951,"PD","PD"
"3596","SRR18063965",0.296733098440466,0.172290533534768,0.450598745750771,0.0803776222739945,"Control","Control"
"3597","SRR18063966",0.0576300996204787,0.204946339566579,0.235731528234288,0.501692032578655,"PD","Control"
"3598","SRR18063967",0.20479323008776,0.0284654576117196,0.00260090618056061,0.76414040611996,"PD","PD"
"3599","SRR18063968",0.0245760819722287,0.35256612898964,0.462746187000068,0.160111602038063,"Control","Control"
"3600","SRR18063969",0.0703230181652008,0.100211391713292,0.0421915443220163,0.78727404579949,"PD","PD"
"3601","SRR18063970",0.215270151433933,0.247165411211149,0.0550078353878296,0.482556601967089,"PD","PD"
"3602","SRR18063971",0.205646618125502,0.66806682751132,0.0909566505194837,0.0353299038436944,"ASD","PD"
"3603","SRR18063972",0.0424317799963043,0.039809326205369,0.564793436653236,0.352965457145091,"Control","Control"
"3604","SRR18063973",0.493484771065856,0.296378519612449,0.0905548266678401,0.119581882653855,"AD","Control"
"3605","SRR18063974",0.0395195943293799,0.448108309722032,0.178748179736308,0.33362391621228,"ASD","Control"
"3606","SRR18063975",0.293880079771788,0.118843307712091,0.190636426560169,0.396640185955952,"PD","PD"
"3607","SRR18063976",0.310526586351289,0.0975436074901054,0.0598715802672227,0.532058225891383,"PD","PD"
"3608","SRR18063977",0.164282035856937,0.277994420693859,0.218800166588318,0.338923376860886,"PD","PD"
"3609","SRR18063978",0.197797387325977,0.0342039654671122,0.0619911279727424,0.706007519234168,"PD","PD"
"3610","SRR18063979",0.0777093486901827,0.68734112605764,0.127778352940741,0.107171172311436,"ASD","Control"
"3611","SRR18063980",0.0919279461017805,0.228688758703084,0.509036627112566,0.170346668082569,"Control","Control"
"3612","SRR18063981",0.22774175699395,0.115681660908196,0.359389333971543,0.297187248126311,"Control","Control"
"3613","SRR18063982",0.141194517032788,0.597600105187992,0.0487807614183908,0.21242461636083,"ASD","PD"
"3614","SRR18063983",0.150081268530719,0.264208184861833,0.0510276174430953,0.534682929164354,"PD","PD"
"3615","SRR18063984",0.061063978396915,0.0887939938040822,0.644339513057222,0.20580251474178,"Control","PD"
"3616","SRR18063985",0.358638148062125,0.0888371830685038,0.149695100955411,0.40282956791396,"PD","PD"
"3617","SRR18063986",0.0681470100218859,0.334600114792397,0.200312668406299,0.396940206779418,"PD","PD"
"3618","SRR18063987",0.512153285727882,0.117285910769305,0.173184416602689,0.197376386900124,"AD","Control"
"3619","SRR18063988",0.19158876237634,0.150105824662141,0.632942105830724,0.0253633071307946,"Control","Control"
"3620","SRR18063989",0.0877498976060913,0.30970239906199,0.204128108840521,0.398419594491398,"PD","Control"
"3621","SRR18063990",0.222412660279936,0.295760983475953,0.392574390223858,0.0892519660202531,"Control","PD"
"3622","SRR18063991",0.0552566944685135,0.33981261016813,0.107278836408301,0.497651858955056,"PD","PD"
"3623","SRR18063992",0.205506453158708,0.0487699652237716,0.210447380951013,0.535276200666507,"PD","PD"
"3624","SRR18063994",0.232103895860834,0.284362979162171,0.338856252562708,0.144676872414287,"Control","Control"
"3625","SRR18063995",0.285005962554042,0.105598138828008,0.394996696133807,0.214399202484143,"Control","Control"
"3626","SRR18063996",0.592036965820511,0.0482712544555358,0.119927678777553,0.2397641009464,"AD","Control"
"3627","SRR18063997",0.008602846508265,0.00652324983425653,0.395288262034447,0.589585641623031,"PD","PD"
"3628","SRR18063998",0.359792435117077,0.122185908353485,0.1194367179205,0.398584938608937,"PD","PD"
"3629","SRR18063999",0.22252577660651,0.213347360565411,0.265311243015494,0.298815619812586,"PD","PD"
"3630","SRR18064000",0.118474858555482,0.153601129267997,0.0377734690326716,0.69015054314385,"PD","PD"
"3631","SRR18064001",0.289437629133211,0.111500834259864,0.566741426581802,0.0323201100251237,"Control","PD"
"3632","SRR18064002",0.0395770351741708,0.0446485370672983,0.209872503311631,0.7059019244469,"PD","PD"
"3633","SRR18064003",0.227674463546471,0.625874733504891,0.103869116878407,0.0425816860702316,"ASD","Control"
"3634","SRR18064004",0.0560514328802768,0.0780772803963854,0.198559999246109,0.667311287477229,"PD","PD"
"3635","SRR18064005",0.0966117800391298,0.048296785130692,0.723729004650042,0.131362430180137,"Control","Control"
"3636","SRR18064006",0.128503632454335,0.590639145268455,0.0405664853885185,0.240290736888692,"ASD","Control"
"3637","SRR18064007",0.0168515008015829,0.179996555859432,0.204545372858278,0.598606570480707,"PD","PD"
"3638","SRR18064008",0.247145072470895,0.251847388600781,0.174010799728857,0.326996739199467,"PD","PD"
"3639","SRR18064009",0.104830728745704,0.103915291916249,0.76167484350851,0.029579135829537,"Control","PD"
"3640","SRR18064010",0.0790541224061294,0.15741117216786,0.701624875980849,0.0619098294451615,"Control","Control"
"3641","SRR18064011",0.112115304866083,0.790504218771052,0.0420421186321063,0.0553383577307585,"ASD","Control"
"3642","SRR18064012",0.0232888428800949,0.0987420447960096,0.812851671874628,0.0651174404492672,"Control","Control"
"3643","SRR18064013",0.433356932645636,0.00151002925519275,0.0368227927206362,0.528310245378535,"PD","PD"
"3644","SRR18064014",0.189231004368386,0.169576368608466,0.025627943173547,0.615564683849601,"PD","PD"
"3645","SRR18064015",0.13359312954433,0.141715687903195,0.037884340932951,0.686806841619524,"PD","PD"
"3646","SRR18064016",0.0418111148098442,0.296777934683443,0.638304872797029,0.0231060777096837,"Control","Control"
"3647","SRR18064017",0.180890985253568,0.341723331224426,0.0946143338820168,0.382771349639989,"PD","Control"
"3648","SRR18064018",0.103306804478448,0.105735838765583,0.372570239969392,0.418387116786578,"PD","Control"
"3649","SRR18064019",0.158795818678117,0.251224118557137,0.248529925889115,0.341450136875631,"PD","PD"
"3650","SRR18064020",0.0629416703393386,0.465096428698863,0.151258852757291,0.320703048204507,"ASD","PD"
"3651","SRR18064021",0.0387187446716859,0.254756099075011,0.177540091792643,0.52898506446066,"PD","PD"
"3652","SRR18064022",0.336027727462758,0.175148112180217,0.0994711075011727,0.389353052855853,"PD","PD"
"3653","SRR18064023",0.133233855356164,0.0476744309476022,0.678516371993611,0.140575341702623,"Control","Control"
"3654","SRR18064024",0.193328554750474,0.316777003370503,0.0268540514368185,0.463040390442204,"PD","Control"
"3655","SRR18064025",0.395814221481008,0.451579574362056,0.07463838280171,0.0779678213552263,"ASD","Control"
"3656","SRR18064026",0.14466690624509,0.0338153275041532,0.0873593632862317,0.734158402964525,"PD","PD"
"3657","SRR18064027",0.189017219628681,0.255070705501767,0.0548585944268372,0.501053480442715,"PD","PD"
"3658","SRR18064028",0.116562869508739,0.019402774464365,0.152431466268504,0.711602889758392,"PD","PD"
"3659","SRR18064029",0.196906042684916,0.541803099823009,0.065238727081192,0.196052130410883,"ASD","Control"
"3660","SRR18064032",0.15175306371979,0.19302672362558,0.459937777030281,0.195282435624349,"Control","Control"
"3661","SRR18064033",0.365258535319255,0.421371896443472,0.15110338006245,0.0622661881748232,"ASD","Control"
"3662","SRR18064034",0.297608110387873,0.274641157105057,0.0845224084592006,0.343228324047869,"PD","PD"
"3663","SRR18064035",0.780443244027707,0.0407421621263099,0.0870423634204074,0.0917722304255762,"AD","PD"
"3664","SRR18064036",0.155907685917383,0.0437845405138628,0.147626491154134,0.65268128241462,"PD","PD"
"3665","SRR18064037",0.264249429525587,0.0674723350194128,0.502724586670214,0.165553648784786,"Control","Control"
"3666","SRR18064039",0.00808484445560306,0.345565757823416,0.0848982356175143,0.561451162103466,"PD","Control"
"3667","SRR18064040",0.2088839593797,0.025747185769612,0.191085226589811,0.574283628260877,"PD","PD"
"3668","SRR18064041",0.272998434221099,0.278296202482215,0.0171560352261401,0.431549328070547,"PD","PD"
"3669","SRR18064042",0.294379414545369,0.114112710279517,0.126503230783558,0.465004644391556,"PD","PD"
"3670","SRR18064043",0.0273433884411009,0.308795190513048,0.225947482644496,0.437913938401355,"PD","PD"
"3671","SRR18064044",0.0466437533444668,0.425614408586076,0.052210018222075,0.475531819847382,"PD","PD"
"3672","SRR18064045",0.141648235593277,0.0481098381446315,0.265675930308931,0.54456599595316,"PD","PD"
"3673","SRR18064046",0.18372960797595,0.281968531681913,0.0669438360688691,0.467358024273268,"PD","PD"
"3674","SRR18064047",0.230129333233568,0.211086472484382,0.535196089079518,0.0235881052025317,"Control","Control"
"3675","SRR18064048",0.248256330601204,0.208293061221534,0.0510536974772566,0.492396910700006,"PD","PD"
"3676","SRR18064049",0.101154234237183,0.0745516895503383,0.710784676672843,0.113509399539636,"Control","PD"
"3677","SRR18064050",0.06386609149934,0.760365646675442,0.126597926644279,0.0491703351809391,"ASD","PD"
"3678","SRR18064051",0.0737082677401216,0.171682400410938,0.0285767816919779,0.726032550156962,"PD","PD"
"3679","SRR18064052",0.034696501109824,0.201773098336741,0.418446748791875,0.34508365176156,"Control","PD"
"3680","SRR18064053",0.0929913842093521,0.0604406098503804,0.131313361024587,0.71525464491568,"PD","PD"
"3681","SRR18064054",0.202066517927974,0.0873175775715922,0.491352585672058,0.219263318828376,"Control","PD"
"3682","SRR18064055",0.179828984542175,0.0968455518102572,0.503632253638939,0.219693210008629,"Control","Control"
"3683","SRR18064056",0.184675703060076,0.0789084729744898,0.570929527386048,0.165486296579386,"Control","Control"
"3684","SRR18064057",0.040261250928866,0.665339506097342,0.0863554576628287,0.208043785310963,"ASD","Control"
"3685","SRR18064058",0.094431364834343,0.124940059337952,0.0671361044082826,0.713492471419422,"PD","PD"
"3686","SRR18064059",0.285348107256125,0.0351089791537634,0.0752356648887392,0.604307248701372,"PD","PD"
"3687","SRR18064060",0.16784552280193,0.0629983904687584,0.330743015062545,0.438413071666767,"PD","PD"
"3688","SRR18064061",0.0293657220109715,0.268665747278947,0.151397069869148,0.550571460840934,"PD","PD"
"3689","SRR18064062",0.174485282639844,0.117793061726419,0.116570517502192,0.591151138131545,"PD","Control"
"3690","SRR18064063",0.209169587015473,0.641237648885294,0.0171208343379405,0.132471929761292,"ASD","Control"
"3691","SRR18064064",0.102808887665165,0.0879257001570237,0.379110482010425,0.430154930167386,"PD","Control"
"3692","SRR18064065",0.344971336148229,0.402643469486037,0.0721044377924329,0.1802807565733,"ASD","Control"
"3693","SRR18064066",0.143090128655766,0.341550599668499,0.448523811646851,0.066835460028884,"Control","Control"
"3694","SRR18064067",0.103224260757372,0.703109812592393,0.143706760034148,0.0499591666160857,"ASD","Control"
"3695","SRR18064068",0.0815676162769926,0.404059951085476,0.0411767850782202,0.473195647559311,"PD","PD"
"3696","SRR18064069",0.294599121632899,0.0328830223361144,0.160255214928531,0.512262641102455,"PD","PD"
"3697","SRR18064071",0.119656678450598,0.246504165154654,0.211282628928672,0.422556527466076,"PD","PD"
"3698","SRR18064072",0.0648265161455311,0.0864629463537444,0.387968151627274,0.460742385873451,"PD","PD"
"3699","SRR18064073",0.16002409684144,0.0520114541079347,0.630907242645425,0.1570572064052,"Control","Control"
"3700","SRR18064074",0.28290364850871,0.131324309237768,0.378162059542815,0.207609982710707,"Control","Control"
"3701","SRR18064075",0.150692816751974,0.106679058099993,0.624274722012829,0.118353403135205,"Control","Control"
"3702","SRR18064076",0.214557381845852,0.173141916316238,0.229678051471031,0.382622650366879,"PD","PD"
"3703","SRR18064077",0.144770500053864,0.275754495673263,0.0971948024903901,0.482280201782482,"PD","PD"
"3704","SRR18064078",0.617096423895502,0.265265157156874,0.0438016886534627,0.0738367302941614,"AD","PD"
"3705","SRR18064079",0.042903959257346,0.837613308657952,0.00584575505354484,0.113636977031157,"ASD","Control"
"3706","SRR18064080",0.28748907848581,0.031094772182305,0.578788741466628,0.102627407865257,"Control","Control"
"3707","SRR18064081",0.111242642225595,0.535393827992433,0.0916205094000514,0.261743020381921,"ASD","Control"
"3708","SRR18064082",0.0845432897391256,0.0751555350920473,0.0749714189750727,0.765329756193754,"PD","PD"
"3709","SRR18064083",0.025345445706576,0.0192298444426164,0.0477038688187303,0.907720841032077,"PD","PD"
"3710","SRR18064084",0.0965742848071817,0.253108383664816,0.305720994171733,0.344596337356269,"PD","PD"
"3711","SRR18064085",0.177939250589882,0.0331681352907558,0.132967735545747,0.655924878573616,"PD","PD"
"3712","SRR18064086",0.175116085511385,0.233458574146954,0.341957073954713,0.249468266386948,"Control","Control"
"3713","SRR18064087",0.0917405624097198,0.106931567211807,0.655283643237362,0.146044227141111,"Control","Control"
"3714","SRR18064088",0.117578652081794,0.242132150763475,0.108306299530847,0.531982897623884,"PD","Control"
"3715","SRR18064089",0.0359619123804526,0.0223424892254335,0.441488342380591,0.500207256013523,"PD","PD"
"3716","SRR18064090",0.147961883070457,0.0460468863589797,0.0112233298630425,0.794767900707521,"PD","PD"
"3717","SRR18064091",0.21321113130459,0.0608251887054836,0.0457047350352357,0.680258944954691,"PD","PD"
"3718","SRR18064092",0.147796012966784,0.23788322464527,0.389895298650139,0.224425463737807,"Control","Control"
"3719","SRR18064093",0.499943124146737,0.0668413750379505,0.372440724080102,0.06077477673521,"AD","Control"
"3720","SRR18064095",0.0381115447715874,0.809350438120517,0.0967185629351159,0.0558194541727802,"ASD","Control"
"3721","SRR18064096",0.665147466827426,0.0588014140367634,0.151055620604017,0.124995498531793,"AD","PD"
"3722","SRR18064097",0.0523704789499192,0.0759828822463511,0.0394930721512965,0.832153566652433,"PD","PD"
"3723","SRR18064098",0.172774141790952,0.108956260609994,0.23090509499651,0.487364502602544,"PD","PD"
"3724","SRR18064099",0.262351502321285,0.543095458067231,0.149899748173306,0.0446532914381774,"ASD","Control"
"3725","SRR18064100",0.229270513156552,0.0406497002471647,0.707766679690367,0.022313106905916,"Control","Control"
"3726","SRR18064101",0.109796855675978,0.0976358347876015,0.426134580026786,0.366432729509635,"Control","Control"
"3727","SRR18064102",0.124651512993614,0.169718961750248,0.294928249512484,0.410701275743654,"PD","PD"
"3728","SRR18064103",0.163062976105626,0.641147004121661,0.118534332691298,0.0772556870814143,"ASD","PD"
"3729","SRR18064104",0.11808382551667,0.338904680178975,0.0803541780686166,0.462657316235738,"PD","PD"
"3730","SRR18064106",0.223945583529013,0.38188402002848,0.0688898215445819,0.325280574897926,"ASD","Control"
"3731","SRR18064107",0.0514223956231135,0.183567166044233,0.706783889656768,0.0582265486758854,"Control","Control"
"3732","SRR18064108",0.029841949754846,0.0823504419165644,0.132307635057213,0.755499973271376,"PD","Control"
"3733","SRR18064109",0.237576090515656,0.19705370731805,0.109217685338345,0.456152516827949,"PD","PD"
"3734","SRR18064110",0.200794359071877,0.219197190626784,0.240884610358122,0.339123839943217,"PD","PD"
"3735","SRR18064111",0.118229029857305,0.407838101721573,0.350201403956203,0.12373146446492,"ASD","PD"
"3736","SRR18064112",0.250487527422176,0.111056509531255,0.116519113141992,0.521936849904577,"PD","PD"
"3737","SRR18064113",0.0369205735427237,0.0519436197273493,0.129213772042471,0.781922034687456,"PD","PD"
"3738","SRR18064114",0.180531599691392,0.183091838414795,0.545921580766229,0.0904549811275839,"Control","PD"
"3739","SRR18064115",0.241155201382754,0.238888943019504,0.233675815691299,0.286280039906443,"PD","PD"
"3740","SRR18064116",0.0243149644558382,0.57489787182076,0.0944007968079172,0.306386366915484,"ASD","Control"
"3741","SRR18064118",0.285606033514833,0.0889328054102652,0.455846781332603,0.169614379742298,"Control","Control"
"3742","SRR18064119",0.157574356222408,0.134904754087444,0.481143053978701,0.226377835711446,"Control","Control"
"3743","SRR18064120",0.124324867057203,0.0203640529515061,0.617900491207573,0.237410588783717,"Control","Control"
"3744","SRR18064121",0.264838156689893,0.261294941221707,0.363575408975017,0.110291493113383,"Control","Control"
"3745","SRR18064122",0.0436490762580146,0.386786505157149,0.521350921966103,0.0482134966187335,"Control","Control"
"3746","SRR18064123",0.154325995554995,0.120090725796674,0.460790612440504,0.264792666207827,"Control","Control"
"3747","SRR18064124",0.194432013686494,0.0525025600421549,0.406138850584379,0.346926575686972,"Control","Control"
"3748","SRR18064125",0.0890471364839386,0.140391458200192,0.065864462681814,0.704696942634055,"PD","PD"
"3749","SRR18064126",0.237728343740729,0.13284862095058,0.485951829871593,0.143471205437098,"Control","PD"
"3750","SRR18064127",0.258668709932132,0.138680610285271,0.248472930735667,0.35417774904693,"PD","PD"
"3751","SRR18064129",0.254406826292851,0.103336993122001,0.258274910674384,0.383981269910764,"PD","PD"
"3752","SRR18064130",0.462450418947161,0.114034956527764,0.309636505864553,0.113878118660522,"AD","Control"
"3753","SRR18064131",0.0562763004830391,0.176588801500862,0.691331570601869,0.0758033274142298,"Control","Control"
"3754","SRR18064132",0.297685291349781,0.113278190913081,0.477791153981581,0.111245363755558,"Control","Control"
"3755","SRR18064133",0.0167283835369098,0.0423883011456887,0.0831749166099511,0.85770839870745,"PD","PD"
"3756","SRR18064134",0.0308417945852876,0.430770209999958,0.0426749122323996,0.495713083182355,"PD","PD"
"3757","SRR18064135",0.0600106002722456,0.337960004896716,0.459793999408725,0.142235395422313,"Control","PD"
"3758","SRR18064136",0.287679688921153,0.0184598677694765,0.0925835969161766,0.601276846393194,"PD","Control"
"3759","SRR18064137",0.226167237290757,0.149453817832835,0.386251968421622,0.238126976454786,"Control","Control"
"3760","SRR18064138",0.0548994413048863,0.243896409081525,0.400010986039124,0.301193163574465,"Control","Control"
"3761","SRR18064139",0.0931652207019805,0.595755860858319,0.185560858546091,0.125518059893609,"ASD","PD"
"3762","SRR18064140",0.146561789840614,0.202649666490879,0.278811149712885,0.371977393955622,"PD","PD"
"3763","SRR18064141",0.227647469907914,0.271432535872562,0.18453160575114,0.316388388468384,"PD","PD"
"3764","SRR18064142",0.297920321626431,0.109952033982785,0.240341184818064,0.35178645957272,"PD","PD"
"3765","SRR18064143",0.240518922290892,0.19637652594662,0.505808393007883,0.0572961587546044,"Control","Control"
"3766","SRR18064144",0.111131673640649,0.0526867035612718,0.228996451257205,0.607185171540874,"PD","PD"
"3767","SRR18064145",0.140223373912876,0.331538112754787,0.0841767074814735,0.444061805850863,"PD","PD"
"3768","SRR18064146",0.134746128280277,0.0976933482987729,0.701691644995185,0.065868878425765,"Control","Control"
"3769","SRR18064147",0.185464706260957,0.156914967987247,0.4702950057093,0.187325320042497,"Control","Control"
"3770","SRR18064148",0.0715792060476048,0.236339111224373,0.0139543335463334,0.678127349181689,"PD","Control"
"3771","SRR18064149",0.237331641991145,0.110285029063669,0.0654225367793726,0.586960792165814,"PD","PD"
"3772","SRR18064150",0.369888104317487,0.0462819985705665,0.0462563102493284,0.537573586862618,"PD","PD"
"3773","SRR18064151",0.108465835372436,0.143489171510394,0.69599678737345,0.0520482057437199,"Control","PD"
"3774","SRR18064152",0.0881446261853207,0.0779963228123258,0.703245538596793,0.13061351240556,"Control","Control"
"3775","SRR18064153",0.208357092422928,0.0360831367237007,0.737888169444834,0.0176716014085372,"Control","Control"
"3776","SRR18064154",0.0961349213906199,0.159705561334558,0.637393501926757,0.106766015348065,"Control","Control"
"3777","SRR18064156",0.10180237888587,0.166008726510467,0.394721434087732,0.337467460515932,"Control","Control"
"3778","SRR18064157",0.151945692155059,0.109874565617214,0.0851906474712587,0.652989094756469,"PD","Control"
"3779","SRR18064158",0.116963026490707,0.209023172546824,0.624738752065738,0.0492750488967313,"Control","Control"
"3780","SRR18064159",0.112843646046046,0.0313942969623698,0.021478469872475,0.834283587119109,"PD","PD"
"3781","SRR18064160",0.017070261015018,0.31202067199585,0.185696281909949,0.485212785079183,"PD","PD"
"3782","SRR18064161",0.273262389102245,0.0906503769223442,0.297874393666973,0.338212840308438,"PD","PD"
"3783","SRR18064162",0.242373689511513,0.160549453185724,0.32690508028349,0.270171777019272,"Control","Control"
"3784","SRR18064163",0.0898008031508275,0.264085827230039,0.572730376420409,0.0733829931987243,"Control","Control"
"3785","SRR18064164",0.019971270503486,0.757273008432916,0.1247106533858,0.0980450676777983,"ASD","Control"
"3786","SRR18064165",0.157476087008478,0.228477425951712,0.290790977008751,0.323255510031058,"PD","PD"
"3787","SRR18064167",0.117477289768324,0.0917130214390698,0.15248974040372,0.638319948388886,"PD","PD"
"3788","SRR18064168",0.326249459763711,0.108450298725328,0.49195276513082,0.0733474763801407,"Control","PD"
"3789","SRR18064169",0.288105608990076,0.647161212208549,0.00978395797061442,0.0549492208307609,"ASD","Control"
"3790","SRR18064170",0.0824732495121042,0.169804395563582,0.635657331499867,0.112065023424447,"Control","Control"
"3791","SRR18064171",0.15201226705669,0.034342504232264,0.538708700815756,0.274936527895289,"Control","Control"
"3792","SRR18064172",0.130684229865765,0.357665117910322,0.0818478009604716,0.429802851263441,"PD","PD"
"3793","SRR18064173",0.288700170387841,0.218983812612081,0.0892787111150331,0.403037305885045,"PD","PD"
"3794","SRR18064174",0.246413848882632,0.0650012757869542,0.178635723141584,0.509949152188829,"PD","PD"
"3795","SRR18064175",0.13234892303882,0.0618655195691528,0.628807386641346,0.176978170750681,"Control","PD"
"3796","SRR18064176",0.0994437487166882,0.288249750982947,0.203325492795556,0.408981007504809,"PD","PD"
"3797","SRR18064177",0.0669915828881407,0.309839475244618,0.508991977628555,0.114176964238686,"Control","Control"
"3798","SRR18064178",0.109896298146929,0.176656301608475,0.430242913894675,0.283204486349921,"Control","Control"
"3799","SRR18064179",0.196728209894197,0.545857692418081,0.0562404469497759,0.201173650737946,"ASD","Control"
"3800","SRR18064180",0.189280913789529,0.053603714626669,0.160013223985923,0.597102147597878,"PD","PD"
"3801","SRR18064181",0.234929656403562,0.0576935151708259,0.0491870241962868,0.658189804229325,"PD","PD"
"3802","SRR18064182",0.107352281787504,0.331821531581864,0.113917501477295,0.446908685153338,"PD","PD"
"3803","SRR18064183",0.0749524069469052,0.0216284454115586,0.225139872695636,0.6782792749459,"PD","PD"
"3804","SRR18064184",0.351826624298558,0.410177685829667,0.067516792292946,0.170478897578829,"ASD","Control"
"3805","SRR18064185",0.0938340000189274,0.0477072331674976,0.452900959225823,0.405557807587752,"Control","Control"
"3806","SRR18064186",0.118213859291223,0.476417464737864,0.242887070108787,0.162481605862127,"ASD","Control"
"3807","SRR18064187",0.09354853507408,0.0873195208112853,0.687307414262927,0.131824529851707,"Control","PD"
"3808","SRR18064188",0.226026031070626,0.171806296489888,0.168179230520717,0.43398844191877,"PD","PD"
"3809","SRR18064189",0.386283856163094,0.154849349260021,0.176587854992246,0.28227893958464,"AD","PD"
"3810","SRR18064190",0.146725018901906,0.306471709790646,0.206626196731944,0.340177074575504,"PD","Control"
"3811","SRR18064191",0.25259667159552,0.115383429168709,0.519789750190876,0.112230149044895,"Control","PD"
"3812","SRR18064193",0.125118483784778,0.30447475493738,0.492061898487083,0.0783448627907601,"Control","Control"
"3813","SRR18064194",0.179399227322436,0.115940056705125,0.383633855354929,0.321026860617509,"Control","Control"
"3814","SRR18064195",0.327231660382245,0.251447537785092,0.381734905527571,0.0395858963050917,"Control","Control"
"3815","SRR18064196",0.27069399229111,0.116982036228598,0.181037588337776,0.431286383142516,"PD","PD"
"3816","SRR18064197",0.0530477119111344,0.241760062971471,0.0889236000591743,0.61626862505822,"PD","PD"
"3817","SRR18064198",0.0752400067451947,0.209816450783969,0.197945520834141,0.516998021636695,"PD","PD"
"3818","SRR18064199",0.0380374839399621,0.076849586666948,0.306692222971535,0.578420706421555,"PD","Control"
"3819","SRR18064200",0.213498938206528,0.261948454969088,0.387820642277581,0.136731964546804,"Control","Control"
"3820","SRR18064201",0.108781260973495,0.17025694854546,0.5575383191969,0.163423471284144,"Control","Control"
"3821","SRR18064202",0.101824553707515,0.260687810025002,0.142761272580522,0.494726363686961,"PD","PD"
"3822","SRR18064204",0.0322992676973281,0.102043937656536,0.212433259306883,0.653223535339252,"PD","PD"
"3823","SRR18064205",0.0160009974071136,0.104186421281757,0.405800263695875,0.474012317615254,"PD","PD"
"3824","SRR18064206",0.186258304865994,0.272157901798053,0.361529574063201,0.180054219272752,"Control","PD"
"3825","SRR18064207",0.148670142886106,0.341083431554631,0.0835454433127433,0.42670098224652,"PD","PD"
"3826","SRR18064209",0.143658852573874,0.16618201109148,0.276647050765436,0.413512085569211,"PD","PD"
"3827","SRR18064210",0.306623471819612,0.0689610622237093,0.543040114145408,0.0813753518112699,"Control","PD"
"3828","SRR18064211",0.0547494080192132,0.266308944401266,0.190426778649766,0.488514868929755,"PD","PD"
"3829","SRR18064214",0.0811174105315625,0.171471636238182,0.201956240596283,0.545454712633973,"PD","PD"
"3830","SRR18064217",0.0217486945709513,0.208614075985256,0.362558753124971,0.407078476318822,"PD","PD"
"3831","SRR18064218",0.300926575151656,0.0964506800751605,0.159881524879841,0.442741219893342,"PD","PD"
"3832","SRR18064220",0.047638595861391,0.480169241728971,0.280506231597023,0.191685930812615,"ASD","PD"
"3833","SRR18064221",0.181425150406722,0.322059825452203,0.136780715677567,0.359734308463508,"PD","PD"
"3834","SRR18064224",0.128379133183305,0.251757972523164,0.477684659979001,0.14217823431453,"Control","PD"
"3835","SRR18064226",0.161410352096058,0.12574412284122,0.105865749580923,0.6069797754818,"PD","PD"
"3836","SRR18064227",0.172698290712995,0.243293781451108,0.323897890297483,0.260110037538415,"Control","PD"
"3837","SRR18064231",0.0524601359214384,0.064656242822006,0.0882815491844835,0.794602072072072,"PD","PD"
"3838","SRR18064233",0.0777382511597882,0.0533087746988116,0.36785347954394,0.501099494597461,"PD","PD"
"3839","SRR18064234",0.221149027512746,0.222989361728482,0.24739510871148,0.308466502047292,"PD","PD"
"3840","SRR18064237",0.0900469028653777,0.246427826322897,0.348689951042084,0.314835319769642,"Control","Control"
"3841","SRR18064239",0.045217484130265,0.392420426587369,0.102990026419147,0.459372062863219,"PD","PD"
"3842","SRR18064240",0.0944382099420391,0.023903083151147,0.849567785184738,0.0320909217220756,"Control","Control"
"3843","SRR18064241",0.0405954008638311,0.145903850582627,0.742473215423421,0.0710275331301203,"Control","PD"
"3844","SRR18064242",0.198692989526604,0.028941335271,0.55035004263634,0.222015632566056,"Control","PD"
"3845","SRR18064243",0.218124964312942,0.26955337240361,0.143781047807934,0.368540615475514,"PD","PD"
"3846","SRR18064244",0.551701267826969,0.370312055464127,0.0518354144622609,0.0261512622466432,"AD","Control"
"3847","SRR18064245",0.0342713294147875,0.206395795780542,0.592186984476612,0.167145890328058,"Control","Control"
"3848","SRR18064246",0.0745217949038866,0.158196615701121,0.303855546573294,0.463426042821698,"PD","Control"
"3849","SRR18064247",0.172083482824379,0.339485496453046,0.0549762158713365,0.433454804851238,"PD","PD"
"3850","SRR18064248",0.0742572746668244,0.0707418107245016,0.603784334157844,0.251216580450829,"Control","PD"
"3851","SRR18064249",0.0884849250538815,0.254741587693449,0.277996855301877,0.378776631950793,"PD","PD"
"3852","SRR18064250",0.168478908143668,0.162113108460372,0.617594409530096,0.0518135738658646,"Control","PD"
"3853","SRR18064251",0.18867060831346,0.533554555999197,0.176908385831818,0.100866449855524,"ASD","Control"
"3854","SRR18064252",0.388691164154618,0.0460473744722943,0.469306281981135,0.0959551793919524,"Control","Control"
"3855","SRR18064253",0.0237245810189241,0.0328534234653634,0.890483487542036,0.0529385079736768,"Control","Control"
"3856","SRR18064254",0.0763104480830946,0.0368940684015736,0.569443194398935,0.317352289116397,"Control","PD"
"3857","SRR18064255",0.228807428625539,0.319446269113856,0.0780509485174674,0.373695353743138,"PD","PD"
"3858","SRR18064256",0.143888076713251,0.184005745767802,0.153655709900622,0.518450467618324,"PD","PD"
"3859","SRR18064257",0.292374012131725,0.525517690034506,0.0430526965398068,0.139055601293962,"ASD","Control"
"3860","SRR18064258",0.553522839917351,0.0847186302463236,0.161310704440134,0.200447825396191,"AD","PD"
"3861","SRR18064259",0.136876774872157,0.490974787436183,0.348160790666963,0.0239876470246966,"ASD","Control"
"3862","SRR18064260",0.158055408280544,0.177030799721098,0.306132750486109,0.358781041512249,"PD","Control"
"3863","SRR18064261",0.145016721323166,0.274306439331448,0.25137341163312,0.329303427712266,"PD","PD"
"3864","SRR18064262",0.111944809036711,0.20680040655079,0.105978060836483,0.575276723576015,"PD","Control"
"3865","SRR18064263",0.0527308000460715,0.0591636026901404,0.0514138486622451,0.836691748601543,"PD","PD"
"3866","SRR18064264",0.138732936263877,0.0152920400970527,0.0360860899635665,0.809888933675503,"PD","PD"
"3867","SRR18064265",0.121152554050882,0.0313524597568621,0.219974011807275,0.627520974384982,"PD","PD"
"3868","SRR18064266",0.379629619371015,0.0806770367420364,0.059251624892925,0.480441718994023,"PD","PD"
"3869","SRR18064267",0.27838240420324,0.306979584329678,0.388657750700433,0.025980260766649,"Control","PD"
"3870","SRR18064268",0.200630094522775,0.257578759939177,0.0762217082386114,0.465569437299436,"PD","PD"
"3871","SRR18064269",0.360014687764885,0.0474184660769285,0.0761933644291403,0.516373481729046,"PD","Control"
"3872","SRR18064270",0.875194010873773,0.0678074354573021,0.0510712621786086,0.00592729149031664,"AD","Control"
"3873","SRR18064271",0.060016991463111,0.125863785205384,0.259313797875003,0.554805425456503,"PD","PD"
"3874","SRR18064272",0.0367583800461721,0.0346732206208408,0.905148330053914,0.0234200692790728,"Control","PD"
"3875","SRR18064273",0.157364136588274,0.224689230566641,0.132399982278656,0.485546650566428,"PD","PD"
"3876","SRR18064274",0.0421136147270778,0.128048643660124,0.712405955577684,0.117431786035114,"Control","Control"
"3877","SRR18064275",0.0351691272056754,0.920391736240021,0.0149750665269798,0.0294640700273243,"ASD","Control"
"3878","SRR18064277",0.234642789241266,0.162846973968319,0.439682661137078,0.162827575653337,"Control","Control"
"3879","SRR18064278",0.0761094812519406,0.0860807057892769,0.0435665530318572,0.794243259926925,"PD","PD"
"3880","SRR18064279",0.304209859222879,0.446107905882297,0.181024823403048,0.0686574114917764,"ASD","PD"
"3881","SRR18064280",0.292063456650257,0.17977945697789,0.0917101187442742,0.436446967627579,"PD","PD"
"3882","SRR18064281",0.0975257759801045,0.387539591482275,0.450128408777147,0.0648062237604732,"Control","Control"
"3883","SRR18064282",0.107151886319898,0.192006114520324,0.417243584314805,0.283598414844972,"Control","Control"
"3884","SRR18064283",0.0819931193973315,0.27372323227282,0.495361050951249,0.148922597378599,"Control","Control"
"3885","SRR18064284",0.187182941396789,0.06321772575809,0.596295626337515,0.153303706507606,"Control","PD"
"3886","SRR18064285",0.0217666587009961,0.13575443021803,0.149250198396101,0.693228712684873,"PD","PD"
"3887","SRR18064286",0.335448019254093,0.0648603398187165,0.475631618918154,0.124060022009036,"Control","PD"
"3888","SRR18064287",0.0738862389506763,0.0523736176667802,0.24501647408986,0.628723669292683,"PD","PD"
"3889","SRR18064288",0.162838167978273,0.677827806138882,0.104889615318375,0.0544444105644703,"ASD","Control"
"3890","SRR18064289",0.193113875033676,0.0542278411872505,0.147073426718176,0.605584857060898,"PD","PD"
"3891","SRR18064290",0.138847203730693,0.0573428500346991,0.601144195549646,0.202665750684962,"Control","Control"
"3892","SRR18064291",0.0634871581612133,0.0903780886896092,0.71705181422402,0.129082938925157,"Control","Control"
"3893","SRR18064292",0.180399765193173,0.057766765659428,0.714207218445564,0.0476262507018344,"Control","Control"
"3894","SRR18064293",0.0103997232618704,0.251830239403113,0.514644376116026,0.22312566121899,"Control","PD"
"3895","SRR18064294",0.161741304294351,0.181289597347913,0.106427959540201,0.550541138817535,"PD","PD"
"3896","SRR18064295",0.210835945433574,0.121568063581732,0.490639736420358,0.176956254564336,"Control","PD"
"3897","SRR18064296",0.357960134354428,0.107666320293493,0.0114645356696389,0.522909009682441,"PD","Control"
"3898","SRR18064297",0.0784382436108811,0.161853880288374,0.343599756519926,0.416108119580818,"PD","Control"
"3899","SRR18064298",0.0726775979846249,0.0857738099847786,0.386619065007956,0.454929527022641,"PD","PD"
"3900","SRR18064299",0.112593194473427,0.164411440672547,0.121547977125904,0.601447387728123,"PD","Control"
"3901","SRR18064300",0.220642360054067,0.105493876739572,0.207746695412481,0.46611706779388,"PD","PD"
"3902","SRR18064301",0.0999404826101704,0.210126672812864,0.118068327437002,0.571864517139963,"PD","PD"
"3903","SRR18064302",0.11848401018079,0.118856549427906,0.34904966690344,0.413609773487863,"PD","PD"
"3904","SRR18064303",0.0175355253308883,0.254002483227626,0.191699219994006,0.536762771447479,"PD","PD"
"3905","SRR18064304",0.118325275907789,0.418673341835349,0.110251987830442,0.35274939442642,"ASD","PD"
"3906","SRR18064305",0.103767640146044,0.0802426622188163,0.0521232207883838,0.763866476846756,"PD","PD"
"3907","SRR18064306",0.23909741176861,0.200438219131094,0.40599908861588,0.154465280484416,"Control","Control"
"3908","SRR18064307",0.0596514808537151,0.27921802907448,0.614416717849184,0.0467137722226204,"Control","Control"
"3909","SRR18064308",0.344403464109061,0.0357208304410717,0.434354793708909,0.185520911740958,"Control","Control"
"3910","SRR18064309",0.164452626331012,0.111480135886801,0.596404800890235,0.127662436891952,"Control","Control"
"3911","SRR18064310",0.142427092921138,0.217362315202863,0.388126353026732,0.252084238849267,"Control","Control"
"3912","SRR18064311",0.0901608598315773,0.0818215682608973,0.696531675685506,0.131485896222019,"Control","Control"
"3913","SRR18064312",0.150908793260925,0.326837436107681,0.136947262249584,0.38530650838181,"PD","PD"
"3914","SRR18064314",0.116704579610595,0.194422327296872,0.0879985935968864,0.600874499495647,"PD","PD"
"3915","SRR18064315",0.367260401009158,0.112061521083152,0.319971354865589,0.200706723042101,"AD","PD"
"3916","SRR18064316",0.161792046401375,0.0209525231344982,0.368518053379549,0.448737377084578,"PD","Control"
"3917","SRR18064317",0.171605242778033,0.178866072310659,0.413575016499868,0.23595366841144,"Control","Control"
"3918","SRR18064318",0.331886539801134,0.109756580989444,0.463992420905788,0.0943644583036342,"Control","Control"
"3919","SRR18064319",0.0178153278648912,0.221468452133408,0.140172414916576,0.620543805085125,"PD","PD"
"3920","SRR18064320",0.177971031982339,0.310986239468443,0.424086257974201,0.0869564705750171,"Control","PD"
"3921","SRR18064321",0.172360241261156,0.356685379422008,0.165194085542242,0.305760293774594,"ASD","PD"
"3922","SRR18064322",0.265613054286616,0.324380667066333,0.37601967583314,0.0339866028139114,"Control","Control"
"3923","SRR18064323",0.261296963796854,0.233060900078382,0.326672086005497,0.178970050119266,"Control","Control"
"3924","SRR18064324",0.0787138907868794,0.382643116236581,0.328540319900273,0.210102673076267,"ASD","PD"
"3925","SRR18064325",0.160741704350347,0.145878270674482,0.468916929419786,0.224463095555385,"Control","Control"
"3926","SRR18064326",0.168283257779602,0.0244032849083325,0.0663208652683567,0.740992592043709,"PD","PD"
"3927","SRR18064327",0.136827087037021,0.212081977685189,0.467536133983076,0.183554801294714,"Control","PD"
"3928","SRR18064328",0.153531248701432,0.139404879383777,0.110030631736194,0.597033240178598,"PD","PD"
"3929","SRR18064329",0.229852063026131,0.165677195709793,0.382860064535677,0.221610676728398,"Control","Control"
"3930","SRR18064330",0.134531837330509,0.124291391252033,0.680575079167821,0.0606016922496376,"Control","Control"
"3931","SRR18064331",0.209041470310275,0.201561513397783,0.0471707462627495,0.542226270029192,"PD","Control"
"3932","SRR18064332",0.18932990514955,0.289918016555406,0.0980781029572236,0.42267397533782,"PD","PD"
"3933","SRR18064333",0.122394788440015,0.042734393537848,0.35799586447142,0.476874953550717,"PD","PD"
"3934","SRR18064334",0.290244503651774,0.0368540221793787,0.443927401678855,0.228974072489992,"Control","Control"
"3935","SRR18064335",0.233705408984472,0.0324625959869114,0.548339420914543,0.185492574114074,"Control","Control"
"3936","SRR18064336",0.090905408165665,0.303984668421379,0.145115396807122,0.459994526605834,"PD","Control"
"3937","SRR18064337",0.138237348930651,0.0703649387385771,0.663570711449646,0.127827000881126,"Control","PD"
"3938","SRR18064338",0.10028637769933,0.173229727121671,0.162721103876628,0.56376279130237,"PD","PD"
"3939","SRR18064339",0.0696588455902432,0.040487894876641,0.0243414022491244,0.865511857283991,"PD","PD"
"3940","SRR18064340",0.161880474188733,0.361796546727442,0.050756940840282,0.425566038243544,"PD","PD"
"3941","SRR18064341",0.0951572507570499,0.0737735417782582,0.717936762345072,0.11313244511962,"Control","Control"
"3942","SRR18064342",0.131571785399645,0.251314806050442,0.447254918022763,0.169858490527149,"Control","Control"
"3943","SRR18064343",0.225373148665052,0.0763783313410413,0.380051459421504,0.318197060572403,"Control","Control"
"3944","SRR18064344",0.167398022207239,0.201973364803039,0.389429795678996,0.241198817310726,"Control","PD"
"3945","SRR18064345",0.0254325197108864,0.814347071822542,0.0694870527933766,0.0907333556731947,"ASD","PD"
"3946","SRR18064346",0.347158491068946,0.186525513729902,0.0541617744553569,0.412154220745795,"PD","PD"
"3947","SRR18064347",0.398539165641115,0.0325185482997178,0.0177200484336523,0.551222237625515,"PD","Control"
"3948","SRR18064348",0.0364491502076397,0.643321975316066,0.028964971566572,0.291263902909723,"ASD","Control"
"3949","SRR18064349",0.0181555422630792,0.504063556143706,0.19579657267853,0.281984328914685,"ASD","Control"
"3950","SRR18064351",0.0819231074895563,0.0663565119651528,0.224923200887245,0.626797179658046,"PD","PD"
"3951","SRR18064352",0.273763066346338,0.0985230217734904,0.0855815253868158,0.542132386493356,"PD","PD"
"3952","SRR18064353",0.113794020108317,0.21728451914924,0.172551306821952,0.496370153920491,"PD","PD"
"3953","SRR18064354",0.0412838641422847,0.226519111811587,0.316447544940171,0.415749479105957,"PD","PD"
"3954","SRR18064355",0.130125602458308,0.195830094493335,0.143604442799288,0.530439860249069,"PD","PD"
"3955","SRR18064356",0.0474149515023092,0.101627311497393,0.0499289802285198,0.801028756771778,"PD","PD"
"3956","SRR18064357",0.106969094302388,0.36893586803769,0.0566725230738578,0.467422514586064,"PD","Control"
"3957","SRR18064358",0.0441172372525218,0.560137629075478,0.304505323200259,0.0912398104717414,"ASD","Control"
"3958","SRR18064359",0.20296719673819,0.205543402625447,0.456847390733762,0.134642009902601,"Control","Control"
"3959","SRR18064360",0.12931620238084,0.117358790594331,0.647836839915537,0.105488167109292,"Control","Control"
"3960","SRR18064361",0.118570125311365,0.182365074764307,0.0634142270955202,0.635650572828808,"PD","PD"
"3961","SRR18064362",0.130334740802244,0.0853795107064587,0.612172229147534,0.172113519343764,"Control","Control"
"3962","SRR18064363",0.219946275123817,0.100350120983163,0.450755978629841,0.228947625263179,"Control","PD"
"3963","SRR18064364",0.196875724078112,0.140149110965037,0.0547360070974568,0.608239157859394,"PD","PD"
"3964","SRR18064365",0.316418888973773,0.0252021248657776,0.298414388081196,0.359964598079254,"PD","Control"
"3965","SRR18064366",0.266327771017208,0.214823540361513,0.324099096086447,0.194749592534832,"Control","Control"
"3966","SRR18064367",0.120999830173515,0.0685198276688338,0.729459074901466,0.0810212672561848,"Control","Control"
"3967","SRR18064368",0.063570424879351,0.0779711981601734,0.188950690978456,0.66950768598202,"PD","PD"
"3968","SRR18064369",0.202235280853973,0.131773586669814,0.454366523238056,0.211624609238157,"Control","PD"
"3969","SRR18064370",0.073443578544519,0.0862626143479817,0.582598877290017,0.257694929817482,"Control","PD"
"3970","SRR18064371",0.0502738648347464,0.387944343876939,0.256434812956112,0.305346978332203,"ASD","Control"
"3971","SRR18064372",0.177805782454654,0.0722936230318248,0.606936071129242,0.14296452338428,"Control","PD"
"3972","SRR18064373",0.183447803004476,0.108508267356096,0.577536627828942,0.130507301810486,"Control","Control"
"3973","SRR18064374",0.145472884028852,0.287427031775564,0.409619545413548,0.157480538782035,"Control","Control"
"3974","SRR18064375",0.300294619691611,0.124082123769896,0.225211851278046,0.350411405260447,"PD","PD"
"3975","SRR18064376",0.172911351014389,0.267730772325487,0.210955916747205,0.348401959912919,"PD","PD"
"3976","SRR18064377",0.164253265937606,0.352254249471143,0.0729969345207597,0.410495550070491,"PD","PD"
"3977","SRR18064378",0.185609943576387,0.0767323826877069,0.0244910361743979,0.713166637561508,"PD","PD"
"3978","SRR18064379",0.128936708851095,0.0546636772913718,0.382395410218992,0.434004203638542,"PD","PD"
"3979","SRR18064382",0.132561914158396,0.0876302285599166,0.741651488102923,0.0381563691787644,"Control","PD"
"3980","SRR18064385",0.41304939445085,0.0771033214267714,0.0287097739474285,0.48113751017495,"PD","PD"
"3981","SRR18064386",0.222403121954086,0.278570379144023,0.419951313660188,0.0790751852417034,"Control","PD"
"3982","SRR18064389",0.106284672405292,0.105625159198442,0.102154119823844,0.685936048572421,"PD","PD"
"3983","SRR18064391",0.0900855740570632,0.294155374531529,0.270741377421892,0.345017673989516,"PD","PD"
"3984","SRR18064392",0.090711044485919,0.0492991947361393,0.716242689295365,0.143747071482577,"Control","PD"
"3985","SRR18064396",0.133624691335972,0.103816257116226,0.655439522249744,0.107119529298058,"Control","PD"
"3986","SRR5431337",0.257617023301282,0.204569985478969,0.248249387341212,0.289563603878537,"PD","PD"
"3987","SRR5431338",0.290230459629443,0.0906459361429546,0.120836671281269,0.498286932946333,"PD","PD"
"3988","SRR5431339",0.0449126484483803,0.164716124000631,0.650152341859625,0.140218885691364,"Control","PD"
"3989","SRR5431340",0.282115850329819,0.0444941182681747,0.527980191327644,0.145409840074363,"Control","PD"
"3990","SRR5431341",0.0847758267419136,0.202817175969082,0.197205521750808,0.515201475538197,"PD","PD"
"3991","SRR5431342",0.0873035314372055,0.0975467278799568,0.19484094520536,0.620308795477478,"PD","PD"
"3992","SRR5431343",0.0599788703110918,0.113524363518985,0.235128340814577,0.591368425355346,"PD","PD"
"3993","SRR5431344",0.155777503474408,0.0689486893044839,0.703865306659479,0.0714085005616292,"Control","PD"
"3994","SRR5431345",0.0436428197499498,0.328612356920723,0.0902931681227865,0.537451655206541,"PD","PD"
"3995","SRR5431346",0.158256882105189,0.204474028021482,0.127346603124436,0.509922486748893,"PD","PD"
"3996","SRR5431347",0.141391806869223,0.21139183462156,0.0845959066758383,0.562620451833379,"PD","PD"
"3997","SRR5431348",0.0279473802721328,0.0402313858700961,0.0128997602736435,0.918921473584128,"PD","PD"
"3998","SRR5431349",0.0430903565124436,0.346137538740007,0.149204739686771,0.461567365060778,"PD","PD"
"3999","SRR5431350",0.0584862204640027,0.062142735899544,0.391943598226739,0.487427445409714,"PD","PD"
"4000","SRR5431351",0.167381249834079,0.195979030176723,0.0966651449320928,0.539974575057106,"PD","PD"
"4001","SRR5431352",0.166402026610492,0.00924678198329433,0.157348412152162,0.667002779254052,"PD","PD"
"4002","SRR5431353",0.0234984562504804,0.279547065698656,0.0765454896470278,0.620408988403836,"PD","PD"
"4003","SRR5431354",0.10326749494758,0.70063134861443,0.123055387834986,0.0730457686030039,"ASD","PD"
"4004","SRR5431355",0.129658540421952,0.136814735643233,0.0345993227051997,0.698927401229615,"PD","PD"
"4005","SRR5431356",0.0358741052053909,0.301022404473821,0.306573785173174,0.356529705147614,"PD","PD"
"4006","SRR5431357",0.383310363099803,0.31543447647146,0.170534577417638,0.130720583011099,"AD","PD"
"4007","SRR5431358",0.111736252022828,0.091934054885118,0.115404886794686,0.680924806297368,"PD","PD"
"4008","SRR5431359",0.180163780558197,0.19805720718649,0.0731715265324108,0.548607485722902,"PD","PD"
"4009","SRR5431360",0.0404149067113499,0.0868426712696066,0.398563381799693,0.47417904021935,"PD","PD"
"4010","SRR5431361",0.0810677031194844,0.126142013739068,0.233262209960564,0.559528073180884,"PD","PD"
"4011","SRR5431362",0.0605030335350358,0.15629769256429,0.0559151489435864,0.727284124957088,"PD","PD"
"4012","SRR5431363",0.214378679961811,0.187896373588479,0.516655756230417,0.081069190219293,"Control","Control"
"4013","SRR5431364",0.289028930895063,0.260062330982932,0.422434552982593,0.0284741851394113,"Control","Control"
"4014","SRR5431365",0.0919287681146525,0.296658523267257,0.0953496483404068,0.516063060277684,"PD","Control"
"4015","SRR5431366",0.372106390834299,0.081888285694073,0.44278128813148,0.103224035340148,"Control","Control"
"4016","SRR5431367",0.0683563482785614,0.0577868359207802,0.485380148172236,0.388476667628423,"Control","Control"
"4017","SRR5431368",0.14320242116896,0.10699632091454,0.665541515350605,0.0842597425658948,"Control","Control"
"4018","SRR5431369",0.107385195048681,0.286850919495644,0.320252016512311,0.285511868943365,"Control","Control"
"4019","SRR5431370",0.0269824065122478,0.338686839780087,0.464479093764484,0.169851659943181,"Control","Control"
"4020","SRR5431371",0.0622296890455611,0.268309415252607,0.0202865656497888,0.649174330052043,"PD","Control"
"4021","SRR5431372",0.130060712635678,0.229122422798948,0.536315972733211,0.104500891832163,"Control","Control"
"4022","SRR5431373",0.305673114094683,0.167124442168305,0.44352788046016,0.0836745632768518,"Control","Control"
"4023","SRR5431374",0.123777761097715,0.298547868048608,0.487342289845853,0.0903320810078233,"Control","Control"
"4024","SRR5431375",0.168810111049565,0.0906325101801148,0.619475115511945,0.121082263258376,"Control","Control"
"4025","SRR5431376",0.197529392393724,0.14798083748365,0.582933495873779,0.0715562742488465,"Control","Control"
"4026","SRR5431377",0.0634119167442597,0.691026157687315,0.216013043382837,0.0295488821855883,"ASD","Control"
"4027","SRR5431378",0.0253716420535976,0.114716908258096,0.570662263860683,0.289249185827623,"Control","Control"
"4028","SRR5431379",0.0851208117876626,0.225490655602542,0.129652513801203,0.559736018808593,"PD","Control"
"4029","SRR5431380",0.314494263012262,0.144429971105348,0.174141729503311,0.366934036379079,"PD","Control"
"4030","SRR5431381",0.125601385544107,0.231766413661369,0.551249203260523,0.0913829975340019,"Control","Control"
"4031","SRR5431382",0.379279366291041,0.116012226040554,0.455498376746858,0.0492100309215475,"Control","Control"
"4032","SRR5431383",0.291266504074656,0.143580768510625,0.349729847974956,0.215422879439764,"Control","Control"
"4033","SRR5431384",0.102661154574701,0.0639963762966529,0.480857568737582,0.352484900391064,"Control","Control"
"4034","SRR5431385",0.243320018223338,0.0448338196958642,0.47514322714206,0.236702934938738,"Control","Control"
"4035","SRR5431386",0.140251118568402,0.045872358113312,0.696667011567791,0.117209511750494,"Control","Control"
"4036","SRR5431387",0.33995114671563,0.0339753958395581,0.404053684809271,0.222019772635541,"Control","Control"
"4037","SRR5431388",0.0190034460231836,0.0470659733499357,0.0585138080237617,0.875416772603119,"PD","Control"
"4038","SRR5431389",0.486914487212768,0.236797911719897,0.159084286869593,0.117203314197743,"AD","Control"
"4039","SRR5431390",0.248338474488629,0.0526974336164278,0.644556638337131,0.0544074535578121,"Control","Control"
"4040","SRR5431391",0.27344757477735,0.488970088595646,0.204881009700515,0.0327013269264894,"ASD","Control"
"4041","SRR5431392",0.345501689813682,0.0360811791634776,0.221891733524834,0.396525397498006,"PD","Control"
"4042","SRR5431393",0.0157838059940258,0.0948674629270145,0.882290711326962,0.0070580197519977,"Control","Control"
"4043","SRR5431394",0.0852107014199646,0.378699490137215,0.510791293697022,0.025298514745798,"Control","Control"
"4044","SRR5431395",0.31221653320375,0.372296959192175,0.0724501769887956,0.243036330615279,"ASD","Control"
"4045","SRR5431396",0.0949578312587777,0.227167462292518,0.578920830484761,0.0989538759639437,"Control","Control"
"4046","SRR5431397",0.171404725256368,0.0555948945576253,0.264733001068618,0.508267379117389,"PD","Control"
"4047","SRR5431398",0.21885127233367,0.1027628076859,0.103095320473013,0.575290599507417,"PD","Control"
"4048","SRR5431399",0.343985266752183,0.148842155018578,0.460580194613729,0.0465923836155094,"Control","Control"
"4049","SRR5431400",0.103434122807058,0.214202515372885,0.583391707357455,0.0989716544626024,"Control","Control"
